2026-09-15 08:52:37.255 | INFO     | __main__:main:54 - Log file: ./logs/generalization_ct_imagenet_to_beans_resnet18_seed42.log
2026-09-15 08:52:37.257 | INFO     | __main__:main:58 - Running on cuda
2026-09-15 08:52:38.354 | INFO     | __main__:main:85 - Testing baseline...
2026-09-15 08:52:38.369 | INFO     | __main__:main:88 - Number of trainable parameters: 1539
2026-09-15 08:52:38.369 | INFO     | __main__:main:89 - Starting transfer learning...
2026-09-15 08:52:47.906 | INFO     | train:train_epoch:47 - Epoch 1, Step 0, Loss: 1.203847, Accuracy: 31.25%
2026-09-15 08:52:48.232 | INFO     | train:test_epoch:90 - Epoch 1, Val Loss: 0.816237, Val Accuracy: 69.92%
2026-09-15 08:52:48.233 | INFO     | train:linear_probe:190 - New best validation accuracy: 69.92 at epoch 1
2026-09-15 08:52:48.369 | INFO     | train:train_epoch:47 - Epoch 2, Step 0, Loss: 0.822839, Accuracy: 71.88%
2026-09-15 08:52:48.731 | INFO     | train:test_epoch:90 - Epoch 2, Val Loss: 0.568159, Val Accuracy: 80.45%
2026-09-15 08:52:48.732 | INFO     | train:linear_probe:190 - New best validation accuracy: 80.45 at epoch 2
2026-09-15 08:52:48.874 | INFO     | train:train_epoch:47 - Epoch 3, Step 0, Loss: 0.485905, Accuracy: 81.25%
2026-09-15 08:52:49.256 | INFO     | train:test_epoch:90 - Epoch 3, Val Loss: 0.472957, Val Accuracy: 85.71%
2026-09-15 08:52:49.257 | INFO     | train:linear_probe:190 - New best validation accuracy: 85.71 at epoch 3
2026-09-15 08:52:49.418 | INFO     | train:train_epoch:47 - Epoch 4, Step 0, Loss: 0.585485, Accuracy: 75.00%
2026-09-15 08:52:49.803 | INFO     | train:test_epoch:90 - Epoch 4, Val Loss: 0.430026, Val Accuracy: 84.96%
2026-09-15 08:52:49.955 | INFO     | train:train_epoch:47 - Epoch 5, Step 0, Loss: 0.270999, Accuracy: 96.88%
2026-09-15 08:52:50.330 | INFO     | train:test_epoch:90 - Epoch 5, Val Loss: 0.402902, Val Accuracy: 86.47%
2026-09-15 08:52:50.331 | INFO     | train:linear_probe:190 - New best validation accuracy: 86.47 at epoch 5
2026-09-15 08:52:50.505 | INFO     | train:train_epoch:47 - Epoch 6, Step 0, Loss: 0.437159, Accuracy: 87.50%
2026-09-15 08:52:50.876 | INFO     | train:test_epoch:90 - Epoch 6, Val Loss: 0.356625, Val Accuracy: 87.97%
2026-09-15 08:52:50.877 | INFO     | train:linear_probe:190 - New best validation accuracy: 87.97 at epoch 6
2026-09-15 08:52:51.022 | INFO     | train:train_epoch:47 - Epoch 7, Step 0, Loss: 0.337672, Accuracy: 87.50%
2026-09-15 08:52:51.387 | INFO     | train:test_epoch:90 - Epoch 7, Val Loss: 0.336851, Val Accuracy: 88.72%
2026-09-15 08:52:51.388 | INFO     | train:linear_probe:190 - New best validation accuracy: 88.72 at epoch 7
2026-09-15 08:52:51.532 | INFO     | train:train_epoch:47 - Epoch 8, Step 0, Loss: 0.338740, Accuracy: 93.75%
2026-09-15 08:52:51.870 | INFO     | train:test_epoch:90 - Epoch 8, Val Loss: 0.320626, Val Accuracy: 88.72%
2026-09-15 08:52:52.004 | INFO     | train:train_epoch:47 - Epoch 9, Step 0, Loss: 0.325802, Accuracy: 90.62%
2026-09-15 08:52:52.356 | INFO     | train:test_epoch:90 - Epoch 9, Val Loss: 0.304954, Val Accuracy: 88.72%
2026-09-15 08:52:52.509 | INFO     | train:train_epoch:47 - Epoch 10, Step 0, Loss: 0.198910, Accuracy: 96.88%
2026-09-15 08:52:52.914 | INFO     | train:test_epoch:90 - Epoch 10, Val Loss: 0.288471, Val Accuracy: 88.72%
2026-09-15 08:52:53.052 | INFO     | train:train_epoch:47 - Epoch 11, Step 0, Loss: 0.274782, Accuracy: 93.75%
2026-09-15 08:52:53.430 | INFO     | train:test_epoch:90 - Epoch 11, Val Loss: 0.284789, Val Accuracy: 90.23%
2026-09-15 08:52:53.431 | INFO     | train:linear_probe:190 - New best validation accuracy: 90.23 at epoch 11
2026-09-15 08:52:53.554 | INFO     | train:train_epoch:47 - Epoch 12, Step 0, Loss: 0.198772, Accuracy: 96.88%
2026-09-15 08:52:53.900 | INFO     | train:test_epoch:90 - Epoch 12, Val Loss: 0.283016, Val Accuracy: 90.23%
2026-09-15 08:52:54.104 | INFO     | train:train_epoch:47 - Epoch 13, Step 0, Loss: 0.235499, Accuracy: 93.75%
2026-09-15 08:52:54.670 | INFO     | train:test_epoch:90 - Epoch 13, Val Loss: 0.282541, Val Accuracy: 89.47%
2026-09-15 08:52:54.885 | INFO     | train:train_epoch:47 - Epoch 14, Step 0, Loss: 0.242724, Accuracy: 90.62%
2026-09-15 08:52:55.378 | INFO     | train:test_epoch:90 - Epoch 14, Val Loss: 0.281232, Val Accuracy: 90.23%
2026-09-15 08:52:55.578 | INFO     | train:train_epoch:47 - Epoch 15, Step 0, Loss: 0.322793, Accuracy: 93.75%
2026-09-15 08:52:56.102 | INFO     | train:test_epoch:90 - Epoch 15, Val Loss: 0.280733, Val Accuracy: 89.47%
2026-09-15 08:52:56.308 | INFO     | train:train_epoch:47 - Epoch 16, Step 0, Loss: 0.248524, Accuracy: 96.88%
2026-09-15 08:52:56.851 | INFO     | train:test_epoch:90 - Epoch 16, Val Loss: 0.278282, Val Accuracy: 89.47%
2026-09-15 08:52:57.065 | INFO     | train:train_epoch:47 - Epoch 17, Step 0, Loss: 0.235192, Accuracy: 93.75%
2026-09-15 08:52:57.524 | INFO     | train:test_epoch:90 - Epoch 17, Val Loss: 0.276881, Val Accuracy: 90.23%
2026-09-15 08:52:57.655 | INFO     | train:train_epoch:47 - Epoch 18, Step 0, Loss: 0.186693, Accuracy: 100.00%
2026-09-15 08:52:58.006 | INFO     | train:test_epoch:90 - Epoch 18, Val Loss: 0.276723, Val Accuracy: 90.23%
2026-09-15 08:52:58.143 | INFO     | train:train_epoch:47 - Epoch 19, Step 0, Loss: 0.176159, Accuracy: 93.75%
2026-09-15 08:52:58.481 | INFO     | train:test_epoch:90 - Epoch 19, Val Loss: 0.277596, Val Accuracy: 90.23%
2026-09-15 08:52:58.621 | INFO     | train:train_epoch:47 - Epoch 20, Step 0, Loss: 0.316049, Accuracy: 93.75%
2026-09-15 08:52:58.979 | INFO     | train:test_epoch:90 - Epoch 20, Val Loss: 0.273924, Val Accuracy: 89.47%
2026-09-15 08:53:00.140 | INFO     | train:test_epoch:100 - Loss: 0.340783, Accuracy: 89.06%
2026-09-15 08:53:00.140 | INFO     | __main__:main:92 - Baseline Accuracy: 89.06%
2026-09-15 08:53:00.203 | INFO     | __main__:main:95 - Baseline model saved to ./ckpts/base_imagenet_to_beans_resnet18_seed42.pth
2026-09-15 08:53:00.211 | INFO     | __main__:main:123 - Testing CT with beta: 0.70
2026-09-15 08:53:00.259 | INFO     | __main__:main:129 - Number of trainable parameters: 1539
2026-09-15 08:53:00.259 | INFO     | __main__:main:130 - Starting transfer learning...
2026-09-15 08:53:08.023 | INFO     | train:train_epoch:47 - Epoch 1, Step 0, Loss: 1.427985, Accuracy: 31.25%
2026-09-15 08:53:08.602 | INFO     | train:test_epoch:90 - Epoch 1, Val Loss: 0.808674, Val Accuracy: 78.20%
2026-09-15 08:53:08.603 | INFO     | train:linear_probe:190 - New best validation accuracy: 78.20 at epoch 1
2026-09-15 08:53:08.806 | INFO     | train:train_epoch:47 - Epoch 2, Step 0, Loss: 0.859879, Accuracy: 65.62%
2026-09-15 08:53:09.358 | INFO     | train:test_epoch:90 - Epoch 2, Val Loss: 0.525544, Val Accuracy: 85.71%
2026-09-15 08:53:09.359 | INFO     | train:linear_probe:190 - New best validation accuracy: 85.71 at epoch 2
2026-09-15 08:53:09.605 | INFO     | train:train_epoch:47 - Epoch 3, Step 0, Loss: 0.546373, Accuracy: 75.00%
2026-09-15 08:53:10.161 | INFO     | train:test_epoch:90 - Epoch 3, Val Loss: 0.460046, Val Accuracy: 87.97%
2026-09-15 08:53:10.163 | INFO     | train:linear_probe:190 - New best validation accuracy: 87.97 at epoch 3
2026-09-15 08:53:10.366 | INFO     | train:train_epoch:47 - Epoch 4, Step 0, Loss: 0.411100, Accuracy: 90.62%
2026-09-15 08:53:10.973 | INFO     | train:test_epoch:90 - Epoch 4, Val Loss: 0.402092, Val Accuracy: 87.97%
2026-09-15 08:53:11.169 | INFO     | train:train_epoch:47 - Epoch 5, Step 0, Loss: 0.327897, Accuracy: 90.62%
2026-09-15 08:53:11.529 | INFO     | train:test_epoch:90 - Epoch 5, Val Loss: 0.359082, Val Accuracy: 87.22%
2026-09-15 08:53:11.666 | INFO     | train:train_epoch:47 - Epoch 6, Step 0, Loss: 0.640095, Accuracy: 71.88%
2026-09-15 08:53:12.039 | INFO     | train:test_epoch:90 - Epoch 6, Val Loss: 0.336629, Val Accuracy: 87.97%
2026-09-15 08:53:12.185 | INFO     | train:train_epoch:47 - Epoch 7, Step 0, Loss: 0.412421, Accuracy: 81.25%
2026-09-15 08:53:12.561 | INFO     | train:test_epoch:90 - Epoch 7, Val Loss: 0.335032, Val Accuracy: 89.47%
2026-09-15 08:53:12.562 | INFO     | train:linear_probe:190 - New best validation accuracy: 89.47 at epoch 7
2026-09-15 08:53:12.713 | INFO     | train:train_epoch:47 - Epoch 8, Step 0, Loss: 0.320420, Accuracy: 87.50%
2026-09-15 08:53:13.084 | INFO     | train:test_epoch:90 - Epoch 8, Val Loss: 0.306550, Val Accuracy: 89.47%
2026-09-15 08:53:13.226 | INFO     | train:train_epoch:47 - Epoch 9, Step 0, Loss: 0.431425, Accuracy: 87.50%
2026-09-15 08:53:13.564 | INFO     | train:test_epoch:90 - Epoch 9, Val Loss: 0.296612, Val Accuracy: 88.72%
2026-09-15 08:53:13.702 | INFO     | train:train_epoch:47 - Epoch 10, Step 0, Loss: 0.220070, Accuracy: 96.88%
2026-09-15 08:53:14.078 | INFO     | train:test_epoch:90 - Epoch 10, Val Loss: 0.277264, Val Accuracy: 89.47%
2026-09-15 08:53:14.217 | INFO     | train:train_epoch:47 - Epoch 11, Step 0, Loss: 0.393201, Accuracy: 81.25%
2026-09-15 08:53:14.561 | INFO     | train:test_epoch:90 - Epoch 11, Val Loss: 0.283318, Val Accuracy: 90.23%
2026-09-15 08:53:14.562 | INFO     | train:linear_probe:190 - New best validation accuracy: 90.23 at epoch 11
2026-09-15 08:53:14.714 | INFO     | train:train_epoch:47 - Epoch 12, Step 0, Loss: 0.327870, Accuracy: 87.50%
2026-09-15 08:53:15.083 | INFO     | train:test_epoch:90 - Epoch 12, Val Loss: 0.278014, Val Accuracy: 89.47%
2026-09-15 08:53:15.225 | INFO     | train:train_epoch:47 - Epoch 13, Step 0, Loss: 0.369121, Accuracy: 87.50%
2026-09-15 08:53:15.577 | INFO     | train:test_epoch:90 - Epoch 13, Val Loss: 0.278139, Val Accuracy: 89.47%
2026-09-15 08:53:15.724 | INFO     | train:train_epoch:47 - Epoch 14, Step 0, Loss: 0.231288, Accuracy: 96.88%
2026-09-15 08:53:16.088 | INFO     | train:test_epoch:90 - Epoch 14, Val Loss: 0.277428, Val Accuracy: 90.23%
2026-09-15 08:53:16.225 | INFO     | train:train_epoch:47 - Epoch 15, Step 0, Loss: 0.267530, Accuracy: 87.50%
2026-09-15 08:53:16.589 | INFO     | train:test_epoch:90 - Epoch 15, Val Loss: 0.276950, Val Accuracy: 90.23%
2026-09-15 08:53:16.735 | INFO     | train:train_epoch:47 - Epoch 16, Step 0, Loss: 0.284514, Accuracy: 90.62%
2026-09-15 08:53:17.116 | INFO     | train:test_epoch:90 - Epoch 16, Val Loss: 0.276907, Val Accuracy: 90.23%
2026-09-15 08:53:17.238 | INFO     | train:train_epoch:47 - Epoch 17, Step 0, Loss: 0.288826, Accuracy: 87.50%
2026-09-15 08:53:17.606 | INFO     | train:test_epoch:90 - Epoch 17, Val Loss: 0.272674, Val Accuracy: 89.47%
2026-09-15 08:53:17.749 | INFO     | train:train_epoch:47 - Epoch 18, Step 0, Loss: 0.316101, Accuracy: 90.62%
2026-09-15 08:53:18.113 | INFO     | train:test_epoch:90 - Epoch 18, Val Loss: 0.276547, Val Accuracy: 90.98%
2026-09-15 08:53:18.114 | INFO     | train:linear_probe:190 - New best validation accuracy: 90.98 at epoch 18
2026-09-15 08:53:18.268 | INFO     | train:train_epoch:47 - Epoch 19, Step 0, Loss: 0.411721, Accuracy: 90.62%
2026-09-15 08:53:18.639 | INFO     | train:test_epoch:90 - Epoch 19, Val Loss: 0.273183, Val Accuracy: 90.23%
2026-09-15 08:53:18.784 | INFO     | train:train_epoch:47 - Epoch 20, Step 0, Loss: 0.242666, Accuracy: 87.50%
2026-09-15 08:53:19.153 | INFO     | train:test_epoch:90 - Epoch 20, Val Loss: 0.271504, Val Accuracy: 90.23%
2026-09-15 08:53:19.154 | INFO     | __main__:main:134 - Best validation accuracy for beta 0.70: 90.98%
2026-09-15 08:53:19.167 | INFO     | __main__:main:123 - Testing CT with beta: 0.71
2026-09-15 08:53:19.183 | INFO     | __main__:main:129 - Number of trainable parameters: 1539
2026-09-15 08:53:19.183 | INFO     | __main__:main:130 - Starting transfer learning...
2026-09-15 08:53:28.234 | INFO     | train:train_epoch:47 - Epoch 1, Step 0, Loss: 1.202953, Accuracy: 28.12%
2026-09-15 08:53:28.659 | INFO     | train:test_epoch:90 - Epoch 1, Val Loss: 0.724786, Val Accuracy: 75.19%
2026-09-15 08:53:28.660 | INFO     | train:linear_probe:190 - New best validation accuracy: 75.19 at epoch 1
2026-09-15 08:53:28.815 | INFO     | train:train_epoch:47 - Epoch 2, Step 0, Loss: 0.643788, Accuracy: 78.12%
2026-09-15 08:53:29.183 | INFO     | train:test_epoch:90 - Epoch 2, Val Loss: 0.524603, Val Accuracy: 82.71%
2026-09-15 08:53:29.184 | INFO     | train:linear_probe:190 - New best validation accuracy: 82.71 at epoch 2
2026-09-15 08:53:29.322 | INFO     | train:train_epoch:47 - Epoch 3, Step 0, Loss: 0.464045, Accuracy: 81.25%
2026-09-15 08:53:29.695 | INFO     | train:test_epoch:90 - Epoch 3, Val Loss: 0.424370, Val Accuracy: 84.96%
2026-09-15 08:53:29.696 | INFO     | train:linear_probe:190 - New best validation accuracy: 84.96 at epoch 3
2026-09-15 08:53:29.845 | INFO     | train:train_epoch:47 - Epoch 4, Step 0, Loss: 0.415471, Accuracy: 81.25%
2026-09-15 08:53:30.206 | INFO     | train:test_epoch:90 - Epoch 4, Val Loss: 0.406111, Val Accuracy: 88.72%
2026-09-15 08:53:30.207 | INFO     | train:linear_probe:190 - New best validation accuracy: 88.72 at epoch 4
2026-09-15 08:53:30.355 | INFO     | train:train_epoch:47 - Epoch 5, Step 0, Loss: 0.539964, Accuracy: 68.75%
2026-09-15 08:53:30.791 | INFO     | train:test_epoch:90 - Epoch 5, Val Loss: 0.357900, Val Accuracy: 90.23%
2026-09-15 08:53:30.792 | INFO     | train:linear_probe:190 - New best validation accuracy: 90.23 at epoch 5
2026-09-15 08:53:30.923 | INFO     | train:train_epoch:47 - Epoch 6, Step 0, Loss: 0.282503, Accuracy: 93.75%
2026-09-15 08:53:31.272 | INFO     | train:test_epoch:90 - Epoch 6, Val Loss: 0.329002, Val Accuracy: 90.23%
2026-09-15 08:53:31.407 | INFO     | train:train_epoch:47 - Epoch 7, Step 0, Loss: 0.253747, Accuracy: 96.88%
2026-09-15 08:53:31.761 | INFO     | train:test_epoch:90 - Epoch 7, Val Loss: 0.307083, Val Accuracy: 89.47%
2026-09-15 08:53:31.913 | INFO     | train:train_epoch:47 - Epoch 8, Step 0, Loss: 0.422339, Accuracy: 81.25%
2026-09-15 08:53:32.261 | INFO     | train:test_epoch:90 - Epoch 8, Val Loss: 0.300041, Val Accuracy: 89.47%
2026-09-15 08:53:32.394 | INFO     | train:train_epoch:47 - Epoch 9, Step 0, Loss: 0.465662, Accuracy: 71.88%
2026-09-15 08:53:32.755 | INFO     | train:test_epoch:90 - Epoch 9, Val Loss: 0.284892, Val Accuracy: 88.72%
2026-09-15 08:53:32.910 | INFO     | train:train_epoch:47 - Epoch 10, Step 0, Loss: 0.305133, Accuracy: 87.50%
2026-09-15 08:53:33.284 | INFO     | train:test_epoch:90 - Epoch 10, Val Loss: 0.296460, Val Accuracy: 89.47%
2026-09-15 08:53:33.414 | INFO     | train:train_epoch:47 - Epoch 11, Step 0, Loss: 0.288323, Accuracy: 90.62%
2026-09-15 08:53:33.764 | INFO     | train:test_epoch:90 - Epoch 11, Val Loss: 0.271401, Val Accuracy: 89.47%
2026-09-15 08:53:33.904 | INFO     | train:train_epoch:47 - Epoch 12, Step 0, Loss: 0.459646, Accuracy: 84.38%
2026-09-15 08:53:34.275 | INFO     | train:test_epoch:90 - Epoch 12, Val Loss: 0.273430, Val Accuracy: 89.47%
2026-09-15 08:53:34.436 | INFO     | train:train_epoch:47 - Epoch 13, Step 0, Loss: 0.289347, Accuracy: 93.75%
2026-09-15 08:53:34.823 | INFO     | train:test_epoch:90 - Epoch 13, Val Loss: 0.271340, Val Accuracy: 89.47%
2026-09-15 08:53:34.983 | INFO     | train:train_epoch:47 - Epoch 14, Step 0, Loss: 0.269978, Accuracy: 90.62%
2026-09-15 08:53:35.475 | INFO     | train:test_epoch:90 - Epoch 14, Val Loss: 0.268603, Val Accuracy: 89.47%
2026-09-15 08:53:35.699 | INFO     | train:train_epoch:47 - Epoch 15, Step 0, Loss: 0.325799, Accuracy: 84.38%
2026-09-15 08:53:36.321 | INFO     | train:test_epoch:90 - Epoch 15, Val Loss: 0.269102, Val Accuracy: 89.47%
2026-09-15 08:53:36.547 | INFO     | train:train_epoch:47 - Epoch 16, Step 0, Loss: 0.221357, Accuracy: 100.00%
2026-09-15 08:53:37.136 | INFO     | train:test_epoch:90 - Epoch 16, Val Loss: 0.267063, Val Accuracy: 89.47%
2026-09-15 08:53:37.380 | INFO     | train:train_epoch:47 - Epoch 17, Step 0, Loss: 0.508868, Accuracy: 84.38%
2026-09-15 08:53:37.922 | INFO     | train:test_epoch:90 - Epoch 17, Val Loss: 0.263452, Val Accuracy: 89.47%
2026-09-15 08:53:38.165 | INFO     | train:train_epoch:47 - Epoch 18, Step 0, Loss: 0.499218, Accuracy: 81.25%
2026-09-15 08:53:38.715 | INFO     | train:test_epoch:90 - Epoch 18, Val Loss: 0.263957, Val Accuracy: 89.47%
2026-09-15 08:53:38.910 | INFO     | train:train_epoch:47 - Epoch 19, Step 0, Loss: 0.263035, Accuracy: 96.88%
2026-09-15 08:53:39.250 | INFO     | train:test_epoch:90 - Epoch 19, Val Loss: 0.262511, Val Accuracy: 89.47%
2026-09-15 08:53:39.393 | INFO     | train:train_epoch:47 - Epoch 20, Step 0, Loss: 0.360177, Accuracy: 87.50%
2026-09-15 08:53:39.751 | INFO     | train:test_epoch:90 - Epoch 20, Val Loss: 0.265028, Val Accuracy: 89.47%
2026-09-15 08:53:39.752 | INFO     | __main__:main:134 - Best validation accuracy for beta 0.71: 90.23%
2026-09-15 08:53:39.752 | INFO     | __main__:main:123 - Testing CT with beta: 0.72
2026-09-15 08:53:39.768 | INFO     | __main__:main:129 - Number of trainable parameters: 1539
2026-09-15 08:53:39.769 | INFO     | __main__:main:130 - Starting transfer learning...
2026-09-15 08:53:47.196 | INFO     | train:train_epoch:47 - Epoch 1, Step 0, Loss: 1.048103, Accuracy: 53.12%
2026-09-15 08:53:47.552 | INFO     | train:test_epoch:90 - Epoch 1, Val Loss: 0.639356, Val Accuracy: 81.20%
2026-09-15 08:53:47.553 | INFO     | train:linear_probe:190 - New best validation accuracy: 81.20 at epoch 1
2026-09-15 08:53:47.752 | INFO     | train:train_epoch:47 - Epoch 2, Step 0, Loss: 0.696552, Accuracy: 75.00%
2026-09-15 08:53:48.146 | INFO     | train:test_epoch:90 - Epoch 2, Val Loss: 0.460895, Val Accuracy: 83.46%
2026-09-15 08:53:48.148 | INFO     | train:linear_probe:190 - New best validation accuracy: 83.46 at epoch 2
2026-09-15 08:53:48.322 | INFO     | train:train_epoch:47 - Epoch 3, Step 0, Loss: 0.625260, Accuracy: 71.88%
2026-09-15 08:53:48.760 | INFO     | train:test_epoch:90 - Epoch 3, Val Loss: 0.388000, Val Accuracy: 90.23%
2026-09-15 08:53:48.761 | INFO     | train:linear_probe:190 - New best validation accuracy: 90.23 at epoch 3
2026-09-15 08:53:48.932 | INFO     | train:train_epoch:47 - Epoch 4, Step 0, Loss: 0.431629, Accuracy: 81.25%
2026-09-15 08:53:49.521 | INFO     | train:test_epoch:90 - Epoch 4, Val Loss: 0.355776, Val Accuracy: 88.72%
2026-09-15 08:53:49.758 | INFO     | train:train_epoch:47 - Epoch 5, Step 0, Loss: 0.242681, Accuracy: 93.75%
2026-09-15 08:53:50.432 | INFO     | train:test_epoch:90 - Epoch 5, Val Loss: 0.315525, Val Accuracy: 90.98%
2026-09-15 08:53:50.433 | INFO     | train:linear_probe:190 - New best validation accuracy: 90.98 at epoch 5
2026-09-15 08:53:50.656 | INFO     | train:train_epoch:47 - Epoch 6, Step 0, Loss: 0.237255, Accuracy: 96.88%
2026-09-15 08:53:51.228 | INFO     | train:test_epoch:90 - Epoch 6, Val Loss: 0.292333, Val Accuracy: 91.73%
2026-09-15 08:53:51.229 | INFO     | train:linear_probe:190 - New best validation accuracy: 91.73 at epoch 6
2026-09-15 08:53:51.441 | INFO     | train:train_epoch:47 - Epoch 7, Step 0, Loss: 0.502238, Accuracy: 87.50%
2026-09-15 08:53:51.984 | INFO     | train:test_epoch:90 - Epoch 7, Val Loss: 0.308281, Val Accuracy: 90.23%
2026-09-15 08:53:52.239 | INFO     | train:train_epoch:47 - Epoch 8, Step 0, Loss: 0.384811, Accuracy: 81.25%
2026-09-15 08:53:52.766 | INFO     | train:test_epoch:90 - Epoch 8, Val Loss: 0.267184, Val Accuracy: 91.73%
2026-09-15 08:53:52.916 | INFO     | train:train_epoch:47 - Epoch 9, Step 0, Loss: 0.344782, Accuracy: 96.88%
2026-09-15 08:53:53.292 | INFO     | train:test_epoch:90 - Epoch 9, Val Loss: 0.254748, Val Accuracy: 91.73%
2026-09-15 08:53:53.437 | INFO     | train:train_epoch:47 - Epoch 10, Step 0, Loss: 0.350274, Accuracy: 81.25%
2026-09-15 08:53:53.809 | INFO     | train:test_epoch:90 - Epoch 10, Val Loss: 0.235369, Val Accuracy: 93.98%
2026-09-15 08:53:53.810 | INFO     | train:linear_probe:190 - New best validation accuracy: 93.98 at epoch 10
2026-09-15 08:53:53.960 | INFO     | train:train_epoch:47 - Epoch 11, Step 0, Loss: 0.330909, Accuracy: 87.50%
2026-09-15 08:53:54.335 | INFO     | train:test_epoch:90 - Epoch 11, Val Loss: 0.242332, Val Accuracy: 93.23%
2026-09-15 08:53:54.473 | INFO     | train:train_epoch:47 - Epoch 12, Step 0, Loss: 0.267092, Accuracy: 87.50%
2026-09-15 08:53:54.827 | INFO     | train:test_epoch:90 - Epoch 12, Val Loss: 0.240515, Val Accuracy: 93.98%
2026-09-15 08:53:54.970 | INFO     | train:train_epoch:47 - Epoch 13, Step 0, Loss: 0.183740, Accuracy: 96.88%
2026-09-15 08:53:55.340 | INFO     | train:test_epoch:90 - Epoch 13, Val Loss: 0.238641, Val Accuracy: 93.98%
2026-09-15 08:53:55.480 | INFO     | train:train_epoch:47 - Epoch 14, Step 0, Loss: 0.192587, Accuracy: 96.88%
2026-09-15 08:53:55.818 | INFO     | train:test_epoch:90 - Epoch 14, Val Loss: 0.237493, Val Accuracy: 93.98%
2026-09-15 08:53:55.948 | INFO     | train:train_epoch:47 - Epoch 15, Step 0, Loss: 0.361276, Accuracy: 93.75%
2026-09-15 08:53:56.288 | INFO     | train:test_epoch:90 - Epoch 15, Val Loss: 0.236577, Val Accuracy: 93.98%
2026-09-15 08:53:56.441 | INFO     | train:train_epoch:47 - Epoch 16, Step 0, Loss: 0.279376, Accuracy: 90.62%
2026-09-15 08:53:56.799 | INFO     | train:test_epoch:90 - Epoch 16, Val Loss: 0.233123, Val Accuracy: 94.74%
2026-09-15 08:53:56.799 | INFO     | train:linear_probe:190 - New best validation accuracy: 94.74 at epoch 16
2026-09-15 08:53:56.938 | INFO     | train:train_epoch:47 - Epoch 17, Step 0, Loss: 0.307009, Accuracy: 93.75%
2026-09-15 08:53:57.300 | INFO     | train:test_epoch:90 - Epoch 17, Val Loss: 0.236881, Val Accuracy: 93.98%
2026-09-15 08:53:57.462 | INFO     | train:train_epoch:47 - Epoch 18, Step 0, Loss: 0.270268, Accuracy: 84.38%
2026-09-15 08:53:57.824 | INFO     | train:test_epoch:90 - Epoch 18, Val Loss: 0.234562, Val Accuracy: 93.98%
2026-09-15 08:53:57.972 | INFO     | train:train_epoch:47 - Epoch 19, Step 0, Loss: 0.339307, Accuracy: 87.50%
2026-09-15 08:53:58.321 | INFO     | train:test_epoch:90 - Epoch 19, Val Loss: 0.231089, Val Accuracy: 93.98%
2026-09-15 08:53:58.471 | INFO     | train:train_epoch:47 - Epoch 20, Step 0, Loss: 0.210517, Accuracy: 93.75%
2026-09-15 08:53:58.884 | INFO     | train:test_epoch:90 - Epoch 20, Val Loss: 0.233116, Val Accuracy: 93.98%
2026-09-15 08:53:58.885 | INFO     | __main__:main:134 - Best validation accuracy for beta 0.72: 94.74%
2026-09-15 08:53:58.899 | INFO     | __main__:main:123 - Testing CT with beta: 0.73
2026-09-15 08:53:58.916 | INFO     | __main__:main:129 - Number of trainable parameters: 1539
2026-09-15 08:53:58.916 | INFO     | __main__:main:130 - Starting transfer learning...
2026-09-15 08:54:08.332 | INFO     | train:train_epoch:47 - Epoch 1, Step 0, Loss: 1.082417, Accuracy: 34.38%
2026-09-15 08:54:08.689 | INFO     | train:test_epoch:90 - Epoch 1, Val Loss: 0.698802, Val Accuracy: 75.19%
2026-09-15 08:54:08.690 | INFO     | train:linear_probe:190 - New best validation accuracy: 75.19 at epoch 1
2026-09-15 08:54:08.825 | INFO     | train:train_epoch:47 - Epoch 2, Step 0, Loss: 0.689165, Accuracy: 75.00%
2026-09-15 08:54:09.217 | INFO     | train:test_epoch:90 - Epoch 2, Val Loss: 0.473581, Val Accuracy: 83.46%
2026-09-15 08:54:09.218 | INFO     | train:linear_probe:190 - New best validation accuracy: 83.46 at epoch 2
2026-09-15 08:54:09.360 | INFO     | train:train_epoch:47 - Epoch 3, Step 0, Loss: 0.395755, Accuracy: 90.62%
2026-09-15 08:54:09.740 | INFO     | train:test_epoch:90 - Epoch 3, Val Loss: 0.387726, Val Accuracy: 87.97%
2026-09-15 08:54:09.741 | INFO     | train:linear_probe:190 - New best validation accuracy: 87.97 at epoch 3
2026-09-15 08:54:09.890 | INFO     | train:train_epoch:47 - Epoch 4, Step 0, Loss: 0.630346, Accuracy: 71.88%
2026-09-15 08:54:10.278 | INFO     | train:test_epoch:90 - Epoch 4, Val Loss: 0.337727, Val Accuracy: 87.97%
2026-09-15 08:54:10.431 | INFO     | train:train_epoch:47 - Epoch 5, Step 0, Loss: 0.431657, Accuracy: 81.25%
2026-09-15 08:54:10.779 | INFO     | train:test_epoch:90 - Epoch 5, Val Loss: 0.322852, Val Accuracy: 90.98%
2026-09-15 08:54:10.780 | INFO     | train:linear_probe:190 - New best validation accuracy: 90.98 at epoch 5
2026-09-15 08:54:10.915 | INFO     | train:train_epoch:47 - Epoch 6, Step 0, Loss: 0.375466, Accuracy: 87.50%
2026-09-15 08:54:11.292 | INFO     | train:test_epoch:90 - Epoch 6, Val Loss: 0.312086, Val Accuracy: 90.23%
2026-09-15 08:54:11.440 | INFO     | train:train_epoch:47 - Epoch 7, Step 0, Loss: 0.479038, Accuracy: 84.38%
2026-09-15 08:54:11.778 | INFO     | train:test_epoch:90 - Epoch 7, Val Loss: 0.290547, Val Accuracy: 91.73%
2026-09-15 08:54:11.779 | INFO     | train:linear_probe:190 - New best validation accuracy: 91.73 at epoch 7
2026-09-15 08:54:11.915 | INFO     | train:train_epoch:47 - Epoch 8, Step 0, Loss: 0.361617, Accuracy: 84.38%
2026-09-15 08:54:12.298 | INFO     | train:test_epoch:90 - Epoch 8, Val Loss: 0.290117, Val Accuracy: 90.98%
2026-09-15 08:54:12.437 | INFO     | train:train_epoch:47 - Epoch 9, Step 0, Loss: 0.370338, Accuracy: 87.50%
2026-09-15 08:54:12.787 | INFO     | train:test_epoch:90 - Epoch 9, Val Loss: 0.238028, Val Accuracy: 93.23%
2026-09-15 08:54:12.788 | INFO     | train:linear_probe:190 - New best validation accuracy: 93.23 at epoch 9
2026-09-15 08:54:12.920 | INFO     | train:train_epoch:47 - Epoch 10, Step 0, Loss: 0.277672, Accuracy: 90.62%
2026-09-15 08:54:13.292 | INFO     | train:test_epoch:90 - Epoch 10, Val Loss: 0.235180, Val Accuracy: 92.48%
2026-09-15 08:54:13.448 | INFO     | train:train_epoch:47 - Epoch 11, Step 0, Loss: 0.184223, Accuracy: 100.00%
2026-09-15 08:54:13.828 | INFO     | train:test_epoch:90 - Epoch 11, Val Loss: 0.237259, Val Accuracy: 93.23%
2026-09-15 08:54:13.979 | INFO     | train:train_epoch:47 - Epoch 12, Step 0, Loss: 0.311118, Accuracy: 87.50%
2026-09-15 08:54:14.356 | INFO     | train:test_epoch:90 - Epoch 12, Val Loss: 0.234008, Val Accuracy: 93.23%
2026-09-15 08:54:14.515 | INFO     | train:train_epoch:47 - Epoch 13, Step 0, Loss: 0.336997, Accuracy: 87.50%
2026-09-15 08:54:14.884 | INFO     | train:test_epoch:90 - Epoch 13, Val Loss: 0.231389, Val Accuracy: 93.23%
2026-09-15 08:54:15.039 | INFO     | train:train_epoch:47 - Epoch 14, Step 0, Loss: 0.216856, Accuracy: 90.62%
2026-09-15 08:54:15.424 | INFO     | train:test_epoch:90 - Epoch 14, Val Loss: 0.232325, Val Accuracy: 93.23%
2026-09-15 08:54:15.581 | INFO     | train:train_epoch:47 - Epoch 15, Step 0, Loss: 0.250612, Accuracy: 90.62%
2026-09-15 08:54:15.949 | INFO     | train:test_epoch:90 - Epoch 15, Val Loss: 0.232170, Val Accuracy: 93.23%
2026-09-15 08:54:16.086 | INFO     | train:train_epoch:47 - Epoch 16, Step 0, Loss: 0.342871, Accuracy: 87.50%
2026-09-15 08:54:16.441 | INFO     | train:test_epoch:90 - Epoch 16, Val Loss: 0.230778, Val Accuracy: 93.23%
2026-09-15 08:54:16.596 | INFO     | train:train_epoch:47 - Epoch 17, Step 0, Loss: 0.320441, Accuracy: 90.62%
2026-09-15 08:54:17.087 | INFO     | train:test_epoch:90 - Epoch 17, Val Loss: 0.229549, Val Accuracy: 93.23%
2026-09-15 08:54:17.310 | INFO     | train:train_epoch:47 - Epoch 18, Step 0, Loss: 0.408237, Accuracy: 93.75%
2026-09-15 08:54:17.896 | INFO     | train:test_epoch:90 - Epoch 18, Val Loss: 0.227355, Val Accuracy: 93.98%
2026-09-15 08:54:17.897 | INFO     | train:linear_probe:190 - New best validation accuracy: 93.98 at epoch 18
2026-09-15 08:54:18.118 | INFO     | train:train_epoch:47 - Epoch 19, Step 0, Loss: 0.227024, Accuracy: 90.62%
2026-09-15 08:54:18.662 | INFO     | train:test_epoch:90 - Epoch 19, Val Loss: 0.225056, Val Accuracy: 93.23%
2026-09-15 08:54:18.911 | INFO     | train:train_epoch:47 - Epoch 20, Step 0, Loss: 0.253056, Accuracy: 90.62%
2026-09-15 08:54:19.513 | INFO     | train:test_epoch:90 - Epoch 20, Val Loss: 0.226903, Val Accuracy: 93.98%
2026-09-15 08:54:19.514 | INFO     | __main__:main:134 - Best validation accuracy for beta 0.73: 93.98%
2026-09-15 08:54:19.514 | INFO     | __main__:main:123 - Testing CT with beta: 0.74
2026-09-15 08:54:19.550 | INFO     | __main__:main:129 - Number of trainable parameters: 1539
2026-09-15 08:54:19.550 | INFO     | __main__:main:130 - Starting transfer learning...
2026-09-15 08:54:27.509 | INFO     | train:train_epoch:47 - Epoch 1, Step 0, Loss: 1.320187, Accuracy: 34.38%
2026-09-15 08:54:27.882 | INFO     | train:test_epoch:90 - Epoch 1, Val Loss: 0.731920, Val Accuracy: 72.18%
2026-09-15 08:54:27.883 | INFO     | train:linear_probe:190 - New best validation accuracy: 72.18 at epoch 1
2026-09-15 08:54:28.031 | INFO     | train:train_epoch:47 - Epoch 2, Step 0, Loss: 0.608886, Accuracy: 87.50%
2026-09-15 08:54:28.430 | INFO     | train:test_epoch:90 - Epoch 2, Val Loss: 0.477034, Val Accuracy: 82.71%
2026-09-15 08:54:28.431 | INFO     | train:linear_probe:190 - New best validation accuracy: 82.71 at epoch 2
2026-09-15 08:54:28.587 | INFO     | train:train_epoch:47 - Epoch 3, Step 0, Loss: 0.408532, Accuracy: 84.38%
2026-09-15 08:54:28.957 | INFO     | train:test_epoch:90 - Epoch 3, Val Loss: 0.387422, Val Accuracy: 87.97%
2026-09-15 08:54:28.958 | INFO     | train:linear_probe:190 - New best validation accuracy: 87.97 at epoch 3
2026-09-15 08:54:29.115 | INFO     | train:train_epoch:47 - Epoch 4, Step 0, Loss: 0.416983, Accuracy: 90.62%
2026-09-15 08:54:29.516 | INFO     | train:test_epoch:90 - Epoch 4, Val Loss: 0.341269, Val Accuracy: 88.72%
2026-09-15 08:54:29.517 | INFO     | train:linear_probe:190 - New best validation accuracy: 88.72 at epoch 4
2026-09-15 08:54:29.675 | INFO     | train:train_epoch:47 - Epoch 5, Step 0, Loss: 0.388338, Accuracy: 90.62%
2026-09-15 08:54:30.034 | INFO     | train:test_epoch:90 - Epoch 5, Val Loss: 0.307680, Val Accuracy: 90.23%
2026-09-15 08:54:30.034 | INFO     | train:linear_probe:190 - New best validation accuracy: 90.23 at epoch 5
2026-09-15 08:54:30.185 | INFO     | train:train_epoch:47 - Epoch 6, Step 0, Loss: 0.396076, Accuracy: 90.62%
2026-09-15 08:54:30.580 | INFO     | train:test_epoch:90 - Epoch 6, Val Loss: 0.278853, Val Accuracy: 90.23%
2026-09-15 08:54:30.803 | INFO     | train:train_epoch:47 - Epoch 7, Step 0, Loss: 0.409626, Accuracy: 87.50%
2026-09-15 08:54:31.414 | INFO     | train:test_epoch:90 - Epoch 7, Val Loss: 0.271070, Val Accuracy: 92.48%
2026-09-15 08:54:31.418 | INFO     | train:linear_probe:190 - New best validation accuracy: 92.48 at epoch 7
2026-09-15 08:54:31.746 | INFO     | train:train_epoch:47 - Epoch 8, Step 0, Loss: 0.461548, Accuracy: 71.88%
2026-09-15 08:54:32.340 | INFO     | train:test_epoch:90 - Epoch 8, Val Loss: 0.262017, Val Accuracy: 91.73%
2026-09-15 08:54:32.594 | INFO     | train:train_epoch:47 - Epoch 9, Step 0, Loss: 0.253755, Accuracy: 87.50%
2026-09-15 08:54:33.202 | INFO     | train:test_epoch:90 - Epoch 9, Val Loss: 0.253676, Val Accuracy: 92.48%
2026-09-15 08:54:33.435 | INFO     | train:train_epoch:47 - Epoch 10, Step 0, Loss: 0.238481, Accuracy: 93.75%
2026-09-15 08:54:34.028 | INFO     | train:test_epoch:90 - Epoch 10, Val Loss: 0.224840, Val Accuracy: 93.23%
2026-09-15 08:54:34.030 | INFO     | train:linear_probe:190 - New best validation accuracy: 93.23 at epoch 10
2026-09-15 08:54:34.263 | INFO     | train:train_epoch:47 - Epoch 11, Step 0, Loss: 0.405670, Accuracy: 87.50%
2026-09-15 08:54:34.667 | INFO     | train:test_epoch:90 - Epoch 11, Val Loss: 0.220082, Val Accuracy: 93.98%
2026-09-15 08:54:34.668 | INFO     | train:linear_probe:190 - New best validation accuracy: 93.98 at epoch 11
2026-09-15 08:54:34.829 | INFO     | train:train_epoch:47 - Epoch 12, Step 0, Loss: 0.250998, Accuracy: 93.75%
2026-09-15 08:54:35.192 | INFO     | train:test_epoch:90 - Epoch 12, Val Loss: 0.219105, Val Accuracy: 93.23%
2026-09-15 08:54:35.361 | INFO     | train:train_epoch:47 - Epoch 13, Step 0, Loss: 0.257770, Accuracy: 93.75%
2026-09-15 08:54:35.742 | INFO     | train:test_epoch:90 - Epoch 13, Val Loss: 0.218785, Val Accuracy: 93.98%
2026-09-15 08:54:35.894 | INFO     | train:train_epoch:47 - Epoch 14, Step 0, Loss: 0.319157, Accuracy: 90.62%
2026-09-15 08:54:36.272 | INFO     | train:test_epoch:90 - Epoch 14, Val Loss: 0.216733, Val Accuracy: 95.49%
2026-09-15 08:54:36.273 | INFO     | train:linear_probe:190 - New best validation accuracy: 95.49 at epoch 14
2026-09-15 08:54:36.420 | INFO     | train:train_epoch:47 - Epoch 15, Step 0, Loss: 0.309783, Accuracy: 84.38%
2026-09-15 08:54:36.799 | INFO     | train:test_epoch:90 - Epoch 15, Val Loss: 0.218461, Val Accuracy: 93.98%
2026-09-15 08:54:36.945 | INFO     | train:train_epoch:47 - Epoch 16, Step 0, Loss: 0.340758, Accuracy: 87.50%
2026-09-15 08:54:37.307 | INFO     | train:test_epoch:90 - Epoch 16, Val Loss: 0.216515, Val Accuracy: 94.74%
2026-09-15 08:54:37.459 | INFO     | train:train_epoch:47 - Epoch 17, Step 0, Loss: 0.321109, Accuracy: 93.75%
2026-09-15 08:54:37.835 | INFO     | train:test_epoch:90 - Epoch 17, Val Loss: 0.216719, Val Accuracy: 94.74%
2026-09-15 08:54:37.983 | INFO     | train:train_epoch:47 - Epoch 18, Step 0, Loss: 0.316508, Accuracy: 87.50%
2026-09-15 08:54:38.347 | INFO     | train:test_epoch:90 - Epoch 18, Val Loss: 0.212824, Val Accuracy: 95.49%
2026-09-15 08:54:38.502 | INFO     | train:train_epoch:47 - Epoch 19, Step 0, Loss: 0.371643, Accuracy: 87.50%
2026-09-15 08:54:38.886 | INFO     | train:test_epoch:90 - Epoch 19, Val Loss: 0.210858, Val Accuracy: 96.24%
2026-09-15 08:54:38.888 | INFO     | train:linear_probe:190 - New best validation accuracy: 96.24 at epoch 19
2026-09-15 08:54:39.036 | INFO     | train:train_epoch:47 - Epoch 20, Step 0, Loss: 0.320186, Accuracy: 87.50%
2026-09-15 08:54:39.392 | INFO     | train:test_epoch:90 - Epoch 20, Val Loss: 0.214540, Val Accuracy: 94.74%
2026-09-15 08:54:39.393 | INFO     | __main__:main:134 - Best validation accuracy for beta 0.74: 96.24%
2026-09-15 08:54:39.407 | INFO     | __main__:main:123 - Testing CT with beta: 0.75
2026-09-15 08:54:39.423 | INFO     | __main__:main:129 - Number of trainable parameters: 1539
2026-09-15 08:54:39.424 | INFO     | __main__:main:130 - Starting transfer learning...
2026-09-15 08:54:48.235 | INFO     | train:train_epoch:47 - Epoch 1, Step 0, Loss: 1.291664, Accuracy: 37.50%
2026-09-15 08:54:48.620 | INFO     | train:test_epoch:90 - Epoch 1, Val Loss: 0.764355, Val Accuracy: 72.93%
2026-09-15 08:54:48.621 | INFO     | train:linear_probe:190 - New best validation accuracy: 72.93 at epoch 1
2026-09-15 08:54:48.780 | INFO     | train:train_epoch:47 - Epoch 2, Step 0, Loss: 0.746365, Accuracy: 71.88%
2026-09-15 08:54:49.164 | INFO     | train:test_epoch:90 - Epoch 2, Val Loss: 0.490967, Val Accuracy: 84.96%
2026-09-15 08:54:49.165 | INFO     | train:linear_probe:190 - New best validation accuracy: 84.96 at epoch 2
2026-09-15 08:54:49.325 | INFO     | train:train_epoch:47 - Epoch 3, Step 0, Loss: 0.478703, Accuracy: 84.38%
2026-09-15 08:54:49.693 | INFO     | train:test_epoch:90 - Epoch 3, Val Loss: 0.407510, Val Accuracy: 90.23%
2026-09-15 08:54:49.694 | INFO     | train:linear_probe:190 - New best validation accuracy: 90.23 at epoch 3
2026-09-15 08:54:49.837 | INFO     | train:train_epoch:47 - Epoch 4, Step 0, Loss: 0.453522, Accuracy: 87.50%
2026-09-15 08:54:50.184 | INFO     | train:test_epoch:90 - Epoch 4, Val Loss: 0.351697, Val Accuracy: 91.73%
2026-09-15 08:54:50.186 | INFO     | train:linear_probe:190 - New best validation accuracy: 91.73 at epoch 4
2026-09-15 08:54:50.326 | INFO     | train:train_epoch:47 - Epoch 5, Step 0, Loss: 0.376189, Accuracy: 93.75%
2026-09-15 08:54:50.701 | INFO     | train:test_epoch:90 - Epoch 5, Val Loss: 0.314424, Val Accuracy: 93.23%
2026-09-15 08:54:50.702 | INFO     | train:linear_probe:190 - New best validation accuracy: 93.23 at epoch 5
2026-09-15 08:54:50.852 | INFO     | train:train_epoch:47 - Epoch 6, Step 0, Loss: 0.399673, Accuracy: 96.88%
2026-09-15 08:54:51.213 | INFO     | train:test_epoch:90 - Epoch 6, Val Loss: 0.291697, Val Accuracy: 92.48%
2026-09-15 08:54:51.346 | INFO     | train:train_epoch:47 - Epoch 7, Step 0, Loss: 0.460964, Accuracy: 90.62%
2026-09-15 08:54:51.723 | INFO     | train:test_epoch:90 - Epoch 7, Val Loss: 0.272515, Val Accuracy: 91.73%
2026-09-15 08:54:51.877 | INFO     | train:train_epoch:47 - Epoch 8, Step 0, Loss: 0.349852, Accuracy: 87.50%
2026-09-15 08:54:52.242 | INFO     | train:test_epoch:90 - Epoch 8, Val Loss: 0.259081, Val Accuracy: 93.98%
2026-09-15 08:54:52.243 | INFO     | train:linear_probe:190 - New best validation accuracy: 93.98 at epoch 8
2026-09-15 08:54:52.401 | INFO     | train:train_epoch:47 - Epoch 9, Step 0, Loss: 0.321194, Accuracy: 90.62%
2026-09-15 08:54:52.787 | INFO     | train:test_epoch:90 - Epoch 9, Val Loss: 0.319927, Val Accuracy: 87.22%
2026-09-15 08:54:52.933 | INFO     | train:train_epoch:47 - Epoch 10, Step 0, Loss: 0.348437, Accuracy: 84.38%
2026-09-15 08:54:53.279 | INFO     | train:test_epoch:90 - Epoch 10, Val Loss: 0.225941, Val Accuracy: 94.74%
2026-09-15 08:54:53.280 | INFO     | train:linear_probe:190 - New best validation accuracy: 94.74 at epoch 10
2026-09-15 08:54:53.434 | INFO     | train:train_epoch:47 - Epoch 11, Step 0, Loss: 0.320682, Accuracy: 90.62%
2026-09-15 08:54:53.806 | INFO     | train:test_epoch:90 - Epoch 11, Val Loss: 0.225886, Val Accuracy: 95.49%
2026-09-15 08:54:53.807 | INFO     | train:linear_probe:190 - New best validation accuracy: 95.49 at epoch 11
2026-09-15 08:54:53.949 | INFO     | train:train_epoch:47 - Epoch 12, Step 0, Loss: 0.241601, Accuracy: 90.62%
2026-09-15 08:54:54.288 | INFO     | train:test_epoch:90 - Epoch 12, Val Loss: 0.227506, Val Accuracy: 95.49%
2026-09-15 08:54:54.455 | INFO     | train:train_epoch:47 - Epoch 13, Step 0, Loss: 0.316058, Accuracy: 87.50%
2026-09-15 08:54:54.822 | INFO     | train:test_epoch:90 - Epoch 13, Val Loss: 0.227001, Val Accuracy: 95.49%
2026-09-15 08:54:54.966 | INFO     | train:train_epoch:47 - Epoch 14, Step 0, Loss: 0.245077, Accuracy: 90.62%
2026-09-15 08:54:55.324 | INFO     | train:test_epoch:90 - Epoch 14, Val Loss: 0.223385, Val Accuracy: 95.49%
2026-09-15 08:54:55.463 | INFO     | train:train_epoch:47 - Epoch 15, Step 0, Loss: 0.204370, Accuracy: 96.88%
2026-09-15 08:54:55.823 | INFO     | train:test_epoch:90 - Epoch 15, Val Loss: 0.222438, Val Accuracy: 95.49%
2026-09-15 08:54:55.975 | INFO     | train:train_epoch:47 - Epoch 16, Step 0, Loss: 0.199220, Accuracy: 93.75%
2026-09-15 08:54:56.327 | INFO     | train:test_epoch:90 - Epoch 16, Val Loss: 0.221691, Val Accuracy: 95.49%
2026-09-15 08:54:56.467 | INFO     | train:train_epoch:47 - Epoch 17, Step 0, Loss: 0.268784, Accuracy: 90.62%
2026-09-15 08:54:56.830 | INFO     | train:test_epoch:90 - Epoch 17, Val Loss: 0.222769, Val Accuracy: 95.49%
2026-09-15 08:54:56.983 | INFO     | train:train_epoch:47 - Epoch 18, Step 0, Loss: 0.175372, Accuracy: 100.00%
2026-09-15 08:54:57.322 | INFO     | train:test_epoch:90 - Epoch 18, Val Loss: 0.219446, Val Accuracy: 95.49%
2026-09-15 08:54:57.467 | INFO     | train:train_epoch:47 - Epoch 19, Step 0, Loss: 0.192004, Accuracy: 96.88%
2026-09-15 08:54:57.954 | INFO     | train:test_epoch:90 - Epoch 19, Val Loss: 0.218325, Val Accuracy: 95.49%
2026-09-15 08:54:58.192 | INFO     | train:train_epoch:47 - Epoch 20, Step 0, Loss: 0.217634, Accuracy: 90.62%
2026-09-15 08:54:58.734 | INFO     | train:test_epoch:90 - Epoch 20, Val Loss: 0.219286, Val Accuracy: 95.49%
2026-09-15 08:54:58.735 | INFO     | __main__:main:134 - Best validation accuracy for beta 0.75: 95.49%
2026-09-15 08:54:58.735 | INFO     | __main__:main:123 - Testing CT with beta: 0.76
2026-09-15 08:54:58.758 | INFO     | __main__:main:129 - Number of trainable parameters: 1539
2026-09-15 08:54:58.758 | INFO     | __main__:main:130 - Starting transfer learning...
2026-09-15 08:55:07.353 | INFO     | train:train_epoch:47 - Epoch 1, Step 0, Loss: 1.073616, Accuracy: 40.62%
2026-09-15 08:55:07.721 | INFO     | train:test_epoch:90 - Epoch 1, Val Loss: 0.655613, Val Accuracy: 79.70%
2026-09-15 08:55:07.723 | INFO     | train:linear_probe:190 - New best validation accuracy: 79.70 at epoch 1
2026-09-15 08:55:07.866 | INFO     | train:train_epoch:47 - Epoch 2, Step 0, Loss: 0.810381, Accuracy: 68.75%
2026-09-15 08:55:08.219 | INFO     | train:test_epoch:90 - Epoch 2, Val Loss: 0.453285, Val Accuracy: 84.21%
2026-09-15 08:55:08.220 | INFO     | train:linear_probe:190 - New best validation accuracy: 84.21 at epoch 2
2026-09-15 08:55:08.347 | INFO     | train:train_epoch:47 - Epoch 3, Step 0, Loss: 0.454828, Accuracy: 87.50%
2026-09-15 08:55:08.689 | INFO     | train:test_epoch:90 - Epoch 3, Val Loss: 0.394791, Val Accuracy: 86.47%
2026-09-15 08:55:08.691 | INFO     | train:linear_probe:190 - New best validation accuracy: 86.47 at epoch 3
2026-09-15 08:55:08.850 | INFO     | train:train_epoch:47 - Epoch 4, Step 0, Loss: 0.274500, Accuracy: 96.88%
2026-09-15 08:55:09.179 | INFO     | train:test_epoch:90 - Epoch 4, Val Loss: 0.316314, Val Accuracy: 89.47%
2026-09-15 08:55:09.180 | INFO     | train:linear_probe:190 - New best validation accuracy: 89.47 at epoch 4
2026-09-15 08:55:09.304 | INFO     | train:train_epoch:47 - Epoch 5, Step 0, Loss: 0.489775, Accuracy: 78.12%
2026-09-15 08:55:09.653 | INFO     | train:test_epoch:90 - Epoch 5, Val Loss: 0.284371, Val Accuracy: 93.98%
2026-09-15 08:55:09.654 | INFO     | train:linear_probe:190 - New best validation accuracy: 93.98 at epoch 5
2026-09-15 08:55:09.797 | INFO     | train:train_epoch:47 - Epoch 6, Step 0, Loss: 0.407523, Accuracy: 75.00%
2026-09-15 08:55:10.151 | INFO     | train:test_epoch:90 - Epoch 6, Val Loss: 0.267197, Val Accuracy: 93.98%
2026-09-15 08:55:10.281 | INFO     | train:train_epoch:47 - Epoch 7, Step 0, Loss: 0.348609, Accuracy: 87.50%
2026-09-15 08:55:10.643 | INFO     | train:test_epoch:90 - Epoch 7, Val Loss: 0.243050, Val Accuracy: 94.74%
2026-09-15 08:55:10.644 | INFO     | train:linear_probe:190 - New best validation accuracy: 94.74 at epoch 7
2026-09-15 08:55:10.797 | INFO     | train:train_epoch:47 - Epoch 8, Step 0, Loss: 0.217613, Accuracy: 93.75%
2026-09-15 08:55:11.168 | INFO     | train:test_epoch:90 - Epoch 8, Val Loss: 0.225384, Val Accuracy: 95.49%
2026-09-15 08:55:11.169 | INFO     | train:linear_probe:190 - New best validation accuracy: 95.49 at epoch 8
2026-09-15 08:55:11.297 | INFO     | train:train_epoch:47 - Epoch 9, Step 0, Loss: 0.346754, Accuracy: 90.62%
2026-09-15 08:55:11.719 | INFO     | train:test_epoch:90 - Epoch 9, Val Loss: 0.214841, Val Accuracy: 95.49%
2026-09-15 08:55:11.953 | INFO     | train:train_epoch:47 - Epoch 10, Step 0, Loss: 0.421731, Accuracy: 93.75%
2026-09-15 08:55:12.475 | INFO     | train:test_epoch:90 - Epoch 10, Val Loss: 0.203542, Val Accuracy: 95.49%
2026-09-15 08:55:12.681 | INFO     | train:train_epoch:47 - Epoch 11, Step 0, Loss: 0.211802, Accuracy: 93.75%
2026-09-15 08:55:13.231 | INFO     | train:test_epoch:90 - Epoch 11, Val Loss: 0.205149, Val Accuracy: 95.49%
2026-09-15 08:55:13.435 | INFO     | train:train_epoch:47 - Epoch 12, Step 0, Loss: 0.196878, Accuracy: 100.00%
2026-09-15 08:55:13.994 | INFO     | train:test_epoch:90 - Epoch 12, Val Loss: 0.204512, Val Accuracy: 95.49%
2026-09-15 08:55:14.235 | INFO     | train:train_epoch:47 - Epoch 13, Step 0, Loss: 0.280207, Accuracy: 93.75%
2026-09-15 08:55:14.825 | INFO     | train:test_epoch:90 - Epoch 13, Val Loss: 0.203432, Val Accuracy: 94.74%
2026-09-15 08:55:14.999 | INFO     | train:train_epoch:47 - Epoch 14, Step 0, Loss: 0.205938, Accuracy: 96.88%
2026-09-15 08:55:15.364 | INFO     | train:test_epoch:90 - Epoch 14, Val Loss: 0.200914, Val Accuracy: 95.49%
2026-09-15 08:55:15.500 | INFO     | train:train_epoch:47 - Epoch 15, Step 0, Loss: 0.257446, Accuracy: 96.88%
2026-09-15 08:55:15.863 | INFO     | train:test_epoch:90 - Epoch 15, Val Loss: 0.202446, Val Accuracy: 94.74%
2026-09-15 08:55:16.000 | INFO     | train:train_epoch:47 - Epoch 16, Step 0, Loss: 0.180879, Accuracy: 96.88%
2026-09-15 08:55:16.364 | INFO     | train:test_epoch:90 - Epoch 16, Val Loss: 0.200037, Val Accuracy: 95.49%
2026-09-15 08:55:16.502 | INFO     | train:train_epoch:47 - Epoch 17, Step 0, Loss: 0.152825, Accuracy: 100.00%
2026-09-15 08:55:16.867 | INFO     | train:test_epoch:90 - Epoch 17, Val Loss: 0.200071, Val Accuracy: 94.74%
2026-09-15 08:55:17.007 | INFO     | train:train_epoch:47 - Epoch 18, Step 0, Loss: 0.169058, Accuracy: 93.75%
2026-09-15 08:55:17.358 | INFO     | train:test_epoch:90 - Epoch 18, Val Loss: 0.197132, Val Accuracy: 95.49%
2026-09-15 08:55:17.505 | INFO     | train:train_epoch:47 - Epoch 19, Step 0, Loss: 0.272640, Accuracy: 93.75%
2026-09-15 08:55:17.854 | INFO     | train:test_epoch:90 - Epoch 19, Val Loss: 0.197834, Val Accuracy: 95.49%
2026-09-15 08:55:17.987 | INFO     | train:train_epoch:47 - Epoch 20, Step 0, Loss: 0.165259, Accuracy: 96.88%
2026-09-15 08:55:18.333 | INFO     | train:test_epoch:90 - Epoch 20, Val Loss: 0.196941, Val Accuracy: 94.74%
2026-09-15 08:55:18.333 | INFO     | __main__:main:134 - Best validation accuracy for beta 0.76: 95.49%
2026-09-15 08:55:18.334 | INFO     | __main__:main:123 - Testing CT with beta: 0.77
2026-09-15 08:55:18.349 | INFO     | __main__:main:129 - Number of trainable parameters: 1539
2026-09-15 08:55:18.350 | INFO     | __main__:main:130 - Starting transfer learning...
2026-09-15 08:55:26.068 | INFO     | train:train_epoch:47 - Epoch 1, Step 0, Loss: 1.643973, Accuracy: 18.75%
2026-09-15 08:55:26.601 | INFO     | train:test_epoch:90 - Epoch 1, Val Loss: 0.785732, Val Accuracy: 66.92%
2026-09-15 08:55:26.602 | INFO     | train:linear_probe:190 - New best validation accuracy: 66.92 at epoch 1
2026-09-15 08:55:26.839 | INFO     | train:train_epoch:47 - Epoch 2, Step 0, Loss: 0.776826, Accuracy: 68.75%
2026-09-15 08:55:27.373 | INFO     | train:test_epoch:90 - Epoch 2, Val Loss: 0.488027, Val Accuracy: 86.47%
2026-09-15 08:55:27.375 | INFO     | train:linear_probe:190 - New best validation accuracy: 86.47 at epoch 2
2026-09-15 08:55:27.616 | INFO     | train:train_epoch:47 - Epoch 3, Step 0, Loss: 0.481875, Accuracy: 78.12%
2026-09-15 08:55:28.197 | INFO     | train:test_epoch:90 - Epoch 3, Val Loss: 0.391712, Val Accuracy: 91.73%
2026-09-15 08:55:28.198 | INFO     | train:linear_probe:190 - New best validation accuracy: 91.73 at epoch 3
2026-09-15 08:55:28.348 | INFO     | train:train_epoch:47 - Epoch 4, Step 0, Loss: 0.525242, Accuracy: 78.12%
2026-09-15 08:55:28.710 | INFO     | train:test_epoch:90 - Epoch 4, Val Loss: 0.336365, Val Accuracy: 93.23%
2026-09-15 08:55:28.711 | INFO     | train:linear_probe:190 - New best validation accuracy: 93.23 at epoch 4
2026-09-15 08:55:28.852 | INFO     | train:train_epoch:47 - Epoch 5, Step 0, Loss: 0.300421, Accuracy: 96.88%
2026-09-15 08:55:29.217 | INFO     | train:test_epoch:90 - Epoch 5, Val Loss: 0.303365, Val Accuracy: 93.23%
2026-09-15 08:55:29.355 | INFO     | train:train_epoch:47 - Epoch 6, Step 0, Loss: 0.388252, Accuracy: 87.50%
2026-09-15 08:55:29.703 | INFO     | train:test_epoch:90 - Epoch 6, Val Loss: 0.272653, Val Accuracy: 93.98%
2026-09-15 08:55:29.704 | INFO     | train:linear_probe:190 - New best validation accuracy: 93.98 at epoch 6
2026-09-15 08:55:29.847 | INFO     | train:train_epoch:47 - Epoch 7, Step 0, Loss: 0.414455, Accuracy: 87.50%
2026-09-15 08:55:30.197 | INFO     | train:test_epoch:90 - Epoch 7, Val Loss: 0.261876, Val Accuracy: 92.48%
2026-09-15 08:55:30.335 | INFO     | train:train_epoch:47 - Epoch 8, Step 0, Loss: 0.306360, Accuracy: 96.88%
2026-09-15 08:55:30.677 | INFO     | train:test_epoch:90 - Epoch 8, Val Loss: 0.240256, Val Accuracy: 93.98%
2026-09-15 08:55:30.817 | INFO     | train:train_epoch:47 - Epoch 9, Step 0, Loss: 0.339242, Accuracy: 87.50%
2026-09-15 08:55:31.166 | INFO     | train:test_epoch:90 - Epoch 9, Val Loss: 0.228020, Val Accuracy: 95.49%
2026-09-15 08:55:31.168 | INFO     | train:linear_probe:190 - New best validation accuracy: 95.49 at epoch 9
2026-09-15 08:55:31.307 | INFO     | train:train_epoch:47 - Epoch 10, Step 0, Loss: 0.203389, Accuracy: 100.00%
2026-09-15 08:55:31.655 | INFO     | train:test_epoch:90 - Epoch 10, Val Loss: 0.236695, Val Accuracy: 91.73%
2026-09-15 08:55:31.792 | INFO     | train:train_epoch:47 - Epoch 11, Step 0, Loss: 0.224967, Accuracy: 93.75%
2026-09-15 08:55:32.141 | INFO     | train:test_epoch:90 - Epoch 11, Val Loss: 0.214171, Val Accuracy: 95.49%
2026-09-15 08:55:32.296 | INFO     | train:train_epoch:47 - Epoch 12, Step 0, Loss: 0.200620, Accuracy: 93.75%
2026-09-15 08:55:32.647 | INFO     | train:test_epoch:90 - Epoch 12, Val Loss: 0.213808, Val Accuracy: 95.49%
2026-09-15 08:55:32.822 | INFO     | train:train_epoch:47 - Epoch 13, Step 0, Loss: 0.284885, Accuracy: 93.75%
2026-09-15 08:55:33.239 | INFO     | train:test_epoch:90 - Epoch 13, Val Loss: 0.212604, Val Accuracy: 95.49%
2026-09-15 08:55:33.393 | INFO     | train:train_epoch:47 - Epoch 14, Step 0, Loss: 0.194097, Accuracy: 90.62%
2026-09-15 08:55:33.761 | INFO     | train:test_epoch:90 - Epoch 14, Val Loss: 0.210689, Val Accuracy: 96.24%
2026-09-15 08:55:33.761 | INFO     | train:linear_probe:190 - New best validation accuracy: 96.24 at epoch 14
2026-09-15 08:55:33.896 | INFO     | train:train_epoch:47 - Epoch 15, Step 0, Loss: 0.271001, Accuracy: 90.62%
2026-09-15 08:55:34.237 | INFO     | train:test_epoch:90 - Epoch 15, Val Loss: 0.210514, Val Accuracy: 95.49%
2026-09-15 08:55:34.377 | INFO     | train:train_epoch:47 - Epoch 16, Step 0, Loss: 0.141462, Accuracy: 100.00%
2026-09-15 08:55:34.736 | INFO     | train:test_epoch:90 - Epoch 16, Val Loss: 0.209944, Val Accuracy: 96.24%
2026-09-15 08:55:34.876 | INFO     | train:train_epoch:47 - Epoch 17, Step 0, Loss: 0.153312, Accuracy: 96.88%
2026-09-15 08:55:35.237 | INFO     | train:test_epoch:90 - Epoch 17, Val Loss: 0.208185, Val Accuracy: 96.24%
2026-09-15 08:55:35.379 | INFO     | train:train_epoch:47 - Epoch 18, Step 0, Loss: 0.164372, Accuracy: 100.00%
2026-09-15 08:55:35.739 | INFO     | train:test_epoch:90 - Epoch 18, Val Loss: 0.208128, Val Accuracy: 96.24%
2026-09-15 08:55:35.872 | INFO     | train:train_epoch:47 - Epoch 19, Step 0, Loss: 0.177225, Accuracy: 100.00%
2026-09-15 08:55:36.212 | INFO     | train:test_epoch:90 - Epoch 19, Val Loss: 0.207206, Val Accuracy: 95.49%
2026-09-15 08:55:36.344 | INFO     | train:train_epoch:47 - Epoch 20, Step 0, Loss: 0.360042, Accuracy: 87.50%
2026-09-15 08:55:36.704 | INFO     | train:test_epoch:90 - Epoch 20, Val Loss: 0.205517, Val Accuracy: 96.24%
2026-09-15 08:55:36.705 | INFO     | __main__:main:134 - Best validation accuracy for beta 0.77: 96.24%
2026-09-15 08:55:36.705 | INFO     | __main__:main:123 - Testing CT with beta: 0.78
2026-09-15 08:55:36.722 | INFO     | __main__:main:129 - Number of trainable parameters: 1539
2026-09-15 08:55:36.723 | INFO     | __main__:main:130 - Starting transfer learning...
2026-09-15 08:55:45.560 | INFO     | train:train_epoch:47 - Epoch 1, Step 0, Loss: 1.217266, Accuracy: 28.12%
2026-09-15 08:55:45.917 | INFO     | train:test_epoch:90 - Epoch 1, Val Loss: 0.713325, Val Accuracy: 74.44%
2026-09-15 08:55:45.918 | INFO     | train:linear_probe:190 - New best validation accuracy: 74.44 at epoch 1
2026-09-15 08:55:46.069 | INFO     | train:train_epoch:47 - Epoch 2, Step 0, Loss: 0.813157, Accuracy: 71.88%
2026-09-15 08:55:46.439 | INFO     | train:test_epoch:90 - Epoch 2, Val Loss: 0.455977, Val Accuracy: 86.47%
2026-09-15 08:55:46.440 | INFO     | train:linear_probe:190 - New best validation accuracy: 86.47 at epoch 2
2026-09-15 08:55:46.575 | INFO     | train:train_epoch:47 - Epoch 3, Step 0, Loss: 0.470093, Accuracy: 81.25%
2026-09-15 08:55:46.927 | INFO     | train:test_epoch:90 - Epoch 3, Val Loss: 0.386318, Val Accuracy: 90.23%
2026-09-15 08:55:46.928 | INFO     | train:linear_probe:190 - New best validation accuracy: 90.23 at epoch 3
2026-09-15 08:55:47.054 | INFO     | train:train_epoch:47 - Epoch 4, Step 0, Loss: 0.417642, Accuracy: 87.50%
2026-09-15 08:55:47.427 | INFO     | train:test_epoch:90 - Epoch 4, Val Loss: 0.352843, Val Accuracy: 89.47%
2026-09-15 08:55:47.563 | INFO     | train:train_epoch:47 - Epoch 5, Step 0, Loss: 0.318768, Accuracy: 90.62%
2026-09-15 08:55:47.915 | INFO     | train:test_epoch:90 - Epoch 5, Val Loss: 0.290481, Val Accuracy: 94.74%
2026-09-15 08:55:47.916 | INFO     | train:linear_probe:190 - New best validation accuracy: 94.74 at epoch 5
2026-09-15 08:55:48.053 | INFO     | train:train_epoch:47 - Epoch 6, Step 0, Loss: 0.471093, Accuracy: 81.25%
2026-09-15 08:55:48.424 | INFO     | train:test_epoch:90 - Epoch 6, Val Loss: 0.266672, Val Accuracy: 93.98%
2026-09-15 08:55:48.562 | INFO     | train:train_epoch:47 - Epoch 7, Step 0, Loss: 0.356018, Accuracy: 81.25%
2026-09-15 08:55:48.920 | INFO     | train:test_epoch:90 - Epoch 7, Val Loss: 0.247818, Val Accuracy: 95.49%
2026-09-15 08:55:48.921 | INFO     | train:linear_probe:190 - New best validation accuracy: 95.49 at epoch 7
2026-09-15 08:55:49.070 | INFO     | train:train_epoch:47 - Epoch 8, Step 0, Loss: 0.178404, Accuracy: 96.88%
2026-09-15 08:55:49.439 | INFO     | train:test_epoch:90 - Epoch 8, Val Loss: 0.226629, Val Accuracy: 95.49%
2026-09-15 08:55:49.579 | INFO     | train:train_epoch:47 - Epoch 9, Step 0, Loss: 0.219043, Accuracy: 93.75%
2026-09-15 08:55:49.928 | INFO     | train:test_epoch:90 - Epoch 9, Val Loss: 0.229713, Val Accuracy: 95.49%
2026-09-15 08:55:50.072 | INFO     | train:train_epoch:47 - Epoch 10, Step 0, Loss: 0.223708, Accuracy: 96.88%
2026-09-15 08:55:50.444 | INFO     | train:test_epoch:90 - Epoch 10, Val Loss: 0.205001, Val Accuracy: 95.49%
2026-09-15 08:55:50.583 | INFO     | train:train_epoch:47 - Epoch 11, Step 0, Loss: 0.154703, Accuracy: 96.88%
2026-09-15 08:55:50.937 | INFO     | train:test_epoch:90 - Epoch 11, Val Loss: 0.204565, Val Accuracy: 96.99%
2026-09-15 08:55:50.938 | INFO     | train:linear_probe:190 - New best validation accuracy: 96.99 at epoch 11
2026-09-15 08:55:51.093 | INFO     | train:train_epoch:47 - Epoch 12, Step 0, Loss: 0.286654, Accuracy: 90.62%
2026-09-15 08:55:51.464 | INFO     | train:test_epoch:90 - Epoch 12, Val Loss: 0.204397, Val Accuracy: 96.99%
2026-09-15 08:55:51.602 | INFO     | train:train_epoch:47 - Epoch 13, Step 0, Loss: 0.145208, Accuracy: 93.75%
2026-09-15 08:55:51.953 | INFO     | train:test_epoch:90 - Epoch 13, Val Loss: 0.204126, Val Accuracy: 96.99%
2026-09-15 08:55:52.104 | INFO     | train:train_epoch:47 - Epoch 14, Step 0, Loss: 0.183625, Accuracy: 93.75%
2026-09-15 08:55:52.641 | INFO     | train:test_epoch:90 - Epoch 14, Val Loss: 0.201478, Val Accuracy: 96.99%
2026-09-15 08:55:52.862 | INFO     | train:train_epoch:47 - Epoch 15, Step 0, Loss: 0.221922, Accuracy: 93.75%
2026-09-15 08:55:53.435 | INFO     | train:test_epoch:90 - Epoch 15, Val Loss: 0.199275, Val Accuracy: 97.74%
2026-09-15 08:55:53.437 | INFO     | train:linear_probe:190 - New best validation accuracy: 97.74 at epoch 15
2026-09-15 08:55:53.658 | INFO     | train:train_epoch:47 - Epoch 16, Step 0, Loss: 0.346104, Accuracy: 87.50%
2026-09-15 08:55:54.173 | INFO     | train:test_epoch:90 - Epoch 16, Val Loss: 0.199937, Val Accuracy: 96.99%
2026-09-15 08:55:54.384 | INFO     | train:train_epoch:47 - Epoch 17, Step 0, Loss: 0.270566, Accuracy: 90.62%
2026-09-15 08:55:54.949 | INFO     | train:test_epoch:90 - Epoch 17, Val Loss: 0.198441, Val Accuracy: 97.74%
2026-09-15 08:55:55.134 | INFO     | train:train_epoch:47 - Epoch 18, Step 0, Loss: 0.284152, Accuracy: 90.62%
2026-09-15 08:55:55.731 | INFO     | train:test_epoch:90 - Epoch 18, Val Loss: 0.197597, Val Accuracy: 97.74%
2026-09-15 08:55:55.874 | INFO     | train:train_epoch:47 - Epoch 19, Step 0, Loss: 0.206521, Accuracy: 96.88%
2026-09-15 08:55:56.241 | INFO     | train:test_epoch:90 - Epoch 19, Val Loss: 0.195622, Val Accuracy: 97.74%
2026-09-15 08:55:56.392 | INFO     | train:train_epoch:47 - Epoch 20, Step 0, Loss: 0.140376, Accuracy: 100.00%
2026-09-15 08:55:56.747 | INFO     | train:test_epoch:90 - Epoch 20, Val Loss: 0.197357, Val Accuracy: 96.99%
2026-09-15 08:55:56.748 | INFO     | __main__:main:134 - Best validation accuracy for beta 0.78: 97.74%
2026-09-15 08:55:56.762 | INFO     | __main__:main:123 - Testing CT with beta: 0.79
2026-09-15 08:55:56.776 | INFO     | __main__:main:129 - Number of trainable parameters: 1539
2026-09-15 08:55:56.777 | INFO     | __main__:main:130 - Starting transfer learning...
2026-09-15 08:56:04.172 | INFO     | train:train_epoch:47 - Epoch 1, Step 0, Loss: 1.239647, Accuracy: 25.00%
2026-09-15 08:56:04.521 | INFO     | train:test_epoch:90 - Epoch 1, Val Loss: 0.687609, Val Accuracy: 78.20%
2026-09-15 08:56:04.521 | INFO     | train:linear_probe:190 - New best validation accuracy: 78.20 at epoch 1
2026-09-15 08:56:04.645 | INFO     | train:train_epoch:47 - Epoch 2, Step 0, Loss: 0.726184, Accuracy: 71.88%
2026-09-15 08:56:05.006 | INFO     | train:test_epoch:90 - Epoch 2, Val Loss: 0.466262, Val Accuracy: 85.71%
2026-09-15 08:56:05.008 | INFO     | train:linear_probe:190 - New best validation accuracy: 85.71 at epoch 2
2026-09-15 08:56:05.158 | INFO     | train:train_epoch:47 - Epoch 3, Step 0, Loss: 0.450365, Accuracy: 78.12%
2026-09-15 08:56:05.519 | INFO     | train:test_epoch:90 - Epoch 3, Val Loss: 0.365326, Val Accuracy: 91.73%
2026-09-15 08:56:05.520 | INFO     | train:linear_probe:190 - New best validation accuracy: 91.73 at epoch 3
2026-09-15 08:56:05.671 | INFO     | train:train_epoch:47 - Epoch 4, Step 0, Loss: 0.532308, Accuracy: 81.25%
2026-09-15 08:56:06.196 | INFO     | train:test_epoch:90 - Epoch 4, Val Loss: 0.323872, Val Accuracy: 93.98%
2026-09-15 08:56:06.197 | INFO     | train:linear_probe:190 - New best validation accuracy: 93.98 at epoch 4
2026-09-15 08:56:06.409 | INFO     | train:train_epoch:47 - Epoch 5, Step 0, Loss: 0.327325, Accuracy: 84.38%
2026-09-15 08:56:06.925 | INFO     | train:test_epoch:90 - Epoch 5, Val Loss: 0.290647, Val Accuracy: 93.98%
2026-09-15 08:56:07.149 | INFO     | train:train_epoch:47 - Epoch 6, Step 0, Loss: 0.428324, Accuracy: 78.12%
2026-09-15 08:56:07.696 | INFO     | train:test_epoch:90 - Epoch 6, Val Loss: 0.273291, Val Accuracy: 93.23%
2026-09-15 08:56:07.921 | INFO     | train:train_epoch:47 - Epoch 7, Step 0, Loss: 0.223857, Accuracy: 90.62%
2026-09-15 08:56:08.437 | INFO     | train:test_epoch:90 - Epoch 7, Val Loss: 0.247640, Val Accuracy: 94.74%
2026-09-15 08:56:08.438 | INFO     | train:linear_probe:190 - New best validation accuracy: 94.74 at epoch 7
2026-09-15 08:56:08.604 | INFO     | train:train_epoch:47 - Epoch 8, Step 0, Loss: 0.306634, Accuracy: 90.62%
2026-09-15 08:56:09.124 | INFO     | train:test_epoch:90 - Epoch 8, Val Loss: 0.231781, Val Accuracy: 94.74%
2026-09-15 08:56:09.270 | INFO     | train:train_epoch:47 - Epoch 9, Step 0, Loss: 0.262547, Accuracy: 93.75%
2026-09-15 08:56:09.632 | INFO     | train:test_epoch:90 - Epoch 9, Val Loss: 0.216082, Val Accuracy: 96.24%
2026-09-15 08:56:09.633 | INFO     | train:linear_probe:190 - New best validation accuracy: 96.24 at epoch 9
2026-09-15 08:56:09.761 | INFO     | train:train_epoch:47 - Epoch 10, Step 0, Loss: 0.386212, Accuracy: 93.75%
2026-09-15 08:56:10.100 | INFO     | train:test_epoch:90 - Epoch 10, Val Loss: 0.205282, Val Accuracy: 96.24%
2026-09-15 08:56:10.230 | INFO     | train:train_epoch:47 - Epoch 11, Step 0, Loss: 0.253968, Accuracy: 93.75%
2026-09-15 08:56:10.586 | INFO     | train:test_epoch:90 - Epoch 11, Val Loss: 0.201902, Val Accuracy: 96.99%
2026-09-15 08:56:10.587 | INFO     | train:linear_probe:190 - New best validation accuracy: 96.99 at epoch 11
2026-09-15 08:56:10.719 | INFO     | train:train_epoch:47 - Epoch 12, Step 0, Loss: 0.284781, Accuracy: 90.62%
2026-09-15 08:56:11.059 | INFO     | train:test_epoch:90 - Epoch 12, Val Loss: 0.201343, Val Accuracy: 96.99%
2026-09-15 08:56:11.191 | INFO     | train:train_epoch:47 - Epoch 13, Step 0, Loss: 0.418208, Accuracy: 87.50%
2026-09-15 08:56:11.547 | INFO     | train:test_epoch:90 - Epoch 13, Val Loss: 0.200300, Val Accuracy: 96.99%
2026-09-15 08:56:11.673 | INFO     | train:train_epoch:47 - Epoch 14, Step 0, Loss: 0.196749, Accuracy: 96.88%
2026-09-15 08:56:12.013 | INFO     | train:test_epoch:90 - Epoch 14, Val Loss: 0.199560, Val Accuracy: 96.99%
2026-09-15 08:56:12.137 | INFO     | train:train_epoch:47 - Epoch 15, Step 0, Loss: 0.199544, Accuracy: 93.75%
2026-09-15 08:56:12.499 | INFO     | train:test_epoch:90 - Epoch 15, Val Loss: 0.198043, Val Accuracy: 96.99%
2026-09-15 08:56:12.630 | INFO     | train:train_epoch:47 - Epoch 16, Step 0, Loss: 0.273548, Accuracy: 90.62%
2026-09-15 08:56:12.987 | INFO     | train:test_epoch:90 - Epoch 16, Val Loss: 0.196945, Val Accuracy: 96.99%
2026-09-15 08:56:13.119 | INFO     | train:train_epoch:47 - Epoch 17, Step 0, Loss: 0.254005, Accuracy: 93.75%
2026-09-15 08:56:13.469 | INFO     | train:test_epoch:90 - Epoch 17, Val Loss: 0.197238, Val Accuracy: 96.99%
2026-09-15 08:56:13.617 | INFO     | train:train_epoch:47 - Epoch 18, Step 0, Loss: 0.311760, Accuracy: 87.50%
2026-09-15 08:56:13.951 | INFO     | train:test_epoch:90 - Epoch 18, Val Loss: 0.194195, Val Accuracy: 96.24%
2026-09-15 08:56:14.073 | INFO     | train:train_epoch:47 - Epoch 19, Step 0, Loss: 0.280774, Accuracy: 84.38%
2026-09-15 08:56:14.423 | INFO     | train:test_epoch:90 - Epoch 19, Val Loss: 0.195484, Val Accuracy: 96.99%
2026-09-15 08:56:14.583 | INFO     | train:train_epoch:47 - Epoch 20, Step 0, Loss: 0.152102, Accuracy: 96.88%
2026-09-15 08:56:14.923 | INFO     | train:test_epoch:90 - Epoch 20, Val Loss: 0.192253, Val Accuracy: 96.24%
2026-09-15 08:56:14.924 | INFO     | __main__:main:134 - Best validation accuracy for beta 0.79: 96.99%
2026-09-15 08:56:14.924 | INFO     | __main__:main:123 - Testing CT with beta: 0.80
2026-09-15 08:56:14.940 | INFO     | __main__:main:129 - Number of trainable parameters: 1539
2026-09-15 08:56:14.941 | INFO     | __main__:main:130 - Starting transfer learning...
2026-09-15 08:56:23.480 | INFO     | train:train_epoch:47 - Epoch 1, Step 0, Loss: 1.264889, Accuracy: 37.50%
2026-09-15 08:56:23.829 | INFO     | train:test_epoch:90 - Epoch 1, Val Loss: 0.748634, Val Accuracy: 73.68%
2026-09-15 08:56:23.830 | INFO     | train:linear_probe:190 - New best validation accuracy: 73.68 at epoch 1
2026-09-15 08:56:23.962 | INFO     | train:train_epoch:47 - Epoch 2, Step 0, Loss: 0.804968, Accuracy: 59.38%
2026-09-15 08:56:24.327 | INFO     | train:test_epoch:90 - Epoch 2, Val Loss: 0.508888, Val Accuracy: 83.46%
2026-09-15 08:56:24.328 | INFO     | train:linear_probe:190 - New best validation accuracy: 83.46 at epoch 2
2026-09-15 08:56:24.455 | INFO     | train:train_epoch:47 - Epoch 3, Step 0, Loss: 0.596390, Accuracy: 84.38%
2026-09-15 08:56:24.807 | INFO     | train:test_epoch:90 - Epoch 3, Val Loss: 0.423381, Val Accuracy: 87.97%
2026-09-15 08:56:24.808 | INFO     | train:linear_probe:190 - New best validation accuracy: 87.97 at epoch 3
2026-09-15 08:56:24.940 | INFO     | train:train_epoch:47 - Epoch 4, Step 0, Loss: 0.621942, Accuracy: 81.25%
2026-09-15 08:56:25.294 | INFO     | train:test_epoch:90 - Epoch 4, Val Loss: 0.371862, Val Accuracy: 89.47%
2026-09-15 08:56:25.295 | INFO     | train:linear_probe:190 - New best validation accuracy: 89.47 at epoch 4
2026-09-15 08:56:25.431 | INFO     | train:train_epoch:47 - Epoch 5, Step 0, Loss: 0.404091, Accuracy: 93.75%
2026-09-15 08:56:25.775 | INFO     | train:test_epoch:90 - Epoch 5, Val Loss: 0.318160, Val Accuracy: 91.73%
2026-09-15 08:56:25.776 | INFO     | train:linear_probe:190 - New best validation accuracy: 91.73 at epoch 5
2026-09-15 08:56:25.916 | INFO     | train:train_epoch:47 - Epoch 6, Step 0, Loss: 0.372010, Accuracy: 87.50%
2026-09-15 08:56:26.290 | INFO     | train:test_epoch:90 - Epoch 6, Val Loss: 0.285544, Val Accuracy: 91.73%
2026-09-15 08:56:26.438 | INFO     | train:train_epoch:47 - Epoch 7, Step 0, Loss: 0.321011, Accuracy: 90.62%
2026-09-15 08:56:26.771 | INFO     | train:test_epoch:90 - Epoch 7, Val Loss: 0.268036, Val Accuracy: 93.23%
2026-09-15 08:56:26.772 | INFO     | train:linear_probe:190 - New best validation accuracy: 93.23 at epoch 7
2026-09-15 08:56:26.899 | INFO     | train:train_epoch:47 - Epoch 8, Step 0, Loss: 0.293784, Accuracy: 96.88%
2026-09-15 08:56:27.237 | INFO     | train:test_epoch:90 - Epoch 8, Val Loss: 0.243329, Val Accuracy: 93.98%
2026-09-15 08:56:27.238 | INFO     | train:linear_probe:190 - New best validation accuracy: 93.98 at epoch 8
2026-09-15 08:56:27.398 | INFO     | train:train_epoch:47 - Epoch 9, Step 0, Loss: 0.330612, Accuracy: 87.50%
2026-09-15 08:56:27.749 | INFO     | train:test_epoch:90 - Epoch 9, Val Loss: 0.236498, Val Accuracy: 93.98%
2026-09-15 08:56:27.893 | INFO     | train:train_epoch:47 - Epoch 10, Step 0, Loss: 0.301369, Accuracy: 93.75%
2026-09-15 08:56:28.227 | INFO     | train:test_epoch:90 - Epoch 10, Val Loss: 0.221065, Val Accuracy: 96.24%
2026-09-15 08:56:28.228 | INFO     | train:linear_probe:190 - New best validation accuracy: 96.24 at epoch 10
2026-09-15 08:56:28.365 | INFO     | train:train_epoch:47 - Epoch 11, Step 0, Loss: 0.196384, Accuracy: 90.62%
2026-09-15 08:56:28.727 | INFO     | train:test_epoch:90 - Epoch 11, Val Loss: 0.218100, Val Accuracy: 95.49%
2026-09-15 08:56:28.875 | INFO     | train:train_epoch:47 - Epoch 12, Step 0, Loss: 0.234827, Accuracy: 90.62%
2026-09-15 08:56:29.206 | INFO     | train:test_epoch:90 - Epoch 12, Val Loss: 0.217158, Val Accuracy: 94.74%
2026-09-15 08:56:29.348 | INFO     | train:train_epoch:47 - Epoch 13, Step 0, Loss: 0.326698, Accuracy: 87.50%
2026-09-15 08:56:29.703 | INFO     | train:test_epoch:90 - Epoch 13, Val Loss: 0.216494, Val Accuracy: 94.74%
2026-09-15 08:56:29.840 | INFO     | train:train_epoch:47 - Epoch 14, Step 0, Loss: 0.255766, Accuracy: 87.50%
2026-09-15 08:56:30.179 | INFO     | train:test_epoch:90 - Epoch 14, Val Loss: 0.214743, Val Accuracy: 95.49%
2026-09-15 08:56:30.325 | INFO     | train:train_epoch:47 - Epoch 15, Step 0, Loss: 0.161666, Accuracy: 96.88%
2026-09-15 08:56:30.718 | INFO     | train:test_epoch:90 - Epoch 15, Val Loss: 0.215577, Val Accuracy: 94.74%
2026-09-15 08:56:30.847 | INFO     | train:train_epoch:47 - Epoch 16, Step 0, Loss: 0.230147, Accuracy: 93.75%
2026-09-15 08:56:31.213 | INFO     | train:test_epoch:90 - Epoch 16, Val Loss: 0.213298, Val Accuracy: 94.74%
2026-09-15 08:56:31.350 | INFO     | train:train_epoch:47 - Epoch 17, Step 0, Loss: 0.229375, Accuracy: 93.75%
2026-09-15 08:56:31.734 | INFO     | train:test_epoch:90 - Epoch 17, Val Loss: 0.211994, Val Accuracy: 94.74%
2026-09-15 08:56:31.863 | INFO     | train:train_epoch:47 - Epoch 18, Step 0, Loss: 0.281313, Accuracy: 93.75%
2026-09-15 08:56:32.212 | INFO     | train:test_epoch:90 - Epoch 18, Val Loss: 0.210774, Val Accuracy: 95.49%
2026-09-15 08:56:32.343 | INFO     | train:train_epoch:47 - Epoch 19, Step 0, Loss: 0.161311, Accuracy: 96.88%
2026-09-15 08:56:32.700 | INFO     | train:test_epoch:90 - Epoch 19, Val Loss: 0.210219, Val Accuracy: 94.74%
2026-09-15 08:56:32.896 | INFO     | train:train_epoch:47 - Epoch 20, Step 0, Loss: 0.154404, Accuracy: 100.00%
2026-09-15 08:56:33.418 | INFO     | train:test_epoch:90 - Epoch 20, Val Loss: 0.209193, Val Accuracy: 94.74%
2026-09-15 08:56:33.419 | INFO     | __main__:main:134 - Best validation accuracy for beta 0.80: 96.24%
2026-09-15 08:56:33.419 | INFO     | __main__:main:123 - Testing CT with beta: 0.81
2026-09-15 08:56:33.445 | INFO     | __main__:main:129 - Number of trainable parameters: 1539
2026-09-15 08:56:33.445 | INFO     | __main__:main:130 - Starting transfer learning...
2026-09-15 08:56:42.087 | INFO     | train:train_epoch:47 - Epoch 1, Step 0, Loss: 1.066589, Accuracy: 21.88%
2026-09-15 08:56:42.442 | INFO     | train:test_epoch:90 - Epoch 1, Val Loss: 0.746741, Val Accuracy: 65.41%
2026-09-15 08:56:42.443 | INFO     | train:linear_probe:190 - New best validation accuracy: 65.41 at epoch 1
2026-09-15 08:56:42.577 | INFO     | train:train_epoch:47 - Epoch 2, Step 0, Loss: 0.614667, Accuracy: 75.00%
2026-09-15 08:56:42.910 | INFO     | train:test_epoch:90 - Epoch 2, Val Loss: 0.473092, Val Accuracy: 84.96%
2026-09-15 08:56:42.911 | INFO     | train:linear_probe:190 - New best validation accuracy: 84.96 at epoch 2
2026-09-15 08:56:43.044 | INFO     | train:train_epoch:47 - Epoch 3, Step 0, Loss: 0.569975, Accuracy: 81.25%
2026-09-15 08:56:43.419 | INFO     | train:test_epoch:90 - Epoch 3, Val Loss: 0.397716, Val Accuracy: 87.97%
2026-09-15 08:56:43.420 | INFO     | train:linear_probe:190 - New best validation accuracy: 87.97 at epoch 3
2026-09-15 08:56:43.553 | INFO     | train:train_epoch:47 - Epoch 4, Step 0, Loss: 0.428815, Accuracy: 81.25%
2026-09-15 08:56:43.910 | INFO     | train:test_epoch:90 - Epoch 4, Val Loss: 0.333030, Val Accuracy: 93.98%
2026-09-15 08:56:43.911 | INFO     | train:linear_probe:190 - New best validation accuracy: 93.98 at epoch 4
2026-09-15 08:56:44.044 | INFO     | train:train_epoch:47 - Epoch 5, Step 0, Loss: 0.326877, Accuracy: 87.50%
2026-09-15 08:56:44.409 | INFO     | train:test_epoch:90 - Epoch 5, Val Loss: 0.295969, Val Accuracy: 93.98%
2026-09-15 08:56:44.539 | INFO     | train:train_epoch:47 - Epoch 6, Step 0, Loss: 0.381035, Accuracy: 87.50%
2026-09-15 08:56:44.891 | INFO     | train:test_epoch:90 - Epoch 6, Val Loss: 0.276488, Val Accuracy: 94.74%
2026-09-15 08:56:44.892 | INFO     | train:linear_probe:190 - New best validation accuracy: 94.74 at epoch 6
2026-09-15 08:56:45.016 | INFO     | train:train_epoch:47 - Epoch 7, Step 0, Loss: 0.338213, Accuracy: 87.50%
2026-09-15 08:56:45.372 | INFO     | train:test_epoch:90 - Epoch 7, Val Loss: 0.261716, Val Accuracy: 94.74%
2026-09-15 08:56:45.503 | INFO     | train:train_epoch:47 - Epoch 8, Step 0, Loss: 0.195415, Accuracy: 96.88%
2026-09-15 08:56:45.844 | INFO     | train:test_epoch:90 - Epoch 8, Val Loss: 0.235475, Val Accuracy: 95.49%
2026-09-15 08:56:45.845 | INFO     | train:linear_probe:190 - New best validation accuracy: 95.49 at epoch 8
2026-09-15 08:56:45.974 | INFO     | train:train_epoch:47 - Epoch 9, Step 0, Loss: 0.353467, Accuracy: 90.62%
2026-09-15 08:56:46.341 | INFO     | train:test_epoch:90 - Epoch 9, Val Loss: 0.226707, Val Accuracy: 96.24%
2026-09-15 08:56:46.342 | INFO     | train:linear_probe:190 - New best validation accuracy: 96.24 at epoch 9
2026-09-15 08:56:46.497 | INFO     | train:train_epoch:47 - Epoch 10, Step 0, Loss: 0.309776, Accuracy: 93.75%
2026-09-15 08:56:46.842 | INFO     | train:test_epoch:90 - Epoch 10, Val Loss: 0.209159, Val Accuracy: 96.99%
2026-09-15 08:56:46.843 | INFO     | train:linear_probe:190 - New best validation accuracy: 96.99 at epoch 10
2026-09-15 08:56:47.018 | INFO     | train:train_epoch:47 - Epoch 11, Step 0, Loss: 0.293944, Accuracy: 87.50%
2026-09-15 08:56:47.530 | INFO     | train:test_epoch:90 - Epoch 11, Val Loss: 0.209241, Val Accuracy: 96.99%
2026-09-15 08:56:47.737 | INFO     | train:train_epoch:47 - Epoch 12, Step 0, Loss: 0.150226, Accuracy: 96.88%
2026-09-15 08:56:48.346 | INFO     | train:test_epoch:90 - Epoch 12, Val Loss: 0.207750, Val Accuracy: 96.99%
2026-09-15 08:56:48.679 | INFO     | train:train_epoch:47 - Epoch 13, Step 0, Loss: 0.183616, Accuracy: 96.88%
2026-09-15 08:56:49.174 | INFO     | train:test_epoch:90 - Epoch 13, Val Loss: 0.207505, Val Accuracy: 96.99%
2026-09-15 08:56:49.367 | INFO     | train:train_epoch:47 - Epoch 14, Step 0, Loss: 0.232061, Accuracy: 93.75%
2026-09-15 08:56:49.921 | INFO     | train:test_epoch:90 - Epoch 14, Val Loss: 0.206133, Val Accuracy: 96.99%
2026-09-15 08:56:50.162 | INFO     | train:train_epoch:47 - Epoch 15, Step 0, Loss: 0.174872, Accuracy: 100.00%
2026-09-15 08:56:50.632 | INFO     | train:test_epoch:90 - Epoch 15, Val Loss: 0.204151, Val Accuracy: 96.99%
2026-09-15 08:56:50.786 | INFO     | train:train_epoch:47 - Epoch 16, Step 0, Loss: 0.340221, Accuracy: 93.75%
2026-09-15 08:56:51.148 | INFO     | train:test_epoch:90 - Epoch 16, Val Loss: 0.204977, Val Accuracy: 96.99%
2026-09-15 08:56:51.295 | INFO     | train:train_epoch:47 - Epoch 17, Step 0, Loss: 0.294763, Accuracy: 93.75%
2026-09-15 08:56:51.645 | INFO     | train:test_epoch:90 - Epoch 17, Val Loss: 0.202375, Val Accuracy: 96.99%
2026-09-15 08:56:51.777 | INFO     | train:train_epoch:47 - Epoch 18, Step 0, Loss: 0.222003, Accuracy: 90.62%
2026-09-15 08:56:52.139 | INFO     | train:test_epoch:90 - Epoch 18, Val Loss: 0.201818, Val Accuracy: 96.99%
2026-09-15 08:56:52.290 | INFO     | train:train_epoch:47 - Epoch 19, Step 0, Loss: 0.277769, Accuracy: 84.38%
2026-09-15 08:56:52.645 | INFO     | train:test_epoch:90 - Epoch 19, Val Loss: 0.200210, Val Accuracy: 96.99%
2026-09-15 08:56:52.785 | INFO     | train:train_epoch:47 - Epoch 20, Step 0, Loss: 0.221533, Accuracy: 93.75%
2026-09-15 08:56:53.146 | INFO     | train:test_epoch:90 - Epoch 20, Val Loss: 0.200507, Val Accuracy: 96.99%
2026-09-15 08:56:53.147 | INFO     | __main__:main:134 - Best validation accuracy for beta 0.81: 96.99%
2026-09-15 08:56:53.147 | INFO     | __main__:main:123 - Testing CT with beta: 0.82
2026-09-15 08:56:53.170 | INFO     | __main__:main:129 - Number of trainable parameters: 1539
2026-09-15 08:56:53.170 | INFO     | __main__:main:130 - Starting transfer learning...
2026-09-15 08:57:00.387 | INFO     | train:train_epoch:47 - Epoch 1, Step 0, Loss: 1.343540, Accuracy: 21.88%
2026-09-15 08:57:00.869 | INFO     | train:test_epoch:90 - Epoch 1, Val Loss: 0.767771, Val Accuracy: 67.67%
2026-09-15 08:57:00.870 | INFO     | train:linear_probe:190 - New best validation accuracy: 67.67 at epoch 1
2026-09-15 08:57:01.068 | INFO     | train:train_epoch:47 - Epoch 2, Step 0, Loss: 0.841315, Accuracy: 65.62%
2026-09-15 08:57:01.607 | INFO     | train:test_epoch:90 - Epoch 2, Val Loss: 0.499553, Val Accuracy: 82.71%
2026-09-15 08:57:01.608 | INFO     | train:linear_probe:190 - New best validation accuracy: 82.71 at epoch 2
2026-09-15 08:57:01.835 | INFO     | train:train_epoch:47 - Epoch 3, Step 0, Loss: 0.605709, Accuracy: 75.00%
2026-09-15 08:57:02.365 | INFO     | train:test_epoch:90 - Epoch 3, Val Loss: 0.410536, Val Accuracy: 89.47%
2026-09-15 08:57:02.367 | INFO     | train:linear_probe:190 - New best validation accuracy: 89.47 at epoch 3
2026-09-15 08:57:02.612 | INFO     | train:train_epoch:47 - Epoch 4, Step 0, Loss: 0.473577, Accuracy: 84.38%
2026-09-15 08:57:03.156 | INFO     | train:test_epoch:90 - Epoch 4, Val Loss: 0.350326, Val Accuracy: 90.23%
2026-09-15 08:57:03.157 | INFO     | train:linear_probe:190 - New best validation accuracy: 90.23 at epoch 4
2026-09-15 08:57:03.373 | INFO     | train:train_epoch:47 - Epoch 5, Step 0, Loss: 0.367618, Accuracy: 90.62%
2026-09-15 08:57:03.967 | INFO     | train:test_epoch:90 - Epoch 5, Val Loss: 0.324280, Val Accuracy: 90.23%
2026-09-15 08:57:04.099 | INFO     | train:train_epoch:47 - Epoch 6, Step 0, Loss: 0.222453, Accuracy: 93.75%
2026-09-15 08:57:04.488 | INFO     | train:test_epoch:90 - Epoch 6, Val Loss: 0.281808, Val Accuracy: 93.23%
2026-09-15 08:57:04.489 | INFO     | train:linear_probe:190 - New best validation accuracy: 93.23 at epoch 6
2026-09-15 08:57:04.634 | INFO     | train:train_epoch:47 - Epoch 7, Step 0, Loss: 0.263215, Accuracy: 93.75%
2026-09-15 08:57:05.039 | INFO     | train:test_epoch:90 - Epoch 7, Val Loss: 0.260088, Val Accuracy: 93.98%
2026-09-15 08:57:05.039 | INFO     | train:linear_probe:190 - New best validation accuracy: 93.98 at epoch 7
2026-09-15 08:57:05.177 | INFO     | train:train_epoch:47 - Epoch 8, Step 0, Loss: 0.305007, Accuracy: 90.62%
2026-09-15 08:57:05.543 | INFO     | train:test_epoch:90 - Epoch 8, Val Loss: 0.245800, Val Accuracy: 93.98%
2026-09-15 08:57:05.678 | INFO     | train:train_epoch:47 - Epoch 9, Step 0, Loss: 0.317912, Accuracy: 90.62%
2026-09-15 08:57:06.016 | INFO     | train:test_epoch:90 - Epoch 9, Val Loss: 0.234216, Val Accuracy: 94.74%
2026-09-15 08:57:06.017 | INFO     | train:linear_probe:190 - New best validation accuracy: 94.74 at epoch 9
2026-09-15 08:57:06.145 | INFO     | train:train_epoch:47 - Epoch 10, Step 0, Loss: 0.216269, Accuracy: 93.75%
2026-09-15 08:57:06.493 | INFO     | train:test_epoch:90 - Epoch 10, Val Loss: 0.233451, Val Accuracy: 92.48%
2026-09-15 08:57:06.639 | INFO     | train:train_epoch:47 - Epoch 11, Step 0, Loss: 0.302625, Accuracy: 90.62%
2026-09-15 08:57:07.011 | INFO     | train:test_epoch:90 - Epoch 11, Val Loss: 0.217025, Val Accuracy: 94.74%
2026-09-15 08:57:07.141 | INFO     | train:train_epoch:47 - Epoch 12, Step 0, Loss: 0.226156, Accuracy: 90.62%
2026-09-15 08:57:07.477 | INFO     | train:test_epoch:90 - Epoch 12, Val Loss: 0.216517, Val Accuracy: 95.49%
2026-09-15 08:57:07.478 | INFO     | train:linear_probe:190 - New best validation accuracy: 95.49 at epoch 12
2026-09-15 08:57:07.624 | INFO     | train:train_epoch:47 - Epoch 13, Step 0, Loss: 0.106830, Accuracy: 100.00%
2026-09-15 08:57:07.972 | INFO     | train:test_epoch:90 - Epoch 13, Val Loss: 0.215303, Val Accuracy: 94.74%
2026-09-15 08:57:08.107 | INFO     | train:train_epoch:47 - Epoch 14, Step 0, Loss: 0.167387, Accuracy: 96.88%
2026-09-15 08:57:08.437 | INFO     | train:test_epoch:90 - Epoch 14, Val Loss: 0.214647, Val Accuracy: 95.49%
2026-09-15 08:57:08.573 | INFO     | train:train_epoch:47 - Epoch 15, Step 0, Loss: 0.207859, Accuracy: 96.88%
2026-09-15 08:57:08.936 | INFO     | train:test_epoch:90 - Epoch 15, Val Loss: 0.214890, Val Accuracy: 95.49%
2026-09-15 08:57:09.071 | INFO     | train:train_epoch:47 - Epoch 16, Step 0, Loss: 0.195625, Accuracy: 96.88%
2026-09-15 08:57:09.417 | INFO     | train:test_epoch:90 - Epoch 16, Val Loss: 0.212284, Val Accuracy: 94.74%
2026-09-15 08:57:09.548 | INFO     | train:train_epoch:47 - Epoch 17, Step 0, Loss: 0.202270, Accuracy: 93.75%
2026-09-15 08:57:09.904 | INFO     | train:test_epoch:90 - Epoch 17, Val Loss: 0.211627, Val Accuracy: 95.49%
2026-09-15 08:57:10.040 | INFO     | train:train_epoch:47 - Epoch 18, Step 0, Loss: 0.136051, Accuracy: 100.00%
2026-09-15 08:57:10.389 | INFO     | train:test_epoch:90 - Epoch 18, Val Loss: 0.210941, Val Accuracy: 95.49%
2026-09-15 08:57:10.519 | INFO     | train:train_epoch:47 - Epoch 19, Step 0, Loss: 0.140174, Accuracy: 96.88%
2026-09-15 08:57:10.894 | INFO     | train:test_epoch:90 - Epoch 19, Val Loss: 0.209094, Val Accuracy: 95.49%
2026-09-15 08:57:11.030 | INFO     | train:train_epoch:47 - Epoch 20, Step 0, Loss: 0.254270, Accuracy: 84.38%
2026-09-15 08:57:11.381 | INFO     | train:test_epoch:90 - Epoch 20, Val Loss: 0.208199, Val Accuracy: 95.49%
2026-09-15 08:57:11.382 | INFO     | __main__:main:134 - Best validation accuracy for beta 0.82: 95.49%
2026-09-15 08:57:11.383 | INFO     | __main__:main:123 - Testing CT with beta: 0.83
2026-09-15 08:57:11.400 | INFO     | __main__:main:129 - Number of trainable parameters: 1539
2026-09-15 08:57:11.400 | INFO     | __main__:main:130 - Starting transfer learning...
2026-09-15 08:57:20.360 | INFO     | train:train_epoch:47 - Epoch 1, Step 0, Loss: 1.124995, Accuracy: 46.88%
2026-09-15 08:57:20.704 | INFO     | train:test_epoch:90 - Epoch 1, Val Loss: 0.758210, Val Accuracy: 66.92%
2026-09-15 08:57:20.705 | INFO     | train:linear_probe:190 - New best validation accuracy: 66.92 at epoch 1
2026-09-15 08:57:20.844 | INFO     | train:train_epoch:47 - Epoch 2, Step 0, Loss: 0.727738, Accuracy: 59.38%
2026-09-15 08:57:21.192 | INFO     | train:test_epoch:90 - Epoch 2, Val Loss: 0.498401, Val Accuracy: 84.21%
2026-09-15 08:57:21.193 | INFO     | train:linear_probe:190 - New best validation accuracy: 84.21 at epoch 2
2026-09-15 08:57:21.334 | INFO     | train:train_epoch:47 - Epoch 3, Step 0, Loss: 0.554290, Accuracy: 68.75%
2026-09-15 08:57:21.690 | INFO     | train:test_epoch:90 - Epoch 3, Val Loss: 0.402720, Val Accuracy: 86.47%
2026-09-15 08:57:21.691 | INFO     | train:linear_probe:190 - New best validation accuracy: 86.47 at epoch 3
2026-09-15 08:57:21.832 | INFO     | train:train_epoch:47 - Epoch 4, Step 0, Loss: 0.560639, Accuracy: 78.12%
2026-09-15 08:57:22.183 | INFO     | train:test_epoch:90 - Epoch 4, Val Loss: 0.351125, Val Accuracy: 90.23%
2026-09-15 08:57:22.184 | INFO     | train:linear_probe:190 - New best validation accuracy: 90.23 at epoch 4
2026-09-15 08:57:22.330 | INFO     | train:train_epoch:47 - Epoch 5, Step 0, Loss: 0.400135, Accuracy: 87.50%
2026-09-15 08:57:22.681 | INFO     | train:test_epoch:90 - Epoch 5, Val Loss: 0.320753, Val Accuracy: 89.47%
2026-09-15 08:57:22.820 | INFO     | train:train_epoch:47 - Epoch 6, Step 0, Loss: 0.317233, Accuracy: 90.62%
2026-09-15 08:57:23.167 | INFO     | train:test_epoch:90 - Epoch 6, Val Loss: 0.294840, Val Accuracy: 91.73%
2026-09-15 08:57:23.168 | INFO     | train:linear_probe:190 - New best validation accuracy: 91.73 at epoch 6
2026-09-15 08:57:23.303 | INFO     | train:train_epoch:47 - Epoch 7, Step 0, Loss: 0.339406, Accuracy: 81.25%
2026-09-15 08:57:23.671 | INFO     | train:test_epoch:90 - Epoch 7, Val Loss: 0.276092, Val Accuracy: 91.73%
2026-09-15 08:57:23.808 | INFO     | train:train_epoch:47 - Epoch 8, Step 0, Loss: 0.250322, Accuracy: 93.75%
2026-09-15 08:57:24.162 | INFO     | train:test_epoch:90 - Epoch 8, Val Loss: 0.262837, Val Accuracy: 92.48%
2026-09-15 08:57:24.163 | INFO     | train:linear_probe:190 - New best validation accuracy: 92.48 at epoch 8
2026-09-15 08:57:24.309 | INFO     | train:train_epoch:47 - Epoch 9, Step 0, Loss: 0.356682, Accuracy: 90.62%
2026-09-15 08:57:24.673 | INFO     | train:test_epoch:90 - Epoch 9, Val Loss: 0.250825, Val Accuracy: 92.48%
2026-09-15 08:57:24.816 | INFO     | train:train_epoch:47 - Epoch 10, Step 0, Loss: 0.344786, Accuracy: 84.38%
2026-09-15 08:57:25.159 | INFO     | train:test_epoch:90 - Epoch 10, Val Loss: 0.235269, Val Accuracy: 91.73%
2026-09-15 08:57:25.313 | INFO     | train:train_epoch:47 - Epoch 11, Step 0, Loss: 0.214044, Accuracy: 96.88%
2026-09-15 08:57:25.683 | INFO     | train:test_epoch:90 - Epoch 11, Val Loss: 0.224818, Val Accuracy: 95.49%
2026-09-15 08:57:25.684 | INFO     | train:linear_probe:190 - New best validation accuracy: 95.49 at epoch 11
2026-09-15 08:57:25.825 | INFO     | train:train_epoch:47 - Epoch 12, Step 0, Loss: 0.258892, Accuracy: 96.88%
2026-09-15 08:57:26.176 | INFO     | train:test_epoch:90 - Epoch 12, Val Loss: 0.225475, Val Accuracy: 92.48%
2026-09-15 08:57:26.338 | INFO     | train:train_epoch:47 - Epoch 13, Step 0, Loss: 0.220412, Accuracy: 93.75%
2026-09-15 08:57:26.715 | INFO     | train:test_epoch:90 - Epoch 13, Val Loss: 0.224216, Val Accuracy: 94.74%
2026-09-15 08:57:26.863 | INFO     | train:train_epoch:47 - Epoch 14, Step 0, Loss: 0.179544, Accuracy: 93.75%
2026-09-15 08:57:27.214 | INFO     | train:test_epoch:90 - Epoch 14, Val Loss: 0.223214, Val Accuracy: 93.98%
2026-09-15 08:57:27.375 | INFO     | train:train_epoch:47 - Epoch 15, Step 0, Loss: 0.194105, Accuracy: 93.75%
2026-09-15 08:57:27.757 | INFO     | train:test_epoch:90 - Epoch 15, Val Loss: 0.221819, Val Accuracy: 93.98%
2026-09-15 08:57:27.884 | INFO     | train:train_epoch:47 - Epoch 16, Step 0, Loss: 0.181902, Accuracy: 93.75%
2026-09-15 08:57:28.308 | INFO     | train:test_epoch:90 - Epoch 16, Val Loss: 0.220014, Val Accuracy: 95.49%
2026-09-15 08:57:28.510 | INFO     | train:train_epoch:47 - Epoch 17, Step 0, Loss: 0.260877, Accuracy: 84.38%
2026-09-15 08:57:29.064 | INFO     | train:test_epoch:90 - Epoch 17, Val Loss: 0.219543, Val Accuracy: 93.23%
2026-09-15 08:57:29.253 | INFO     | train:train_epoch:47 - Epoch 18, Step 0, Loss: 0.225752, Accuracy: 90.62%
2026-09-15 08:57:29.813 | INFO     | train:test_epoch:90 - Epoch 18, Val Loss: 0.218595, Val Accuracy: 93.23%
2026-09-15 08:57:30.050 | INFO     | train:train_epoch:47 - Epoch 19, Step 0, Loss: 0.234387, Accuracy: 93.75%
2026-09-15 08:57:30.585 | INFO     | train:test_epoch:90 - Epoch 19, Val Loss: 0.218249, Val Accuracy: 93.98%
2026-09-15 08:57:30.829 | INFO     | train:train_epoch:47 - Epoch 20, Step 0, Loss: 0.223365, Accuracy: 93.75%
2026-09-15 08:57:31.379 | INFO     | train:test_epoch:90 - Epoch 20, Val Loss: 0.218299, Val Accuracy: 93.23%
2026-09-15 08:57:31.380 | INFO     | __main__:main:134 - Best validation accuracy for beta 0.83: 95.49%
2026-09-15 08:57:31.380 | INFO     | __main__:main:123 - Testing CT with beta: 0.84
2026-09-15 08:57:31.407 | INFO     | __main__:main:129 - Number of trainable parameters: 1539
2026-09-15 08:57:31.407 | INFO     | __main__:main:130 - Starting transfer learning...
2026-09-15 08:57:38.968 | INFO     | train:train_epoch:47 - Epoch 1, Step 0, Loss: 1.227411, Accuracy: 18.75%
2026-09-15 08:57:39.328 | INFO     | train:test_epoch:90 - Epoch 1, Val Loss: 0.780994, Val Accuracy: 63.91%
2026-09-15 08:57:39.329 | INFO     | train:linear_probe:190 - New best validation accuracy: 63.91 at epoch 1
2026-09-15 08:57:39.487 | INFO     | train:train_epoch:47 - Epoch 2, Step 0, Loss: 0.815579, Accuracy: 68.75%
2026-09-15 08:57:39.830 | INFO     | train:test_epoch:90 - Epoch 2, Val Loss: 0.510830, Val Accuracy: 84.96%
2026-09-15 08:57:39.831 | INFO     | train:linear_probe:190 - New best validation accuracy: 84.96 at epoch 2
2026-09-15 08:57:39.970 | INFO     | train:train_epoch:47 - Epoch 3, Step 0, Loss: 0.418863, Accuracy: 90.62%
2026-09-15 08:57:40.308 | INFO     | train:test_epoch:90 - Epoch 3, Val Loss: 0.419264, Val Accuracy: 87.22%
2026-09-15 08:57:40.309 | INFO     | train:linear_probe:190 - New best validation accuracy: 87.22 at epoch 3
2026-09-15 08:57:40.446 | INFO     | train:train_epoch:47 - Epoch 4, Step 0, Loss: 0.350312, Accuracy: 93.75%
2026-09-15 08:57:40.796 | INFO     | train:test_epoch:90 - Epoch 4, Val Loss: 0.384569, Val Accuracy: 87.97%
2026-09-15 08:57:40.797 | INFO     | train:linear_probe:190 - New best validation accuracy: 87.97 at epoch 4
2026-09-15 08:57:40.925 | INFO     | train:train_epoch:47 - Epoch 5, Step 0, Loss: 0.309629, Accuracy: 84.38%
2026-09-15 08:57:41.265 | INFO     | train:test_epoch:90 - Epoch 5, Val Loss: 0.327236, Val Accuracy: 90.98%
2026-09-15 08:57:41.266 | INFO     | train:linear_probe:190 - New best validation accuracy: 90.98 at epoch 5
2026-09-15 08:57:41.402 | INFO     | train:train_epoch:47 - Epoch 6, Step 0, Loss: 0.321393, Accuracy: 93.75%
2026-09-15 08:57:41.918 | INFO     | train:test_epoch:90 - Epoch 6, Val Loss: 0.301462, Val Accuracy: 90.98%
2026-09-15 08:57:42.119 | INFO     | train:train_epoch:47 - Epoch 7, Step 0, Loss: 0.283126, Accuracy: 93.75%
2026-09-15 08:57:42.668 | INFO     | train:test_epoch:90 - Epoch 7, Val Loss: 0.281193, Val Accuracy: 90.98%
2026-09-15 08:57:42.881 | INFO     | train:train_epoch:47 - Epoch 8, Step 0, Loss: 0.264691, Accuracy: 87.50%
2026-09-15 08:57:43.400 | INFO     | train:test_epoch:90 - Epoch 8, Val Loss: 0.263465, Val Accuracy: 92.48%
2026-09-15 08:57:43.403 | INFO     | train:linear_probe:190 - New best validation accuracy: 92.48 at epoch 8
2026-09-15 08:57:43.629 | INFO     | train:train_epoch:47 - Epoch 9, Step 0, Loss: 0.117940, Accuracy: 100.00%
2026-09-15 08:57:44.202 | INFO     | train:test_epoch:90 - Epoch 9, Val Loss: 0.254138, Val Accuracy: 90.98%
2026-09-15 08:57:44.420 | INFO     | train:train_epoch:47 - Epoch 10, Step 0, Loss: 0.349642, Accuracy: 81.25%
2026-09-15 08:57:44.926 | INFO     | train:test_epoch:90 - Epoch 10, Val Loss: 0.245214, Val Accuracy: 92.48%
2026-09-15 08:57:45.069 | INFO     | train:train_epoch:47 - Epoch 11, Step 0, Loss: 0.251363, Accuracy: 87.50%
2026-09-15 08:57:45.424 | INFO     | train:test_epoch:90 - Epoch 11, Val Loss: 0.237349, Val Accuracy: 94.74%
2026-09-15 08:57:45.425 | INFO     | train:linear_probe:190 - New best validation accuracy: 94.74 at epoch 11
2026-09-15 08:57:45.567 | INFO     | train:train_epoch:47 - Epoch 12, Step 0, Loss: 0.204055, Accuracy: 96.88%
2026-09-15 08:57:45.932 | INFO     | train:test_epoch:90 - Epoch 12, Val Loss: 0.236678, Val Accuracy: 93.23%
2026-09-15 08:57:46.069 | INFO     | train:train_epoch:47 - Epoch 13, Step 0, Loss: 0.215209, Accuracy: 93.75%
2026-09-15 08:57:46.414 | INFO     | train:test_epoch:90 - Epoch 13, Val Loss: 0.235245, Val Accuracy: 93.23%
2026-09-15 08:57:46.542 | INFO     | train:train_epoch:47 - Epoch 14, Step 0, Loss: 0.238739, Accuracy: 90.62%
2026-09-15 08:57:46.909 | INFO     | train:test_epoch:90 - Epoch 14, Val Loss: 0.234353, Val Accuracy: 93.23%
2026-09-15 08:57:47.055 | INFO     | train:train_epoch:47 - Epoch 15, Step 0, Loss: 0.173831, Accuracy: 96.88%
2026-09-15 08:57:47.403 | INFO     | train:test_epoch:90 - Epoch 15, Val Loss: 0.232840, Val Accuracy: 93.23%
2026-09-15 08:57:47.553 | INFO     | train:train_epoch:47 - Epoch 16, Step 0, Loss: 0.223515, Accuracy: 96.88%
2026-09-15 08:57:47.913 | INFO     | train:test_epoch:90 - Epoch 16, Val Loss: 0.231932, Val Accuracy: 93.23%
2026-09-15 08:57:48.070 | INFO     | train:train_epoch:47 - Epoch 17, Step 0, Loss: 0.172143, Accuracy: 93.75%
2026-09-15 08:57:48.417 | INFO     | train:test_epoch:90 - Epoch 17, Val Loss: 0.230471, Val Accuracy: 93.98%
2026-09-15 08:57:48.557 | INFO     | train:train_epoch:47 - Epoch 18, Step 0, Loss: 0.162248, Accuracy: 93.75%
2026-09-15 08:57:48.907 | INFO     | train:test_epoch:90 - Epoch 18, Val Loss: 0.230080, Val Accuracy: 93.98%
2026-09-15 08:57:49.065 | INFO     | train:train_epoch:47 - Epoch 19, Step 0, Loss: 0.274654, Accuracy: 90.62%
2026-09-15 08:57:49.459 | INFO     | train:test_epoch:90 - Epoch 19, Val Loss: 0.228814, Val Accuracy: 93.23%
2026-09-15 08:57:49.600 | INFO     | train:train_epoch:47 - Epoch 20, Step 0, Loss: 0.178599, Accuracy: 96.88%
2026-09-15 08:57:49.956 | INFO     | train:test_epoch:90 - Epoch 20, Val Loss: 0.227883, Val Accuracy: 93.98%
2026-09-15 08:57:49.956 | INFO     | __main__:main:134 - Best validation accuracy for beta 0.84: 94.74%
2026-09-15 08:57:49.957 | INFO     | __main__:main:123 - Testing CT with beta: 0.85
2026-09-15 08:57:49.974 | INFO     | __main__:main:129 - Number of trainable parameters: 1539
2026-09-15 08:57:49.974 | INFO     | __main__:main:130 - Starting transfer learning...
2026-09-15 08:57:58.320 | INFO     | train:train_epoch:47 - Epoch 1, Step 0, Loss: 1.127037, Accuracy: 40.62%
2026-09-15 08:57:58.696 | INFO     | train:test_epoch:90 - Epoch 1, Val Loss: 0.736182, Val Accuracy: 68.42%
2026-09-15 08:57:58.697 | INFO     | train:linear_probe:190 - New best validation accuracy: 68.42 at epoch 1
2026-09-15 08:57:58.843 | INFO     | train:train_epoch:47 - Epoch 2, Step 0, Loss: 0.712517, Accuracy: 71.88%
2026-09-15 08:57:59.185 | INFO     | train:test_epoch:90 - Epoch 2, Val Loss: 0.484154, Val Accuracy: 83.46%
2026-09-15 08:57:59.186 | INFO     | train:linear_probe:190 - New best validation accuracy: 83.46 at epoch 2
2026-09-15 08:57:59.317 | INFO     | train:train_epoch:47 - Epoch 3, Step 0, Loss: 0.515165, Accuracy: 90.62%
2026-09-15 08:57:59.691 | INFO     | train:test_epoch:90 - Epoch 3, Val Loss: 0.398497, Val Accuracy: 84.21%
2026-09-15 08:57:59.692 | INFO     | train:linear_probe:190 - New best validation accuracy: 84.21 at epoch 3
2026-09-15 08:57:59.844 | INFO     | train:train_epoch:47 - Epoch 4, Step 0, Loss: 0.506393, Accuracy: 87.50%
2026-09-15 08:58:00.196 | INFO     | train:test_epoch:90 - Epoch 4, Val Loss: 0.353918, Val Accuracy: 90.23%
2026-09-15 08:58:00.197 | INFO     | train:linear_probe:190 - New best validation accuracy: 90.23 at epoch 4
2026-09-15 08:58:00.338 | INFO     | train:train_epoch:47 - Epoch 5, Step 0, Loss: 0.454110, Accuracy: 87.50%
2026-09-15 08:58:00.722 | INFO     | train:test_epoch:90 - Epoch 5, Val Loss: 0.319577, Val Accuracy: 93.23%
2026-09-15 08:58:00.723 | INFO     | train:linear_probe:190 - New best validation accuracy: 93.23 at epoch 5
2026-09-15 08:58:00.876 | INFO     | train:train_epoch:47 - Epoch 6, Step 0, Loss: 0.346373, Accuracy: 87.50%
2026-09-15 08:58:01.224 | INFO     | train:test_epoch:90 - Epoch 6, Val Loss: 0.292765, Val Accuracy: 92.48%
2026-09-15 08:58:01.369 | INFO     | train:train_epoch:47 - Epoch 7, Step 0, Loss: 0.230716, Accuracy: 90.62%
2026-09-15 08:58:01.729 | INFO     | train:test_epoch:90 - Epoch 7, Val Loss: 0.278830, Val Accuracy: 90.98%
2026-09-15 08:58:01.891 | INFO     | train:train_epoch:47 - Epoch 8, Step 0, Loss: 0.158140, Accuracy: 100.00%
2026-09-15 08:58:02.253 | INFO     | train:test_epoch:90 - Epoch 8, Val Loss: 0.269548, Val Accuracy: 90.23%
2026-09-15 08:58:02.397 | INFO     | train:train_epoch:47 - Epoch 9, Step 0, Loss: 0.211523, Accuracy: 96.88%
2026-09-15 08:58:02.757 | INFO     | train:test_epoch:90 - Epoch 9, Val Loss: 0.249381, Val Accuracy: 90.98%
2026-09-15 08:58:02.911 | INFO     | train:train_epoch:47 - Epoch 10, Step 0, Loss: 0.204643, Accuracy: 93.75%
2026-09-15 08:58:03.257 | INFO     | train:test_epoch:90 - Epoch 10, Val Loss: 0.241430, Val Accuracy: 92.48%
2026-09-15 08:58:03.391 | INFO     | train:train_epoch:47 - Epoch 11, Step 0, Loss: 0.123552, Accuracy: 100.00%
2026-09-15 08:58:03.737 | INFO     | train:test_epoch:90 - Epoch 11, Val Loss: 0.237837, Val Accuracy: 92.48%
2026-09-15 08:58:03.878 | INFO     | train:train_epoch:47 - Epoch 12, Step 0, Loss: 0.165636, Accuracy: 96.88%
2026-09-15 08:58:04.232 | INFO     | train:test_epoch:90 - Epoch 12, Val Loss: 0.236829, Val Accuracy: 93.23%
2026-09-15 08:58:04.367 | INFO     | train:train_epoch:47 - Epoch 13, Step 0, Loss: 0.213303, Accuracy: 93.75%
2026-09-15 08:58:04.720 | INFO     | train:test_epoch:90 - Epoch 13, Val Loss: 0.235676, Val Accuracy: 93.23%
2026-09-15 08:58:04.855 | INFO     | train:train_epoch:47 - Epoch 14, Step 0, Loss: 0.357386, Accuracy: 84.38%
2026-09-15 08:58:05.221 | INFO     | train:test_epoch:90 - Epoch 14, Val Loss: 0.235698, Val Accuracy: 93.23%
2026-09-15 08:58:05.363 | INFO     | train:train_epoch:47 - Epoch 15, Step 0, Loss: 0.220052, Accuracy: 96.88%
2026-09-15 08:58:05.743 | INFO     | train:test_epoch:90 - Epoch 15, Val Loss: 0.234122, Val Accuracy: 93.23%
2026-09-15 08:58:05.901 | INFO     | train:train_epoch:47 - Epoch 16, Step 0, Loss: 0.183346, Accuracy: 100.00%
2026-09-15 08:58:06.259 | INFO     | train:test_epoch:90 - Epoch 16, Val Loss: 0.233701, Val Accuracy: 92.48%
2026-09-15 08:58:06.394 | INFO     | train:train_epoch:47 - Epoch 17, Step 0, Loss: 0.222367, Accuracy: 93.75%
2026-09-15 08:58:06.756 | INFO     | train:test_epoch:90 - Epoch 17, Val Loss: 0.233524, Val Accuracy: 93.23%
2026-09-15 08:58:06.877 | INFO     | train:train_epoch:47 - Epoch 18, Step 0, Loss: 0.213688, Accuracy: 96.88%
2026-09-15 08:58:07.252 | INFO     | train:test_epoch:90 - Epoch 18, Val Loss: 0.231752, Val Accuracy: 93.23%
2026-09-15 08:58:07.383 | INFO     | train:train_epoch:47 - Epoch 19, Step 0, Loss: 0.269938, Accuracy: 90.62%
2026-09-15 08:58:07.742 | INFO     | train:test_epoch:90 - Epoch 19, Val Loss: 0.230822, Val Accuracy: 93.23%
2026-09-15 08:58:07.881 | INFO     | train:train_epoch:47 - Epoch 20, Step 0, Loss: 0.196166, Accuracy: 90.62%
2026-09-15 08:58:08.275 | INFO     | train:test_epoch:90 - Epoch 20, Val Loss: 0.229864, Val Accuracy: 93.23%
2026-09-15 08:58:08.276 | INFO     | __main__:main:134 - Best validation accuracy for beta 0.85: 93.23%
2026-09-15 08:58:08.277 | INFO     | __main__:main:123 - Testing CT with beta: 0.86
2026-09-15 08:58:08.306 | INFO     | __main__:main:129 - Number of trainable parameters: 1539
2026-09-15 08:58:08.307 | INFO     | __main__:main:130 - Starting transfer learning...
2026-09-15 08:58:17.095 | INFO     | train:train_epoch:47 - Epoch 1, Step 0, Loss: 1.659808, Accuracy: 25.00%
2026-09-15 08:58:17.437 | INFO     | train:test_epoch:90 - Epoch 1, Val Loss: 0.813751, Val Accuracy: 69.17%
2026-09-15 08:58:17.437 | INFO     | train:linear_probe:190 - New best validation accuracy: 69.17 at epoch 1
2026-09-15 08:58:17.573 | INFO     | train:train_epoch:47 - Epoch 2, Step 0, Loss: 0.927062, Accuracy: 56.25%
2026-09-15 08:58:17.936 | INFO     | train:test_epoch:90 - Epoch 2, Val Loss: 0.530573, Val Accuracy: 83.46%
2026-09-15 08:58:17.937 | INFO     | train:linear_probe:190 - New best validation accuracy: 83.46 at epoch 2
2026-09-15 08:58:18.065 | INFO     | train:train_epoch:47 - Epoch 3, Step 0, Loss: 0.641054, Accuracy: 71.88%
2026-09-15 08:58:18.415 | INFO     | train:test_epoch:90 - Epoch 3, Val Loss: 0.430107, Val Accuracy: 86.47%
2026-09-15 08:58:18.416 | INFO     | train:linear_probe:190 - New best validation accuracy: 86.47 at epoch 3
2026-09-15 08:58:18.552 | INFO     | train:train_epoch:47 - Epoch 4, Step 0, Loss: 0.322452, Accuracy: 96.88%
2026-09-15 08:58:18.915 | INFO     | train:test_epoch:90 - Epoch 4, Val Loss: 0.377220, Val Accuracy: 90.23%
2026-09-15 08:58:18.916 | INFO     | train:linear_probe:190 - New best validation accuracy: 90.23 at epoch 4
2026-09-15 08:58:19.044 | INFO     | train:train_epoch:47 - Epoch 5, Step 0, Loss: 0.377295, Accuracy: 90.62%
2026-09-15 08:58:19.392 | INFO     | train:test_epoch:90 - Epoch 5, Val Loss: 0.349998, Val Accuracy: 89.47%
2026-09-15 08:58:19.533 | INFO     | train:train_epoch:47 - Epoch 6, Step 0, Loss: 0.292512, Accuracy: 90.62%
2026-09-15 08:58:19.911 | INFO     | train:test_epoch:90 - Epoch 6, Val Loss: 0.311142, Val Accuracy: 90.23%
2026-09-15 08:58:20.051 | INFO     | train:train_epoch:47 - Epoch 7, Step 0, Loss: 0.639039, Accuracy: 71.88%
2026-09-15 08:58:20.402 | INFO     | train:test_epoch:90 - Epoch 7, Val Loss: 0.287390, Val Accuracy: 92.48%
2026-09-15 08:58:20.403 | INFO     | train:linear_probe:190 - New best validation accuracy: 92.48 at epoch 7
2026-09-15 08:58:20.553 | INFO     | train:train_epoch:47 - Epoch 8, Step 0, Loss: 0.498953, Accuracy: 81.25%
2026-09-15 08:58:20.921 | INFO     | train:test_epoch:90 - Epoch 8, Val Loss: 0.278087, Val Accuracy: 93.23%
2026-09-15 08:58:20.922 | INFO     | train:linear_probe:190 - New best validation accuracy: 93.23 at epoch 8
2026-09-15 08:58:21.061 | INFO     | train:train_epoch:47 - Epoch 9, Step 0, Loss: 0.401444, Accuracy: 84.38%
2026-09-15 08:58:21.409 | INFO     | train:test_epoch:90 - Epoch 9, Val Loss: 0.270837, Val Accuracy: 91.73%
2026-09-15 08:58:21.538 | INFO     | train:train_epoch:47 - Epoch 10, Step 0, Loss: 0.119284, Accuracy: 100.00%
2026-09-15 08:58:21.903 | INFO     | train:test_epoch:90 - Epoch 10, Val Loss: 0.261291, Val Accuracy: 90.98%
2026-09-15 08:58:22.040 | INFO     | train:train_epoch:47 - Epoch 11, Step 0, Loss: 0.233793, Accuracy: 96.88%
2026-09-15 08:58:22.548 | INFO     | train:test_epoch:90 - Epoch 11, Val Loss: 0.248497, Val Accuracy: 92.48%
2026-09-15 08:58:22.762 | INFO     | train:train_epoch:47 - Epoch 12, Step 0, Loss: 0.235760, Accuracy: 93.75%
2026-09-15 08:58:23.295 | INFO     | train:test_epoch:90 - Epoch 12, Val Loss: 0.245581, Val Accuracy: 93.23%
2026-09-15 08:58:23.514 | INFO     | train:train_epoch:47 - Epoch 13, Step 0, Loss: 0.361623, Accuracy: 87.50%
2026-09-15 08:58:24.053 | INFO     | train:test_epoch:90 - Epoch 13, Val Loss: 0.245374, Val Accuracy: 92.48%
2026-09-15 08:58:24.284 | INFO     | train:train_epoch:47 - Epoch 14, Step 0, Loss: 0.241654, Accuracy: 96.88%
2026-09-15 08:58:24.836 | INFO     | train:test_epoch:90 - Epoch 14, Val Loss: 0.243330, Val Accuracy: 93.23%
2026-09-15 08:58:25.047 | INFO     | train:train_epoch:47 - Epoch 15, Step 0, Loss: 0.171725, Accuracy: 100.00%
2026-09-15 08:58:25.577 | INFO     | train:test_epoch:90 - Epoch 15, Val Loss: 0.241879, Val Accuracy: 92.48%
2026-09-15 08:58:25.719 | INFO     | train:train_epoch:47 - Epoch 16, Step 0, Loss: 0.238973, Accuracy: 93.75%
2026-09-15 08:58:26.090 | INFO     | train:test_epoch:90 - Epoch 16, Val Loss: 0.242280, Val Accuracy: 92.48%
2026-09-15 08:58:26.228 | INFO     | train:train_epoch:47 - Epoch 17, Step 0, Loss: 0.156890, Accuracy: 96.88%
2026-09-15 08:58:26.565 | INFO     | train:test_epoch:90 - Epoch 17, Val Loss: 0.240329, Val Accuracy: 93.23%
2026-09-15 08:58:26.706 | INFO     | train:train_epoch:47 - Epoch 18, Step 0, Loss: 0.225165, Accuracy: 100.00%
2026-09-15 08:58:27.036 | INFO     | train:test_epoch:90 - Epoch 18, Val Loss: 0.239908, Val Accuracy: 93.23%
2026-09-15 08:58:27.189 | INFO     | train:train_epoch:47 - Epoch 19, Step 0, Loss: 0.159877, Accuracy: 93.75%
2026-09-15 08:58:27.544 | INFO     | train:test_epoch:90 - Epoch 19, Val Loss: 0.238501, Val Accuracy: 93.23%
2026-09-15 08:58:27.679 | INFO     | train:train_epoch:47 - Epoch 20, Step 0, Loss: 0.181976, Accuracy: 93.75%
2026-09-15 08:58:28.010 | INFO     | train:test_epoch:90 - Epoch 20, Val Loss: 0.237028, Val Accuracy: 93.23%
2026-09-15 08:58:28.011 | INFO     | __main__:main:134 - Best validation accuracy for beta 0.86: 93.23%
2026-09-15 08:58:28.011 | INFO     | __main__:main:123 - Testing CT with beta: 0.87
2026-09-15 08:58:28.027 | INFO     | __main__:main:129 - Number of trainable parameters: 1539
2026-09-15 08:58:28.027 | INFO     | __main__:main:130 - Starting transfer learning...
2026-09-15 08:58:35.304 | INFO     | train:train_epoch:47 - Epoch 1, Step 0, Loss: 1.154643, Accuracy: 46.88%
2026-09-15 08:58:35.711 | INFO     | train:test_epoch:90 - Epoch 1, Val Loss: 0.721869, Val Accuracy: 77.44%
2026-09-15 08:58:35.713 | INFO     | train:linear_probe:190 - New best validation accuracy: 77.44 at epoch 1
2026-09-15 08:58:35.938 | INFO     | train:train_epoch:47 - Epoch 2, Step 0, Loss: 0.718978, Accuracy: 81.25%
2026-09-15 08:58:36.538 | INFO     | train:test_epoch:90 - Epoch 2, Val Loss: 0.486363, Val Accuracy: 84.21%
2026-09-15 08:58:36.539 | INFO     | train:linear_probe:190 - New best validation accuracy: 84.21 at epoch 2
2026-09-15 08:58:36.788 | INFO     | train:train_epoch:47 - Epoch 3, Step 0, Loss: 0.514540, Accuracy: 75.00%
2026-09-15 08:58:37.319 | INFO     | train:test_epoch:90 - Epoch 3, Val Loss: 0.407163, Val Accuracy: 87.97%
2026-09-15 08:58:37.320 | INFO     | train:linear_probe:190 - New best validation accuracy: 87.97 at epoch 3
2026-09-15 08:58:37.570 | INFO     | train:train_epoch:47 - Epoch 4, Step 0, Loss: 0.481281, Accuracy: 87.50%
2026-09-15 08:58:38.154 | INFO     | train:test_epoch:90 - Epoch 4, Val Loss: 0.360153, Val Accuracy: 89.47%
2026-09-15 08:58:38.155 | INFO     | train:linear_probe:190 - New best validation accuracy: 89.47 at epoch 4
2026-09-15 08:58:38.379 | INFO     | train:train_epoch:47 - Epoch 5, Step 0, Loss: 0.351473, Accuracy: 90.62%
2026-09-15 08:58:38.962 | INFO     | train:test_epoch:90 - Epoch 5, Val Loss: 0.329818, Val Accuracy: 90.98%
2026-09-15 08:58:38.963 | INFO     | train:linear_probe:190 - New best validation accuracy: 90.98 at epoch 5
2026-09-15 08:58:39.165 | INFO     | train:train_epoch:47 - Epoch 6, Step 0, Loss: 0.276011, Accuracy: 90.62%
2026-09-15 08:58:39.513 | INFO     | train:test_epoch:90 - Epoch 6, Val Loss: 0.302383, Val Accuracy: 91.73%
2026-09-15 08:58:39.514 | INFO     | train:linear_probe:190 - New best validation accuracy: 91.73 at epoch 6
2026-09-15 08:58:39.654 | INFO     | train:train_epoch:47 - Epoch 7, Step 0, Loss: 0.301659, Accuracy: 87.50%
2026-09-15 08:58:40.030 | INFO     | train:test_epoch:90 - Epoch 7, Val Loss: 0.281875, Val Accuracy: 91.73%
2026-09-15 08:58:40.171 | INFO     | train:train_epoch:47 - Epoch 8, Step 0, Loss: 0.510289, Accuracy: 81.25%
2026-09-15 08:58:40.514 | INFO     | train:test_epoch:90 - Epoch 8, Val Loss: 0.273181, Val Accuracy: 91.73%
2026-09-15 08:58:40.653 | INFO     | train:train_epoch:47 - Epoch 9, Step 0, Loss: 0.215831, Accuracy: 96.88%
2026-09-15 08:58:41.035 | INFO     | train:test_epoch:90 - Epoch 9, Val Loss: 0.256493, Val Accuracy: 93.23%
2026-09-15 08:58:41.036 | INFO     | train:linear_probe:190 - New best validation accuracy: 93.23 at epoch 9
2026-09-15 08:58:41.181 | INFO     | train:train_epoch:47 - Epoch 10, Step 0, Loss: 0.167840, Accuracy: 90.62%
2026-09-15 08:58:41.531 | INFO     | train:test_epoch:90 - Epoch 10, Val Loss: 0.247281, Val Accuracy: 91.73%
2026-09-15 08:58:41.671 | INFO     | train:train_epoch:47 - Epoch 11, Step 0, Loss: 0.348244, Accuracy: 90.62%
2026-09-15 08:58:42.046 | INFO     | train:test_epoch:90 - Epoch 11, Val Loss: 0.246604, Val Accuracy: 93.98%
2026-09-15 08:58:42.048 | INFO     | train:linear_probe:190 - New best validation accuracy: 93.98 at epoch 11
2026-09-15 08:58:42.198 | INFO     | train:train_epoch:47 - Epoch 12, Step 0, Loss: 0.176828, Accuracy: 93.75%
2026-09-15 08:58:42.561 | INFO     | train:test_epoch:90 - Epoch 12, Val Loss: 0.244925, Val Accuracy: 93.98%
2026-09-15 08:58:42.717 | INFO     | train:train_epoch:47 - Epoch 13, Step 0, Loss: 0.158404, Accuracy: 93.75%
2026-09-15 08:58:43.084 | INFO     | train:test_epoch:90 - Epoch 13, Val Loss: 0.245246, Val Accuracy: 93.98%
2026-09-15 08:58:43.233 | INFO     | train:train_epoch:47 - Epoch 14, Step 0, Loss: 0.212443, Accuracy: 93.75%
2026-09-15 08:58:43.581 | INFO     | train:test_epoch:90 - Epoch 14, Val Loss: 0.243705, Val Accuracy: 93.98%
2026-09-15 08:58:43.710 | INFO     | train:train_epoch:47 - Epoch 15, Step 0, Loss: 0.188723, Accuracy: 96.88%
2026-09-15 08:58:44.065 | INFO     | train:test_epoch:90 - Epoch 15, Val Loss: 0.242201, Val Accuracy: 94.74%
2026-09-15 08:58:44.066 | INFO     | train:linear_probe:190 - New best validation accuracy: 94.74 at epoch 15
2026-09-15 08:58:44.229 | INFO     | train:train_epoch:47 - Epoch 16, Step 0, Loss: 0.142855, Accuracy: 93.75%
2026-09-15 08:58:44.583 | INFO     | train:test_epoch:90 - Epoch 16, Val Loss: 0.241590, Val Accuracy: 93.98%
2026-09-15 08:58:44.722 | INFO     | train:train_epoch:47 - Epoch 17, Step 0, Loss: 0.187357, Accuracy: 96.88%
2026-09-15 08:58:45.079 | INFO     | train:test_epoch:90 - Epoch 17, Val Loss: 0.240303, Val Accuracy: 94.74%
2026-09-15 08:58:45.229 | INFO     | train:train_epoch:47 - Epoch 18, Step 0, Loss: 0.194848, Accuracy: 96.88%
2026-09-15 08:58:45.584 | INFO     | train:test_epoch:90 - Epoch 18, Val Loss: 0.239913, Val Accuracy: 93.98%
2026-09-15 08:58:45.723 | INFO     | train:train_epoch:47 - Epoch 19, Step 0, Loss: 0.185357, Accuracy: 96.88%
2026-09-15 08:58:46.073 | INFO     | train:test_epoch:90 - Epoch 19, Val Loss: 0.238700, Val Accuracy: 94.74%
2026-09-15 08:58:46.209 | INFO     | train:train_epoch:47 - Epoch 20, Step 0, Loss: 0.472928, Accuracy: 81.25%
2026-09-15 08:58:46.595 | INFO     | train:test_epoch:90 - Epoch 20, Val Loss: 0.238821, Val Accuracy: 93.23%
2026-09-15 08:58:46.596 | INFO     | __main__:main:134 - Best validation accuracy for beta 0.87: 94.74%
2026-09-15 08:58:46.597 | INFO     | __main__:main:123 - Testing CT with beta: 0.88
2026-09-15 08:58:46.617 | INFO     | __main__:main:129 - Number of trainable parameters: 1539
2026-09-15 08:58:46.617 | INFO     | __main__:main:130 - Starting transfer learning...
2026-09-15 08:58:55.788 | INFO     | train:train_epoch:47 - Epoch 1, Step 0, Loss: 1.194806, Accuracy: 34.38%
2026-09-15 08:58:56.149 | INFO     | train:test_epoch:90 - Epoch 1, Val Loss: 0.830073, Val Accuracy: 65.41%
2026-09-15 08:58:56.149 | INFO     | train:linear_probe:190 - New best validation accuracy: 65.41 at epoch 1
2026-09-15 08:58:56.280 | INFO     | train:train_epoch:47 - Epoch 2, Step 0, Loss: 0.759912, Accuracy: 78.12%
2026-09-15 08:58:56.637 | INFO     | train:test_epoch:90 - Epoch 2, Val Loss: 0.553018, Val Accuracy: 81.95%
2026-09-15 08:58:56.638 | INFO     | train:linear_probe:190 - New best validation accuracy: 81.95 at epoch 2
2026-09-15 08:58:56.773 | INFO     | train:train_epoch:47 - Epoch 3, Step 0, Loss: 0.500825, Accuracy: 87.50%
2026-09-15 08:58:57.123 | INFO     | train:test_epoch:90 - Epoch 3, Val Loss: 0.441893, Val Accuracy: 84.96%
2026-09-15 08:58:57.124 | INFO     | train:linear_probe:190 - New best validation accuracy: 84.96 at epoch 3
2026-09-15 08:58:57.253 | INFO     | train:train_epoch:47 - Epoch 4, Step 0, Loss: 0.392981, Accuracy: 90.62%
2026-09-15 08:58:57.604 | INFO     | train:test_epoch:90 - Epoch 4, Val Loss: 0.402039, Val Accuracy: 85.71%
2026-09-15 08:58:57.605 | INFO     | train:linear_probe:190 - New best validation accuracy: 85.71 at epoch 4
2026-09-15 08:58:57.765 | INFO     | train:train_epoch:47 - Epoch 5, Step 0, Loss: 0.436826, Accuracy: 84.38%
2026-09-15 08:58:58.151 | INFO     | train:test_epoch:90 - Epoch 5, Val Loss: 0.354968, Val Accuracy: 88.72%
2026-09-15 08:58:58.152 | INFO     | train:linear_probe:190 - New best validation accuracy: 88.72 at epoch 5
2026-09-15 08:58:58.287 | INFO     | train:train_epoch:47 - Epoch 6, Step 0, Loss: 0.408997, Accuracy: 78.12%
2026-09-15 08:58:58.636 | INFO     | train:test_epoch:90 - Epoch 6, Val Loss: 0.334610, Val Accuracy: 90.23%
2026-09-15 08:58:58.637 | INFO     | train:linear_probe:190 - New best validation accuracy: 90.23 at epoch 6
2026-09-15 08:58:58.791 | INFO     | train:train_epoch:47 - Epoch 7, Step 0, Loss: 0.291369, Accuracy: 90.62%
2026-09-15 08:58:59.165 | INFO     | train:test_epoch:90 - Epoch 7, Val Loss: 0.306470, Val Accuracy: 90.98%
2026-09-15 08:58:59.166 | INFO     | train:linear_probe:190 - New best validation accuracy: 90.98 at epoch 7
2026-09-15 08:58:59.297 | INFO     | train:train_epoch:47 - Epoch 8, Step 0, Loss: 0.286164, Accuracy: 93.75%
2026-09-15 08:58:59.643 | INFO     | train:test_epoch:90 - Epoch 8, Val Loss: 0.289955, Val Accuracy: 90.98%
2026-09-15 08:58:59.784 | INFO     | train:train_epoch:47 - Epoch 9, Step 0, Loss: 0.324080, Accuracy: 87.50%
2026-09-15 08:59:00.153 | INFO     | train:test_epoch:90 - Epoch 9, Val Loss: 0.281365, Val Accuracy: 91.73%
2026-09-15 08:59:00.154 | INFO     | train:linear_probe:190 - New best validation accuracy: 91.73 at epoch 9
2026-09-15 08:59:00.291 | INFO     | train:train_epoch:47 - Epoch 10, Step 0, Loss: 0.199077, Accuracy: 100.00%
2026-09-15 08:59:00.651 | INFO     | train:test_epoch:90 - Epoch 10, Val Loss: 0.275723, Val Accuracy: 91.73%
2026-09-15 08:59:00.792 | INFO     | train:train_epoch:47 - Epoch 11, Step 0, Loss: 0.288796, Accuracy: 90.62%
2026-09-15 08:59:01.167 | INFO     | train:test_epoch:90 - Epoch 11, Val Loss: 0.264457, Val Accuracy: 93.23%
2026-09-15 08:59:01.168 | INFO     | train:linear_probe:190 - New best validation accuracy: 93.23 at epoch 11
2026-09-15 08:59:01.297 | INFO     | train:train_epoch:47 - Epoch 12, Step 0, Loss: 0.181400, Accuracy: 96.88%
2026-09-15 08:59:01.654 | INFO     | train:test_epoch:90 - Epoch 12, Val Loss: 0.263175, Val Accuracy: 93.23%
2026-09-15 08:59:01.787 | INFO     | train:train_epoch:47 - Epoch 13, Step 0, Loss: 0.180016, Accuracy: 100.00%
2026-09-15 08:59:02.153 | INFO     | train:test_epoch:90 - Epoch 13, Val Loss: 0.261841, Val Accuracy: 93.23%
2026-09-15 08:59:02.296 | INFO     | train:train_epoch:47 - Epoch 14, Step 0, Loss: 0.244480, Accuracy: 93.75%
2026-09-15 08:59:02.639 | INFO     | train:test_epoch:90 - Epoch 14, Val Loss: 0.262045, Val Accuracy: 93.23%
2026-09-15 08:59:02.786 | INFO     | train:train_epoch:47 - Epoch 15, Step 0, Loss: 0.212820, Accuracy: 93.75%
2026-09-15 08:59:03.160 | INFO     | train:test_epoch:90 - Epoch 15, Val Loss: 0.260140, Val Accuracy: 93.23%
2026-09-15 08:59:03.321 | INFO     | train:train_epoch:47 - Epoch 16, Step 0, Loss: 0.177842, Accuracy: 93.75%
2026-09-15 08:59:03.876 | INFO     | train:test_epoch:90 - Epoch 16, Val Loss: 0.259540, Val Accuracy: 93.23%
2026-09-15 08:59:04.117 | INFO     | train:train_epoch:47 - Epoch 17, Step 0, Loss: 0.207086, Accuracy: 100.00%
2026-09-15 08:59:04.671 | INFO     | train:test_epoch:90 - Epoch 17, Val Loss: 0.257520, Val Accuracy: 93.23%
2026-09-15 08:59:04.899 | INFO     | train:train_epoch:47 - Epoch 18, Step 0, Loss: 0.245578, Accuracy: 93.75%
2026-09-15 08:59:05.421 | INFO     | train:test_epoch:90 - Epoch 18, Val Loss: 0.257362, Val Accuracy: 93.23%
2026-09-15 08:59:05.637 | INFO     | train:train_epoch:47 - Epoch 19, Step 0, Loss: 0.191874, Accuracy: 93.75%
2026-09-15 08:59:06.146 | INFO     | train:test_epoch:90 - Epoch 19, Val Loss: 0.256704, Val Accuracy: 93.23%
2026-09-15 08:59:06.369 | INFO     | train:train_epoch:47 - Epoch 20, Step 0, Loss: 0.174400, Accuracy: 96.88%
2026-09-15 08:59:06.962 | INFO     | train:test_epoch:90 - Epoch 20, Val Loss: 0.256101, Val Accuracy: 93.23%
2026-09-15 08:59:06.963 | INFO     | __main__:main:134 - Best validation accuracy for beta 0.88: 93.23%
2026-09-15 08:59:06.963 | INFO     | __main__:main:123 - Testing CT with beta: 0.89
2026-09-15 08:59:06.979 | INFO     | __main__:main:129 - Number of trainable parameters: 1539
2026-09-15 08:59:06.980 | INFO     | __main__:main:130 - Starting transfer learning...
2026-09-15 08:59:14.263 | INFO     | train:train_epoch:47 - Epoch 1, Step 0, Loss: 1.234970, Accuracy: 15.62%
2026-09-15 08:59:14.596 | INFO     | train:test_epoch:90 - Epoch 1, Val Loss: 0.770126, Val Accuracy: 72.18%
2026-09-15 08:59:14.597 | INFO     | train:linear_probe:190 - New best validation accuracy: 72.18 at epoch 1
2026-09-15 08:59:14.745 | INFO     | train:train_epoch:47 - Epoch 2, Step 0, Loss: 0.846212, Accuracy: 68.75%
2026-09-15 08:59:15.127 | INFO     | train:test_epoch:90 - Epoch 2, Val Loss: 0.521797, Val Accuracy: 82.71%
2026-09-15 08:59:15.127 | INFO     | train:linear_probe:190 - New best validation accuracy: 82.71 at epoch 2
2026-09-15 08:59:15.278 | INFO     | train:train_epoch:47 - Epoch 3, Step 0, Loss: 0.576919, Accuracy: 78.12%
2026-09-15 08:59:15.648 | INFO     | train:test_epoch:90 - Epoch 3, Val Loss: 0.438049, Val Accuracy: 84.96%
2026-09-15 08:59:15.649 | INFO     | train:linear_probe:190 - New best validation accuracy: 84.96 at epoch 3
2026-09-15 08:59:15.809 | INFO     | train:train_epoch:47 - Epoch 4, Step 0, Loss: 0.634925, Accuracy: 71.88%
2026-09-15 08:59:16.204 | INFO     | train:test_epoch:90 - Epoch 4, Val Loss: 0.385349, Val Accuracy: 86.47%
2026-09-15 08:59:16.205 | INFO     | train:linear_probe:190 - New best validation accuracy: 86.47 at epoch 4
2026-09-15 08:59:16.363 | INFO     | train:train_epoch:47 - Epoch 5, Step 0, Loss: 0.379297, Accuracy: 87.50%
2026-09-15 08:59:16.748 | INFO     | train:test_epoch:90 - Epoch 5, Val Loss: 0.346002, Val Accuracy: 87.22%
2026-09-15 08:59:16.749 | INFO     | train:linear_probe:190 - New best validation accuracy: 87.22 at epoch 5
2026-09-15 08:59:16.900 | INFO     | train:train_epoch:47 - Epoch 6, Step 0, Loss: 0.391678, Accuracy: 90.62%
2026-09-15 08:59:17.486 | INFO     | train:test_epoch:90 - Epoch 6, Val Loss: 0.331923, Val Accuracy: 87.97%
2026-09-15 08:59:17.487 | INFO     | train:linear_probe:190 - New best validation accuracy: 87.97 at epoch 6
2026-09-15 08:59:17.723 | INFO     | train:train_epoch:47 - Epoch 7, Step 0, Loss: 0.555855, Accuracy: 81.25%
2026-09-15 08:59:18.340 | INFO     | train:test_epoch:90 - Epoch 7, Val Loss: 0.317279, Val Accuracy: 87.97%
2026-09-15 08:59:18.576 | INFO     | train:train_epoch:47 - Epoch 8, Step 0, Loss: 0.506505, Accuracy: 75.00%
2026-09-15 08:59:19.127 | INFO     | train:test_epoch:90 - Epoch 8, Val Loss: 0.279908, Val Accuracy: 90.23%
2026-09-15 08:59:19.128 | INFO     | train:linear_probe:190 - New best validation accuracy: 90.23 at epoch 8
2026-09-15 08:59:19.376 | INFO     | train:train_epoch:47 - Epoch 9, Step 0, Loss: 0.290762, Accuracy: 90.62%
2026-09-15 08:59:19.918 | INFO     | train:test_epoch:90 - Epoch 9, Val Loss: 0.269544, Val Accuracy: 90.98%
2026-09-15 08:59:19.919 | INFO     | train:linear_probe:190 - New best validation accuracy: 90.98 at epoch 9
2026-09-15 08:59:20.169 | INFO     | train:train_epoch:47 - Epoch 10, Step 0, Loss: 0.430224, Accuracy: 78.12%
2026-09-15 08:59:20.634 | INFO     | train:test_epoch:90 - Epoch 10, Val Loss: 0.258066, Val Accuracy: 91.73%
2026-09-15 08:59:20.635 | INFO     | train:linear_probe:190 - New best validation accuracy: 91.73 at epoch 10
2026-09-15 08:59:20.764 | INFO     | train:train_epoch:47 - Epoch 11, Step 0, Loss: 0.197919, Accuracy: 93.75%
2026-09-15 08:59:21.104 | INFO     | train:test_epoch:90 - Epoch 11, Val Loss: 0.257452, Val Accuracy: 90.98%
2026-09-15 08:59:21.242 | INFO     | train:train_epoch:47 - Epoch 12, Step 0, Loss: 0.117116, Accuracy: 100.00%
2026-09-15 08:59:21.606 | INFO     | train:test_epoch:90 - Epoch 12, Val Loss: 0.254741, Val Accuracy: 91.73%
2026-09-15 08:59:21.741 | INFO     | train:train_epoch:47 - Epoch 13, Step 0, Loss: 0.264228, Accuracy: 90.62%
2026-09-15 08:59:22.099 | INFO     | train:test_epoch:90 - Epoch 13, Val Loss: 0.253603, Val Accuracy: 91.73%
2026-09-15 08:59:22.242 | INFO     | train:train_epoch:47 - Epoch 14, Step 0, Loss: 0.276652, Accuracy: 90.62%
2026-09-15 08:59:22.601 | INFO     | train:test_epoch:90 - Epoch 14, Val Loss: 0.252662, Val Accuracy: 92.48%
2026-09-15 08:59:22.602 | INFO     | train:linear_probe:190 - New best validation accuracy: 92.48 at epoch 14
2026-09-15 08:59:22.746 | INFO     | train:train_epoch:47 - Epoch 15, Step 0, Loss: 0.317765, Accuracy: 90.62%
2026-09-15 08:59:23.107 | INFO     | train:test_epoch:90 - Epoch 15, Val Loss: 0.251776, Val Accuracy: 92.48%
2026-09-15 08:59:23.270 | INFO     | train:train_epoch:47 - Epoch 16, Step 0, Loss: 0.201764, Accuracy: 90.62%
2026-09-15 08:59:23.636 | INFO     | train:test_epoch:90 - Epoch 16, Val Loss: 0.250884, Val Accuracy: 92.48%
2026-09-15 08:59:23.782 | INFO     | train:train_epoch:47 - Epoch 17, Step 0, Loss: 0.219499, Accuracy: 90.62%
2026-09-15 08:59:24.125 | INFO     | train:test_epoch:90 - Epoch 17, Val Loss: 0.249983, Val Accuracy: 92.48%
2026-09-15 08:59:24.255 | INFO     | train:train_epoch:47 - Epoch 18, Step 0, Loss: 0.203038, Accuracy: 93.75%
2026-09-15 08:59:24.632 | INFO     | train:test_epoch:90 - Epoch 18, Val Loss: 0.249222, Val Accuracy: 92.48%
2026-09-15 08:59:24.771 | INFO     | train:train_epoch:47 - Epoch 19, Step 0, Loss: 0.175513, Accuracy: 96.88%
2026-09-15 08:59:25.119 | INFO     | train:test_epoch:90 - Epoch 19, Val Loss: 0.246570, Val Accuracy: 91.73%
2026-09-15 08:59:25.250 | INFO     | train:train_epoch:47 - Epoch 20, Step 0, Loss: 0.339820, Accuracy: 84.38%
2026-09-15 08:59:25.607 | INFO     | train:test_epoch:90 - Epoch 20, Val Loss: 0.245649, Val Accuracy: 91.73%
2026-09-15 08:59:25.608 | INFO     | __main__:main:134 - Best validation accuracy for beta 0.89: 92.48%
2026-09-15 08:59:25.608 | INFO     | __main__:main:123 - Testing CT with beta: 0.90
2026-09-15 08:59:25.627 | INFO     | __main__:main:129 - Number of trainable parameters: 1539
2026-09-15 08:59:25.627 | INFO     | __main__:main:130 - Starting transfer learning...
2026-09-15 08:59:33.976 | INFO     | train:train_epoch:47 - Epoch 1, Step 0, Loss: 1.025765, Accuracy: 50.00%
2026-09-15 08:59:34.366 | INFO     | train:test_epoch:90 - Epoch 1, Val Loss: 0.729959, Val Accuracy: 75.94%
2026-09-15 08:59:34.367 | INFO     | train:linear_probe:190 - New best validation accuracy: 75.94 at epoch 1
2026-09-15 08:59:34.512 | INFO     | train:train_epoch:47 - Epoch 2, Step 0, Loss: 0.715833, Accuracy: 84.38%
2026-09-15 08:59:34.883 | INFO     | train:test_epoch:90 - Epoch 2, Val Loss: 0.523673, Val Accuracy: 81.95%
2026-09-15 08:59:34.884 | INFO     | train:linear_probe:190 - New best validation accuracy: 81.95 at epoch 2
2026-09-15 08:59:35.043 | INFO     | train:train_epoch:47 - Epoch 3, Step 0, Loss: 0.537938, Accuracy: 75.00%
2026-09-15 08:59:35.445 | INFO     | train:test_epoch:90 - Epoch 3, Val Loss: 0.447521, Val Accuracy: 85.71%
2026-09-15 08:59:35.446 | INFO     | train:linear_probe:190 - New best validation accuracy: 85.71 at epoch 3
2026-09-15 08:59:35.594 | INFO     | train:train_epoch:47 - Epoch 4, Step 0, Loss: 0.447526, Accuracy: 87.50%
2026-09-15 08:59:35.978 | INFO     | train:test_epoch:90 - Epoch 4, Val Loss: 0.388214, Val Accuracy: 84.96%
2026-09-15 08:59:36.140 | INFO     | train:train_epoch:47 - Epoch 5, Step 0, Loss: 0.327641, Accuracy: 96.88%
2026-09-15 08:59:36.537 | INFO     | train:test_epoch:90 - Epoch 5, Val Loss: 0.362612, Val Accuracy: 84.96%
2026-09-15 08:59:36.697 | INFO     | train:train_epoch:47 - Epoch 6, Step 0, Loss: 0.415837, Accuracy: 84.38%
2026-09-15 08:59:37.131 | INFO     | train:test_epoch:90 - Epoch 6, Val Loss: 0.330218, Val Accuracy: 90.23%
2026-09-15 08:59:37.132 | INFO     | train:linear_probe:190 - New best validation accuracy: 90.23 at epoch 6
2026-09-15 08:59:37.307 | INFO     | train:train_epoch:47 - Epoch 7, Step 0, Loss: 0.297190, Accuracy: 93.75%
2026-09-15 08:59:37.695 | INFO     | train:test_epoch:90 - Epoch 7, Val Loss: 0.315752, Val Accuracy: 90.98%
2026-09-15 08:59:37.696 | INFO     | train:linear_probe:190 - New best validation accuracy: 90.98 at epoch 7
2026-09-15 08:59:37.855 | INFO     | train:train_epoch:47 - Epoch 8, Step 0, Loss: 0.268022, Accuracy: 90.62%
2026-09-15 08:59:38.232 | INFO     | train:test_epoch:90 - Epoch 8, Val Loss: 0.290427, Val Accuracy: 90.98%
2026-09-15 08:59:38.419 | INFO     | train:train_epoch:47 - Epoch 9, Step 0, Loss: 0.229304, Accuracy: 93.75%
2026-09-15 08:59:38.821 | INFO     | train:test_epoch:90 - Epoch 9, Val Loss: 0.285305, Val Accuracy: 90.23%
2026-09-15 08:59:38.972 | INFO     | train:train_epoch:47 - Epoch 10, Step 0, Loss: 0.176800, Accuracy: 93.75%
2026-09-15 08:59:39.352 | INFO     | train:test_epoch:90 - Epoch 10, Val Loss: 0.267273, Val Accuracy: 92.48%
2026-09-15 08:59:39.353 | INFO     | train:linear_probe:190 - New best validation accuracy: 92.48 at epoch 10
2026-09-15 08:59:39.524 | INFO     | train:train_epoch:47 - Epoch 11, Step 0, Loss: 0.171204, Accuracy: 93.75%
2026-09-15 08:59:39.897 | INFO     | train:test_epoch:90 - Epoch 11, Val Loss: 0.266497, Val Accuracy: 92.48%
2026-09-15 08:59:40.050 | INFO     | train:train_epoch:47 - Epoch 12, Step 0, Loss: 0.285990, Accuracy: 90.62%
2026-09-15 08:59:40.450 | INFO     | train:test_epoch:90 - Epoch 12, Val Loss: 0.266508, Val Accuracy: 92.48%
2026-09-15 08:59:40.609 | INFO     | train:train_epoch:47 - Epoch 13, Step 0, Loss: 0.249132, Accuracy: 90.62%
2026-09-15 08:59:40.989 | INFO     | train:test_epoch:90 - Epoch 13, Val Loss: 0.265279, Val Accuracy: 92.48%
2026-09-15 08:59:41.147 | INFO     | train:train_epoch:47 - Epoch 14, Step 0, Loss: 0.214090, Accuracy: 96.88%
2026-09-15 08:59:41.532 | INFO     | train:test_epoch:90 - Epoch 14, Val Loss: 0.264739, Val Accuracy: 92.48%
2026-09-15 08:59:41.687 | INFO     | train:train_epoch:47 - Epoch 15, Step 0, Loss: 0.345426, Accuracy: 93.75%
2026-09-15 08:59:42.057 | INFO     | train:test_epoch:90 - Epoch 15, Val Loss: 0.262769, Val Accuracy: 92.48%
2026-09-15 08:59:42.223 | INFO     | train:train_epoch:47 - Epoch 16, Step 0, Loss: 0.171135, Accuracy: 93.75%
2026-09-15 08:59:42.618 | INFO     | train:test_epoch:90 - Epoch 16, Val Loss: 0.262103, Val Accuracy: 92.48%
2026-09-15 08:59:42.782 | INFO     | train:train_epoch:47 - Epoch 17, Step 0, Loss: 0.323733, Accuracy: 90.62%
2026-09-15 08:59:43.167 | INFO     | train:test_epoch:90 - Epoch 17, Val Loss: 0.261283, Val Accuracy: 92.48%
2026-09-15 08:59:43.325 | INFO     | train:train_epoch:47 - Epoch 18, Step 0, Loss: 0.262230, Accuracy: 93.75%
2026-09-15 08:59:43.717 | INFO     | train:test_epoch:90 - Epoch 18, Val Loss: 0.260601, Val Accuracy: 92.48%
2026-09-15 08:59:43.916 | INFO     | train:train_epoch:47 - Epoch 19, Step 0, Loss: 0.295175, Accuracy: 90.62%
2026-09-15 08:59:44.485 | INFO     | train:test_epoch:90 - Epoch 19, Val Loss: 0.260044, Val Accuracy: 92.48%
2026-09-15 08:59:44.733 | INFO     | train:train_epoch:47 - Epoch 20, Step 0, Loss: 0.248993, Accuracy: 90.62%
2026-09-15 08:59:45.361 | INFO     | train:test_epoch:90 - Epoch 20, Val Loss: 0.258337, Val Accuracy: 92.48%
2026-09-15 08:59:45.362 | INFO     | __main__:main:134 - Best validation accuracy for beta 0.90: 92.48%
2026-09-15 08:59:45.362 | INFO     | __main__:main:123 - Testing CT with beta: 0.91
2026-09-15 08:59:45.387 | INFO     | __main__:main:129 - Number of trainable parameters: 1539
2026-09-15 08:59:45.387 | INFO     | __main__:main:130 - Starting transfer learning...
2026-09-15 08:59:53.952 | INFO     | train:train_epoch:47 - Epoch 1, Step 0, Loss: 1.354611, Accuracy: 31.25%
2026-09-15 08:59:54.341 | INFO     | train:test_epoch:90 - Epoch 1, Val Loss: 0.889596, Val Accuracy: 58.65%
2026-09-15 08:59:54.342 | INFO     | train:linear_probe:190 - New best validation accuracy: 58.65 at epoch 1
2026-09-15 08:59:54.501 | INFO     | train:train_epoch:47 - Epoch 2, Step 0, Loss: 0.851475, Accuracy: 59.38%
2026-09-15 08:59:54.875 | INFO     | train:test_epoch:90 - Epoch 2, Val Loss: 0.589118, Val Accuracy: 78.20%
2026-09-15 08:59:54.876 | INFO     | train:linear_probe:190 - New best validation accuracy: 78.20 at epoch 2
2026-09-15 08:59:55.032 | INFO     | train:train_epoch:47 - Epoch 3, Step 0, Loss: 0.511892, Accuracy: 84.38%
2026-09-15 08:59:55.410 | INFO     | train:test_epoch:90 - Epoch 3, Val Loss: 0.487910, Val Accuracy: 82.71%
2026-09-15 08:59:55.412 | INFO     | train:linear_probe:190 - New best validation accuracy: 82.71 at epoch 3
2026-09-15 08:59:55.556 | INFO     | train:train_epoch:47 - Epoch 4, Step 0, Loss: 0.546455, Accuracy: 75.00%
2026-09-15 08:59:55.930 | INFO     | train:test_epoch:90 - Epoch 4, Val Loss: 0.428281, Val Accuracy: 85.71%
2026-09-15 08:59:55.931 | INFO     | train:linear_probe:190 - New best validation accuracy: 85.71 at epoch 4
2026-09-15 08:59:56.073 | INFO     | train:train_epoch:47 - Epoch 5, Step 0, Loss: 0.299037, Accuracy: 90.62%
2026-09-15 08:59:56.453 | INFO     | train:test_epoch:90 - Epoch 5, Val Loss: 0.395979, Val Accuracy: 84.96%
2026-09-15 08:59:56.594 | INFO     | train:train_epoch:47 - Epoch 6, Step 0, Loss: 0.424156, Accuracy: 90.62%
2026-09-15 08:59:56.954 | INFO     | train:test_epoch:90 - Epoch 6, Val Loss: 0.367080, Val Accuracy: 86.47%
2026-09-15 08:59:56.955 | INFO     | train:linear_probe:190 - New best validation accuracy: 86.47 at epoch 6
2026-09-15 08:59:57.095 | INFO     | train:train_epoch:47 - Epoch 7, Step 0, Loss: 0.305123, Accuracy: 93.75%
2026-09-15 08:59:57.462 | INFO     | train:test_epoch:90 - Epoch 7, Val Loss: 0.343400, Val Accuracy: 87.97%
2026-09-15 08:59:57.463 | INFO     | train:linear_probe:190 - New best validation accuracy: 87.97 at epoch 7
2026-09-15 08:59:57.605 | INFO     | train:train_epoch:47 - Epoch 8, Step 0, Loss: 0.252088, Accuracy: 96.88%
2026-09-15 08:59:57.986 | INFO     | train:test_epoch:90 - Epoch 8, Val Loss: 0.323048, Val Accuracy: 90.23%
2026-09-15 08:59:57.987 | INFO     | train:linear_probe:190 - New best validation accuracy: 90.23 at epoch 8
2026-09-15 08:59:58.218 | INFO     | train:train_epoch:47 - Epoch 9, Step 0, Loss: 0.268300, Accuracy: 96.88%
2026-09-15 08:59:58.800 | INFO     | train:test_epoch:90 - Epoch 9, Val Loss: 0.303790, Val Accuracy: 90.98%
2026-09-15 08:59:58.801 | INFO     | train:linear_probe:190 - New best validation accuracy: 90.98 at epoch 9
2026-09-15 08:59:59.046 | INFO     | train:train_epoch:47 - Epoch 10, Step 0, Loss: 0.180074, Accuracy: 100.00%
2026-09-15 08:59:59.644 | INFO     | train:test_epoch:90 - Epoch 10, Val Loss: 0.286567, Val Accuracy: 92.48%
2026-09-15 08:59:59.646 | INFO     | train:linear_probe:190 - New best validation accuracy: 92.48 at epoch 10
2026-09-15 08:59:59.917 | INFO     | train:train_epoch:47 - Epoch 11, Step 0, Loss: 0.291719, Accuracy: 93.75%
2026-09-15 09:00:00.467 | INFO     | train:test_epoch:90 - Epoch 11, Val Loss: 0.288278, Val Accuracy: 92.48%
2026-09-15 09:00:00.710 | INFO     | train:train_epoch:47 - Epoch 12, Step 0, Loss: 0.240179, Accuracy: 93.75%
2026-09-15 09:00:01.301 | INFO     | train:test_epoch:90 - Epoch 12, Val Loss: 0.285494, Val Accuracy: 92.48%
2026-09-15 09:00:01.465 | INFO     | train:train_epoch:47 - Epoch 13, Step 0, Loss: 0.236718, Accuracy: 96.88%
2026-09-15 09:00:01.834 | INFO     | train:test_epoch:90 - Epoch 13, Val Loss: 0.285705, Val Accuracy: 92.48%
2026-09-15 09:00:01.978 | INFO     | train:train_epoch:47 - Epoch 14, Step 0, Loss: 0.190124, Accuracy: 93.75%
2026-09-15 09:00:02.338 | INFO     | train:test_epoch:90 - Epoch 14, Val Loss: 0.283736, Val Accuracy: 92.48%
2026-09-15 09:00:02.498 | INFO     | train:train_epoch:47 - Epoch 15, Step 0, Loss: 0.242121, Accuracy: 90.62%
2026-09-15 09:00:02.874 | INFO     | train:test_epoch:90 - Epoch 15, Val Loss: 0.282635, Val Accuracy: 92.48%
2026-09-15 09:00:03.020 | INFO     | train:train_epoch:47 - Epoch 16, Step 0, Loss: 0.202205, Accuracy: 93.75%
2026-09-15 09:00:03.370 | INFO     | train:test_epoch:90 - Epoch 16, Val Loss: 0.280723, Val Accuracy: 92.48%
2026-09-15 09:00:03.514 | INFO     | train:train_epoch:47 - Epoch 17, Step 0, Loss: 0.259570, Accuracy: 93.75%
2026-09-15 09:00:03.873 | INFO     | train:test_epoch:90 - Epoch 17, Val Loss: 0.281551, Val Accuracy: 92.48%
2026-09-15 09:00:04.017 | INFO     | train:train_epoch:47 - Epoch 18, Step 0, Loss: 0.141775, Accuracy: 100.00%
2026-09-15 09:00:04.382 | INFO     | train:test_epoch:90 - Epoch 18, Val Loss: 0.279674, Val Accuracy: 92.48%
2026-09-15 09:00:04.528 | INFO     | train:train_epoch:47 - Epoch 19, Step 0, Loss: 0.135176, Accuracy: 100.00%
2026-09-15 09:00:04.899 | INFO     | train:test_epoch:90 - Epoch 19, Val Loss: 0.279907, Val Accuracy: 92.48%
2026-09-15 09:00:05.038 | INFO     | train:train_epoch:47 - Epoch 20, Step 0, Loss: 0.201380, Accuracy: 93.75%
2026-09-15 09:00:05.412 | INFO     | train:test_epoch:90 - Epoch 20, Val Loss: 0.277969, Val Accuracy: 92.48%
2026-09-15 09:00:05.413 | INFO     | __main__:main:134 - Best validation accuracy for beta 0.91: 92.48%
2026-09-15 09:00:05.413 | INFO     | __main__:main:123 - Testing CT with beta: 0.92
2026-09-15 09:00:05.430 | INFO     | __main__:main:129 - Number of trainable parameters: 1539
2026-09-15 09:00:05.430 | INFO     | __main__:main:130 - Starting transfer learning...
2026-09-15 09:00:13.722 | INFO     | train:train_epoch:47 - Epoch 1, Step 0, Loss: 1.187330, Accuracy: 46.88%
2026-09-15 09:00:14.236 | INFO     | train:test_epoch:90 - Epoch 1, Val Loss: 0.787146, Val Accuracy: 67.67%
2026-09-15 09:00:14.238 | INFO     | train:linear_probe:190 - New best validation accuracy: 67.67 at epoch 1
2026-09-15 09:00:14.470 | INFO     | train:train_epoch:47 - Epoch 2, Step 0, Loss: 0.865190, Accuracy: 50.00%
2026-09-15 09:00:14.945 | INFO     | train:test_epoch:90 - Epoch 2, Val Loss: 0.501873, Val Accuracy: 86.47%
2026-09-15 09:00:14.946 | INFO     | train:linear_probe:190 - New best validation accuracy: 86.47 at epoch 2
2026-09-15 09:00:15.090 | INFO     | train:train_epoch:47 - Epoch 3, Step 0, Loss: 0.560489, Accuracy: 84.38%
2026-09-15 09:00:15.450 | INFO     | train:test_epoch:90 - Epoch 3, Val Loss: 0.420123, Val Accuracy: 85.71%
2026-09-15 09:00:15.584 | INFO     | train:train_epoch:47 - Epoch 4, Step 0, Loss: 0.336046, Accuracy: 93.75%
2026-09-15 09:00:15.944 | INFO     | train:test_epoch:90 - Epoch 4, Val Loss: 0.378030, Val Accuracy: 87.22%
2026-09-15 09:00:15.945 | INFO     | train:linear_probe:190 - New best validation accuracy: 87.22 at epoch 4
2026-09-15 09:00:16.084 | INFO     | train:train_epoch:47 - Epoch 5, Step 0, Loss: 0.345565, Accuracy: 93.75%
2026-09-15 09:00:16.442 | INFO     | train:test_epoch:90 - Epoch 5, Val Loss: 0.350083, Val Accuracy: 87.97%
2026-09-15 09:00:16.443 | INFO     | train:linear_probe:190 - New best validation accuracy: 87.97 at epoch 5
2026-09-15 09:00:16.575 | INFO     | train:train_epoch:47 - Epoch 6, Step 0, Loss: 0.328167, Accuracy: 84.38%
2026-09-15 09:00:16.943 | INFO     | train:test_epoch:90 - Epoch 6, Val Loss: 0.334208, Val Accuracy: 89.47%
2026-09-15 09:00:16.944 | INFO     | train:linear_probe:190 - New best validation accuracy: 89.47 at epoch 6
2026-09-15 09:00:17.082 | INFO     | train:train_epoch:47 - Epoch 7, Step 0, Loss: 0.553967, Accuracy: 75.00%
2026-09-15 09:00:17.438 | INFO     | train:test_epoch:90 - Epoch 7, Val Loss: 0.308716, Val Accuracy: 90.98%
2026-09-15 09:00:17.439 | INFO     | train:linear_probe:190 - New best validation accuracy: 90.98 at epoch 7
2026-09-15 09:00:17.577 | INFO     | train:train_epoch:47 - Epoch 8, Step 0, Loss: 0.251556, Accuracy: 90.62%
2026-09-15 09:00:17.944 | INFO     | train:test_epoch:90 - Epoch 8, Val Loss: 0.288218, Val Accuracy: 90.23%
2026-09-15 09:00:18.076 | INFO     | train:train_epoch:47 - Epoch 9, Step 0, Loss: 0.174821, Accuracy: 100.00%
2026-09-15 09:00:18.434 | INFO     | train:test_epoch:90 - Epoch 9, Val Loss: 0.282188, Val Accuracy: 90.23%
2026-09-15 09:00:18.570 | INFO     | train:train_epoch:47 - Epoch 10, Step 0, Loss: 0.264007, Accuracy: 93.75%
2026-09-15 09:00:18.943 | INFO     | train:test_epoch:90 - Epoch 10, Val Loss: 0.282339, Val Accuracy: 88.72%
2026-09-15 09:00:19.074 | INFO     | train:train_epoch:47 - Epoch 11, Step 0, Loss: 0.311373, Accuracy: 87.50%
2026-09-15 09:00:19.430 | INFO     | train:test_epoch:90 - Epoch 11, Val Loss: 0.257487, Val Accuracy: 93.98%
2026-09-15 09:00:19.431 | INFO     | train:linear_probe:190 - New best validation accuracy: 93.98 at epoch 11
2026-09-15 09:00:19.557 | INFO     | train:train_epoch:47 - Epoch 12, Step 0, Loss: 0.273319, Accuracy: 87.50%
2026-09-15 09:00:19.946 | INFO     | train:test_epoch:90 - Epoch 12, Val Loss: 0.257495, Val Accuracy: 93.23%
2026-09-15 09:00:20.080 | INFO     | train:train_epoch:47 - Epoch 13, Step 0, Loss: 0.162247, Accuracy: 93.75%
2026-09-15 09:00:20.433 | INFO     | train:test_epoch:90 - Epoch 13, Val Loss: 0.257818, Val Accuracy: 93.23%
2026-09-15 09:00:20.608 | INFO     | train:train_epoch:47 - Epoch 14, Step 0, Loss: 0.124888, Accuracy: 93.75%
2026-09-15 09:00:20.977 | INFO     | train:test_epoch:90 - Epoch 14, Val Loss: 0.254996, Val Accuracy: 93.98%
2026-09-15 09:00:21.115 | INFO     | train:train_epoch:47 - Epoch 15, Step 0, Loss: 0.186911, Accuracy: 93.75%
2026-09-15 09:00:21.465 | INFO     | train:test_epoch:90 - Epoch 15, Val Loss: 0.253681, Val Accuracy: 93.98%
2026-09-15 09:00:21.611 | INFO     | train:train_epoch:47 - Epoch 16, Step 0, Loss: 0.193429, Accuracy: 96.88%
2026-09-15 09:00:21.978 | INFO     | train:test_epoch:90 - Epoch 16, Val Loss: 0.253330, Val Accuracy: 93.98%
2026-09-15 09:00:22.110 | INFO     | train:train_epoch:47 - Epoch 17, Step 0, Loss: 0.293209, Accuracy: 87.50%
2026-09-15 09:00:22.470 | INFO     | train:test_epoch:90 - Epoch 17, Val Loss: 0.251410, Val Accuracy: 94.74%
2026-09-15 09:00:22.471 | INFO     | train:linear_probe:190 - New best validation accuracy: 94.74 at epoch 17
2026-09-15 09:00:22.630 | INFO     | train:train_epoch:47 - Epoch 18, Step 0, Loss: 0.419428, Accuracy: 81.25%
2026-09-15 09:00:23.001 | INFO     | train:test_epoch:90 - Epoch 18, Val Loss: 0.250831, Val Accuracy: 93.98%
2026-09-15 09:00:23.145 | INFO     | train:train_epoch:47 - Epoch 19, Step 0, Loss: 0.308358, Accuracy: 90.62%
2026-09-15 09:00:23.509 | INFO     | train:test_epoch:90 - Epoch 19, Val Loss: 0.251273, Val Accuracy: 93.98%
2026-09-15 09:00:23.659 | INFO     | train:train_epoch:47 - Epoch 20, Step 0, Loss: 0.195777, Accuracy: 93.75%
2026-09-15 09:00:24.021 | INFO     | train:test_epoch:90 - Epoch 20, Val Loss: 0.249075, Val Accuracy: 93.98%
2026-09-15 09:00:24.021 | INFO     | __main__:main:134 - Best validation accuracy for beta 0.92: 94.74%
2026-09-15 09:00:24.022 | INFO     | __main__:main:123 - Testing CT with beta: 0.93
2026-09-15 09:00:24.038 | INFO     | __main__:main:129 - Number of trainable parameters: 1539
2026-09-15 09:00:24.038 | INFO     | __main__:main:130 - Starting transfer learning...
2026-09-15 09:00:32.965 | INFO     | train:train_epoch:47 - Epoch 1, Step 0, Loss: 1.206959, Accuracy: 43.75%
2026-09-15 09:00:33.336 | INFO     | train:test_epoch:90 - Epoch 1, Val Loss: 0.869969, Val Accuracy: 60.90%
2026-09-15 09:00:33.337 | INFO     | train:linear_probe:190 - New best validation accuracy: 60.90 at epoch 1
2026-09-15 09:00:33.473 | INFO     | train:train_epoch:47 - Epoch 2, Step 0, Loss: 0.913895, Accuracy: 62.50%
2026-09-15 09:00:33.861 | INFO     | train:test_epoch:90 - Epoch 2, Val Loss: 0.571415, Val Accuracy: 83.46%
2026-09-15 09:00:33.862 | INFO     | train:linear_probe:190 - New best validation accuracy: 83.46 at epoch 2
2026-09-15 09:00:34.016 | INFO     | train:train_epoch:47 - Epoch 3, Step 0, Loss: 0.454139, Accuracy: 90.62%
2026-09-15 09:00:34.362 | INFO     | train:test_epoch:90 - Epoch 3, Val Loss: 0.470948, Val Accuracy: 84.96%
2026-09-15 09:00:34.363 | INFO     | train:linear_probe:190 - New best validation accuracy: 84.96 at epoch 3
2026-09-15 09:00:34.511 | INFO     | train:train_epoch:47 - Epoch 4, Step 0, Loss: 0.466932, Accuracy: 84.38%
2026-09-15 09:00:34.882 | INFO     | train:test_epoch:90 - Epoch 4, Val Loss: 0.416554, Val Accuracy: 86.47%
2026-09-15 09:00:34.883 | INFO     | train:linear_probe:190 - New best validation accuracy: 86.47 at epoch 4
2026-09-15 09:00:35.025 | INFO     | train:train_epoch:47 - Epoch 5, Step 0, Loss: 0.439392, Accuracy: 84.38%
2026-09-15 09:00:35.395 | INFO     | train:test_epoch:90 - Epoch 5, Val Loss: 0.372311, Val Accuracy: 86.47%
2026-09-15 09:00:35.549 | INFO     | train:train_epoch:47 - Epoch 6, Step 0, Loss: 0.405338, Accuracy: 87.50%
2026-09-15 09:00:35.938 | INFO     | train:test_epoch:90 - Epoch 6, Val Loss: 0.356925, Val Accuracy: 87.22%
2026-09-15 09:00:35.939 | INFO     | train:linear_probe:190 - New best validation accuracy: 87.22 at epoch 6
2026-09-15 09:00:36.087 | INFO     | train:train_epoch:47 - Epoch 7, Step 0, Loss: 0.427072, Accuracy: 90.62%
2026-09-15 09:00:36.458 | INFO     | train:test_epoch:90 - Epoch 7, Val Loss: 0.340795, Val Accuracy: 87.97%
2026-09-15 09:00:36.459 | INFO     | train:linear_probe:190 - New best validation accuracy: 87.97 at epoch 7
2026-09-15 09:00:36.611 | INFO     | train:train_epoch:47 - Epoch 8, Step 0, Loss: 0.402036, Accuracy: 87.50%
2026-09-15 09:00:36.977 | INFO     | train:test_epoch:90 - Epoch 8, Val Loss: 0.309814, Val Accuracy: 87.22%
2026-09-15 09:00:37.115 | INFO     | train:train_epoch:47 - Epoch 9, Step 0, Loss: 0.220387, Accuracy: 96.88%
2026-09-15 09:00:37.458 | INFO     | train:test_epoch:90 - Epoch 9, Val Loss: 0.296702, Val Accuracy: 91.73%
2026-09-15 09:00:37.459 | INFO     | train:linear_probe:190 - New best validation accuracy: 91.73 at epoch 9
2026-09-15 09:00:37.592 | INFO     | train:train_epoch:47 - Epoch 10, Step 0, Loss: 0.265795, Accuracy: 90.62%
2026-09-15 09:00:37.991 | INFO     | train:test_epoch:90 - Epoch 10, Val Loss: 0.305482, Val Accuracy: 87.22%
2026-09-15 09:00:38.129 | INFO     | train:train_epoch:47 - Epoch 11, Step 0, Loss: 0.169821, Accuracy: 96.88%
2026-09-15 09:00:38.483 | INFO     | train:test_epoch:90 - Epoch 11, Val Loss: 0.276683, Val Accuracy: 92.48%
2026-09-15 09:00:38.484 | INFO     | train:linear_probe:190 - New best validation accuracy: 92.48 at epoch 11
2026-09-15 09:00:38.616 | INFO     | train:train_epoch:47 - Epoch 12, Step 0, Loss: 0.214607, Accuracy: 96.88%
2026-09-15 09:00:39.034 | INFO     | train:test_epoch:90 - Epoch 12, Val Loss: 0.276123, Val Accuracy: 91.73%
2026-09-15 09:00:39.260 | INFO     | train:train_epoch:47 - Epoch 13, Step 0, Loss: 0.139420, Accuracy: 100.00%
2026-09-15 09:00:39.828 | INFO     | train:test_epoch:90 - Epoch 13, Val Loss: 0.276040, Val Accuracy: 92.48%
2026-09-15 09:00:40.041 | INFO     | train:train_epoch:47 - Epoch 14, Step 0, Loss: 0.221153, Accuracy: 90.62%
2026-09-15 09:00:40.568 | INFO     | train:test_epoch:90 - Epoch 14, Val Loss: 0.274483, Val Accuracy: 91.73%
2026-09-15 09:00:40.783 | INFO     | train:train_epoch:47 - Epoch 15, Step 0, Loss: 0.352186, Accuracy: 87.50%
2026-09-15 09:00:41.352 | INFO     | train:test_epoch:90 - Epoch 15, Val Loss: 0.273660, Val Accuracy: 92.48%
2026-09-15 09:00:41.582 | INFO     | train:train_epoch:47 - Epoch 16, Step 0, Loss: 0.358318, Accuracy: 87.50%
2026-09-15 09:00:42.144 | INFO     | train:test_epoch:90 - Epoch 16, Val Loss: 0.270656, Val Accuracy: 91.73%
2026-09-15 09:00:42.358 | INFO     | train:train_epoch:47 - Epoch 17, Step 0, Loss: 0.253722, Accuracy: 96.88%
2026-09-15 09:00:42.719 | INFO     | train:test_epoch:90 - Epoch 17, Val Loss: 0.270424, Val Accuracy: 91.73%
2026-09-15 09:00:42.857 | INFO     | train:train_epoch:47 - Epoch 18, Step 0, Loss: 0.193188, Accuracy: 100.00%
2026-09-15 09:00:43.216 | INFO     | train:test_epoch:90 - Epoch 18, Val Loss: 0.269524, Val Accuracy: 92.48%
2026-09-15 09:00:43.350 | INFO     | train:train_epoch:47 - Epoch 19, Step 0, Loss: 0.242998, Accuracy: 93.75%
2026-09-15 09:00:43.691 | INFO     | train:test_epoch:90 - Epoch 19, Val Loss: 0.270115, Val Accuracy: 91.73%
2026-09-15 09:00:43.821 | INFO     | train:train_epoch:47 - Epoch 20, Step 0, Loss: 0.188242, Accuracy: 100.00%
2026-09-15 09:00:44.172 | INFO     | train:test_epoch:90 - Epoch 20, Val Loss: 0.266298, Val Accuracy: 91.73%
2026-09-15 09:00:44.173 | INFO     | __main__:main:134 - Best validation accuracy for beta 0.93: 92.48%
2026-09-15 09:00:44.173 | INFO     | __main__:main:123 - Testing CT with beta: 0.94
2026-09-15 09:00:44.190 | INFO     | __main__:main:129 - Number of trainable parameters: 1539
2026-09-15 09:00:44.191 | INFO     | __main__:main:130 - Starting transfer learning...
2026-09-15 09:00:51.628 | INFO     | train:train_epoch:47 - Epoch 1, Step 0, Loss: 1.443047, Accuracy: 43.75%
2026-09-15 09:00:51.966 | INFO     | train:test_epoch:90 - Epoch 1, Val Loss: 0.794242, Val Accuracy: 71.43%
2026-09-15 09:00:51.966 | INFO     | train:linear_probe:190 - New best validation accuracy: 71.43 at epoch 1
2026-09-15 09:00:52.096 | INFO     | train:train_epoch:47 - Epoch 2, Step 0, Loss: 0.835781, Accuracy: 65.62%
2026-09-15 09:00:52.466 | INFO     | train:test_epoch:90 - Epoch 2, Val Loss: 0.529671, Val Accuracy: 81.95%
2026-09-15 09:00:52.467 | INFO     | train:linear_probe:190 - New best validation accuracy: 81.95 at epoch 2
2026-09-15 09:00:52.752 | INFO     | train:train_epoch:47 - Epoch 3, Step 0, Loss: 0.394032, Accuracy: 93.75%
2026-09-15 09:00:53.304 | INFO     | train:test_epoch:90 - Epoch 3, Val Loss: 0.445435, Val Accuracy: 84.96%
2026-09-15 09:00:53.305 | INFO     | train:linear_probe:190 - New best validation accuracy: 84.96 at epoch 3
2026-09-15 09:00:53.512 | INFO     | train:train_epoch:47 - Epoch 4, Step 0, Loss: 0.414081, Accuracy: 93.75%
2026-09-15 09:00:54.080 | INFO     | train:test_epoch:90 - Epoch 4, Val Loss: 0.393552, Val Accuracy: 87.22%
2026-09-15 09:00:54.081 | INFO     | train:linear_probe:190 - New best validation accuracy: 87.22 at epoch 4
2026-09-15 09:00:54.305 | INFO     | train:train_epoch:47 - Epoch 5, Step 0, Loss: 0.346631, Accuracy: 93.75%
2026-09-15 09:00:54.861 | INFO     | train:test_epoch:90 - Epoch 5, Val Loss: 0.355365, Val Accuracy: 86.47%
2026-09-15 09:00:55.077 | INFO     | train:train_epoch:47 - Epoch 6, Step 0, Loss: 0.261185, Accuracy: 90.62%
2026-09-15 09:00:55.639 | INFO     | train:test_epoch:90 - Epoch 6, Val Loss: 0.337380, Val Accuracy: 89.47%
2026-09-15 09:00:55.640 | INFO     | train:linear_probe:190 - New best validation accuracy: 89.47 at epoch 6
2026-09-15 09:00:55.824 | INFO     | train:train_epoch:47 - Epoch 7, Step 0, Loss: 0.363202, Accuracy: 90.62%
2026-09-15 09:00:56.183 | INFO     | train:test_epoch:90 - Epoch 7, Val Loss: 0.333496, Val Accuracy: 87.22%
2026-09-15 09:00:56.328 | INFO     | train:train_epoch:47 - Epoch 8, Step 0, Loss: 0.257849, Accuracy: 93.75%
2026-09-15 09:00:56.684 | INFO     | train:test_epoch:90 - Epoch 8, Val Loss: 0.292849, Val Accuracy: 89.47%
2026-09-15 09:00:56.815 | INFO     | train:train_epoch:47 - Epoch 9, Step 0, Loss: 0.407583, Accuracy: 78.12%
2026-09-15 09:00:57.185 | INFO     | train:test_epoch:90 - Epoch 9, Val Loss: 0.285071, Val Accuracy: 90.23%
2026-09-15 09:00:57.186 | INFO     | train:linear_probe:190 - New best validation accuracy: 90.23 at epoch 9
2026-09-15 09:00:57.319 | INFO     | train:train_epoch:47 - Epoch 10, Step 0, Loss: 0.233600, Accuracy: 93.75%
2026-09-15 09:00:57.674 | INFO     | train:test_epoch:90 - Epoch 10, Val Loss: 0.266685, Val Accuracy: 92.48%
2026-09-15 09:00:57.675 | INFO     | train:linear_probe:190 - New best validation accuracy: 92.48 at epoch 10
2026-09-15 09:00:57.806 | INFO     | train:train_epoch:47 - Epoch 11, Step 0, Loss: 0.275908, Accuracy: 87.50%
2026-09-15 09:00:58.177 | INFO     | train:test_epoch:90 - Epoch 11, Val Loss: 0.267997, Val Accuracy: 93.23%
2026-09-15 09:00:58.178 | INFO     | train:linear_probe:190 - New best validation accuracy: 93.23 at epoch 11
2026-09-15 09:00:58.316 | INFO     | train:train_epoch:47 - Epoch 12, Step 0, Loss: 0.220006, Accuracy: 93.75%
2026-09-15 09:00:58.695 | INFO     | train:test_epoch:90 - Epoch 12, Val Loss: 0.265424, Val Accuracy: 93.98%
2026-09-15 09:00:58.696 | INFO     | train:linear_probe:190 - New best validation accuracy: 93.98 at epoch 12
2026-09-15 09:00:58.848 | INFO     | train:train_epoch:47 - Epoch 13, Step 0, Loss: 0.176708, Accuracy: 96.88%
2026-09-15 09:00:59.229 | INFO     | train:test_epoch:90 - Epoch 13, Val Loss: 0.265610, Val Accuracy: 93.23%
2026-09-15 09:00:59.380 | INFO     | train:train_epoch:47 - Epoch 14, Step 0, Loss: 0.214569, Accuracy: 96.88%
2026-09-15 09:00:59.736 | INFO     | train:test_epoch:90 - Epoch 14, Val Loss: 0.263507, Val Accuracy: 93.98%
2026-09-15 09:00:59.880 | INFO     | train:train_epoch:47 - Epoch 15, Step 0, Loss: 0.236160, Accuracy: 96.88%
2026-09-15 09:01:00.256 | INFO     | train:test_epoch:90 - Epoch 15, Val Loss: 0.263761, Val Accuracy: 93.23%
2026-09-15 09:01:00.394 | INFO     | train:train_epoch:47 - Epoch 16, Step 0, Loss: 0.200904, Accuracy: 96.88%
2026-09-15 09:01:00.743 | INFO     | train:test_epoch:90 - Epoch 16, Val Loss: 0.263756, Val Accuracy: 92.48%
2026-09-15 09:01:00.873 | INFO     | train:train_epoch:47 - Epoch 17, Step 0, Loss: 0.116942, Accuracy: 96.88%
2026-09-15 09:01:01.242 | INFO     | train:test_epoch:90 - Epoch 17, Val Loss: 0.262537, Val Accuracy: 93.23%
2026-09-15 09:01:01.373 | INFO     | train:train_epoch:47 - Epoch 18, Step 0, Loss: 0.311494, Accuracy: 87.50%
2026-09-15 09:01:01.719 | INFO     | train:test_epoch:90 - Epoch 18, Val Loss: 0.259989, Val Accuracy: 93.23%
2026-09-15 09:01:01.847 | INFO     | train:train_epoch:47 - Epoch 19, Step 0, Loss: 0.165962, Accuracy: 96.88%
2026-09-15 09:01:02.202 | INFO     | train:test_epoch:90 - Epoch 19, Val Loss: 0.259750, Val Accuracy: 93.23%
2026-09-15 09:01:02.340 | INFO     | train:train_epoch:47 - Epoch 20, Step 0, Loss: 0.388486, Accuracy: 78.12%
2026-09-15 09:01:02.691 | INFO     | train:test_epoch:90 - Epoch 20, Val Loss: 0.257117, Val Accuracy: 93.98%
2026-09-15 09:01:02.692 | INFO     | __main__:main:134 - Best validation accuracy for beta 0.94: 93.98%
2026-09-15 09:01:02.692 | INFO     | __main__:main:123 - Testing CT with beta: 0.95
2026-09-15 09:01:02.708 | INFO     | __main__:main:129 - Number of trainable parameters: 1539
2026-09-15 09:01:02.709 | INFO     | __main__:main:130 - Starting transfer learning...
2026-09-15 09:01:11.686 | INFO     | train:train_epoch:47 - Epoch 1, Step 0, Loss: 1.233202, Accuracy: 31.25%
2026-09-15 09:01:12.068 | INFO     | train:test_epoch:90 - Epoch 1, Val Loss: 0.788832, Val Accuracy: 67.67%
2026-09-15 09:01:12.069 | INFO     | train:linear_probe:190 - New best validation accuracy: 67.67 at epoch 1
2026-09-15 09:01:12.221 | INFO     | train:train_epoch:47 - Epoch 2, Step 0, Loss: 0.730562, Accuracy: 71.88%
2026-09-15 09:01:12.569 | INFO     | train:test_epoch:90 - Epoch 2, Val Loss: 0.524504, Val Accuracy: 82.71%
2026-09-15 09:01:12.570 | INFO     | train:linear_probe:190 - New best validation accuracy: 82.71 at epoch 2
2026-09-15 09:01:12.709 | INFO     | train:train_epoch:47 - Epoch 3, Step 0, Loss: 0.491085, Accuracy: 87.50%
2026-09-15 09:01:13.064 | INFO     | train:test_epoch:90 - Epoch 3, Val Loss: 0.439845, Val Accuracy: 84.21%
2026-09-15 09:01:13.065 | INFO     | train:linear_probe:190 - New best validation accuracy: 84.21 at epoch 3
2026-09-15 09:01:13.206 | INFO     | train:train_epoch:47 - Epoch 4, Step 0, Loss: 0.558509, Accuracy: 84.38%
2026-09-15 09:01:13.540 | INFO     | train:test_epoch:90 - Epoch 4, Val Loss: 0.390630, Val Accuracy: 84.96%
2026-09-15 09:01:13.541 | INFO     | train:linear_probe:190 - New best validation accuracy: 84.96 at epoch 4
2026-09-15 09:01:13.680 | INFO     | train:train_epoch:47 - Epoch 5, Step 0, Loss: 0.316556, Accuracy: 90.62%
2026-09-15 09:01:14.036 | INFO     | train:test_epoch:90 - Epoch 5, Val Loss: 0.356234, Val Accuracy: 86.47%
2026-09-15 09:01:14.037 | INFO     | train:linear_probe:190 - New best validation accuracy: 86.47 at epoch 5
2026-09-15 09:01:14.178 | INFO     | train:train_epoch:47 - Epoch 6, Step 0, Loss: 0.265472, Accuracy: 93.75%
2026-09-15 09:01:14.527 | INFO     | train:test_epoch:90 - Epoch 6, Val Loss: 0.329419, Val Accuracy: 87.97%
2026-09-15 09:01:14.528 | INFO     | train:linear_probe:190 - New best validation accuracy: 87.97 at epoch 6
2026-09-15 09:01:14.660 | INFO     | train:train_epoch:47 - Epoch 7, Step 0, Loss: 0.476471, Accuracy: 78.12%
2026-09-15 09:01:15.009 | INFO     | train:test_epoch:90 - Epoch 7, Val Loss: 0.325784, Val Accuracy: 88.72%
2026-09-15 09:01:15.010 | INFO     | train:linear_probe:190 - New best validation accuracy: 88.72 at epoch 7
2026-09-15 09:01:15.140 | INFO     | train:train_epoch:47 - Epoch 8, Step 0, Loss: 0.276924, Accuracy: 90.62%
2026-09-15 09:01:15.490 | INFO     | train:test_epoch:90 - Epoch 8, Val Loss: 0.301334, Val Accuracy: 89.47%
2026-09-15 09:01:15.491 | INFO     | train:linear_probe:190 - New best validation accuracy: 89.47 at epoch 8
2026-09-15 09:01:15.626 | INFO     | train:train_epoch:47 - Epoch 9, Step 0, Loss: 0.284370, Accuracy: 96.88%
2026-09-15 09:01:15.990 | INFO     | train:test_epoch:90 - Epoch 9, Val Loss: 0.280062, Val Accuracy: 90.23%
2026-09-15 09:01:15.991 | INFO     | train:linear_probe:190 - New best validation accuracy: 90.23 at epoch 9
2026-09-15 09:01:16.137 | INFO     | train:train_epoch:47 - Epoch 10, Step 0, Loss: 0.252229, Accuracy: 90.62%
2026-09-15 09:01:16.483 | INFO     | train:test_epoch:90 - Epoch 10, Val Loss: 0.298333, Val Accuracy: 89.47%
2026-09-15 09:01:16.615 | INFO     | train:train_epoch:47 - Epoch 11, Step 0, Loss: 0.263845, Accuracy: 93.75%
2026-09-15 09:01:16.959 | INFO     | train:test_epoch:90 - Epoch 11, Val Loss: 0.269918, Val Accuracy: 91.73%
2026-09-15 09:01:16.960 | INFO     | train:linear_probe:190 - New best validation accuracy: 91.73 at epoch 11
2026-09-15 09:01:17.112 | INFO     | train:train_epoch:47 - Epoch 12, Step 0, Loss: 0.260867, Accuracy: 93.75%
2026-09-15 09:01:17.456 | INFO     | train:test_epoch:90 - Epoch 12, Val Loss: 0.266356, Val Accuracy: 93.23%
2026-09-15 09:01:17.457 | INFO     | train:linear_probe:190 - New best validation accuracy: 93.23 at epoch 12
2026-09-15 09:01:17.589 | INFO     | train:train_epoch:47 - Epoch 13, Step 0, Loss: 0.250253, Accuracy: 90.62%
2026-09-15 09:01:17.926 | INFO     | train:test_epoch:90 - Epoch 13, Val Loss: 0.267098, Val Accuracy: 93.98%
2026-09-15 09:01:17.927 | INFO     | train:linear_probe:190 - New best validation accuracy: 93.98 at epoch 13
2026-09-15 09:01:18.073 | INFO     | train:train_epoch:47 - Epoch 14, Step 0, Loss: 0.197622, Accuracy: 93.75%
2026-09-15 09:01:18.428 | INFO     | train:test_epoch:90 - Epoch 14, Val Loss: 0.265255, Val Accuracy: 93.23%
2026-09-15 09:01:18.576 | INFO     | train:train_epoch:47 - Epoch 15, Step 0, Loss: 0.279889, Accuracy: 93.75%
2026-09-15 09:01:18.925 | INFO     | train:test_epoch:90 - Epoch 15, Val Loss: 0.266183, Val Accuracy: 93.23%
2026-09-15 09:01:19.060 | INFO     | train:train_epoch:47 - Epoch 16, Step 0, Loss: 0.196769, Accuracy: 100.00%
2026-09-15 09:01:19.418 | INFO     | train:test_epoch:90 - Epoch 16, Val Loss: 0.262488, Val Accuracy: 93.23%
2026-09-15 09:01:19.550 | INFO     | train:train_epoch:47 - Epoch 17, Step 0, Loss: 0.265480, Accuracy: 90.62%
2026-09-15 09:01:19.898 | INFO     | train:test_epoch:90 - Epoch 17, Val Loss: 0.263081, Val Accuracy: 93.23%
2026-09-15 09:01:20.029 | INFO     | train:train_epoch:47 - Epoch 18, Step 0, Loss: 0.224732, Accuracy: 93.75%
2026-09-15 09:01:20.531 | INFO     | train:test_epoch:90 - Epoch 18, Val Loss: 0.260537, Val Accuracy: 93.23%
2026-09-15 09:01:20.743 | INFO     | train:train_epoch:47 - Epoch 19, Step 0, Loss: 0.195306, Accuracy: 93.75%
2026-09-15 09:01:21.298 | INFO     | train:test_epoch:90 - Epoch 19, Val Loss: 0.262921, Val Accuracy: 92.48%
2026-09-15 09:01:21.508 | INFO     | train:train_epoch:47 - Epoch 20, Step 0, Loss: 0.139068, Accuracy: 100.00%
2026-09-15 09:01:22.055 | INFO     | train:test_epoch:90 - Epoch 20, Val Loss: 0.257407, Val Accuracy: 93.98%
2026-09-15 09:01:22.056 | INFO     | __main__:main:134 - Best validation accuracy for beta 0.95: 93.98%
2026-09-15 09:01:22.056 | INFO     | __main__:main:123 - Testing CT with beta: 0.96
2026-09-15 09:01:22.083 | INFO     | __main__:main:129 - Number of trainable parameters: 1539
2026-09-15 09:01:22.083 | INFO     | __main__:main:130 - Starting transfer learning...
2026-09-15 09:01:30.176 | INFO     | train:train_epoch:47 - Epoch 1, Step 0, Loss: 1.446906, Accuracy: 28.12%
2026-09-15 09:01:30.549 | INFO     | train:test_epoch:90 - Epoch 1, Val Loss: 0.913475, Val Accuracy: 63.16%
2026-09-15 09:01:30.550 | INFO     | train:linear_probe:190 - New best validation accuracy: 63.16 at epoch 1
2026-09-15 09:01:30.696 | INFO     | train:train_epoch:47 - Epoch 2, Step 0, Loss: 0.852747, Accuracy: 59.38%
2026-09-15 09:01:31.061 | INFO     | train:test_epoch:90 - Epoch 2, Val Loss: 0.596919, Val Accuracy: 81.20%
2026-09-15 09:01:31.062 | INFO     | train:linear_probe:190 - New best validation accuracy: 81.20 at epoch 2
2026-09-15 09:01:31.204 | INFO     | train:train_epoch:47 - Epoch 3, Step 0, Loss: 0.554502, Accuracy: 87.50%
2026-09-15 09:01:31.555 | INFO     | train:test_epoch:90 - Epoch 3, Val Loss: 0.539350, Val Accuracy: 80.45%
2026-09-15 09:01:31.688 | INFO     | train:train_epoch:47 - Epoch 4, Step 0, Loss: 0.566236, Accuracy: 75.00%
2026-09-15 09:01:32.059 | INFO     | train:test_epoch:90 - Epoch 4, Val Loss: 0.458152, Val Accuracy: 81.95%
2026-09-15 09:01:32.060 | INFO     | train:linear_probe:190 - New best validation accuracy: 81.95 at epoch 4
2026-09-15 09:01:32.197 | INFO     | train:train_epoch:47 - Epoch 5, Step 0, Loss: 0.389900, Accuracy: 93.75%
2026-09-15 09:01:32.565 | INFO     | train:test_epoch:90 - Epoch 5, Val Loss: 0.398958, Val Accuracy: 84.96%
2026-09-15 09:01:32.566 | INFO     | train:linear_probe:190 - New best validation accuracy: 84.96 at epoch 5
2026-09-15 09:01:32.705 | INFO     | train:train_epoch:47 - Epoch 6, Step 0, Loss: 0.291530, Accuracy: 93.75%
2026-09-15 09:01:33.071 | INFO     | train:test_epoch:90 - Epoch 6, Val Loss: 0.378898, Val Accuracy: 83.46%
2026-09-15 09:01:33.210 | INFO     | train:train_epoch:47 - Epoch 7, Step 0, Loss: 0.379379, Accuracy: 84.38%
2026-09-15 09:01:33.581 | INFO     | train:test_epoch:90 - Epoch 7, Val Loss: 0.347100, Val Accuracy: 84.96%
2026-09-15 09:01:33.726 | INFO     | train:train_epoch:47 - Epoch 8, Step 0, Loss: 0.444139, Accuracy: 84.38%
2026-09-15 09:01:34.164 | INFO     | train:test_epoch:90 - Epoch 8, Val Loss: 0.344870, Val Accuracy: 87.97%
2026-09-15 09:01:34.166 | INFO     | train:linear_probe:190 - New best validation accuracy: 87.97 at epoch 8
2026-09-15 09:01:34.399 | INFO     | train:train_epoch:47 - Epoch 9, Step 0, Loss: 0.412689, Accuracy: 81.25%
2026-09-15 09:01:34.983 | INFO     | train:test_epoch:90 - Epoch 9, Val Loss: 0.325976, Val Accuracy: 87.22%
2026-09-15 09:01:35.204 | INFO     | train:train_epoch:47 - Epoch 10, Step 0, Loss: 0.212587, Accuracy: 96.88%
2026-09-15 09:01:35.791 | INFO     | train:test_epoch:90 - Epoch 10, Val Loss: 0.300881, Val Accuracy: 89.47%
2026-09-15 09:01:35.793 | INFO     | train:linear_probe:190 - New best validation accuracy: 89.47 at epoch 10
2026-09-15 09:01:36.021 | INFO     | train:train_epoch:47 - Epoch 11, Step 0, Loss: 0.220384, Accuracy: 96.88%
2026-09-15 09:01:36.566 | INFO     | train:test_epoch:90 - Epoch 11, Val Loss: 0.298426, Val Accuracy: 88.72%
2026-09-15 09:01:36.786 | INFO     | train:train_epoch:47 - Epoch 12, Step 0, Loss: 0.290253, Accuracy: 90.62%
2026-09-15 09:01:37.315 | INFO     | train:test_epoch:90 - Epoch 12, Val Loss: 0.296646, Val Accuracy: 88.72%
2026-09-15 09:01:37.511 | INFO     | train:train_epoch:47 - Epoch 13, Step 0, Loss: 0.313489, Accuracy: 87.50%
2026-09-15 09:01:37.864 | INFO     | train:test_epoch:90 - Epoch 13, Val Loss: 0.297981, Val Accuracy: 89.47%
2026-09-15 09:01:37.999 | INFO     | train:train_epoch:47 - Epoch 14, Step 0, Loss: 0.381535, Accuracy: 87.50%
2026-09-15 09:01:38.369 | INFO     | train:test_epoch:90 - Epoch 14, Val Loss: 0.293728, Val Accuracy: 88.72%
2026-09-15 09:01:38.499 | INFO     | train:train_epoch:47 - Epoch 15, Step 0, Loss: 0.344887, Accuracy: 87.50%
2026-09-15 09:01:38.889 | INFO     | train:test_epoch:90 - Epoch 15, Val Loss: 0.293625, Val Accuracy: 88.72%
2026-09-15 09:01:39.020 | INFO     | train:train_epoch:47 - Epoch 16, Step 0, Loss: 0.207492, Accuracy: 93.75%
2026-09-15 09:01:39.376 | INFO     | train:test_epoch:90 - Epoch 16, Val Loss: 0.292829, Val Accuracy: 89.47%
2026-09-15 09:01:39.502 | INFO     | train:train_epoch:47 - Epoch 17, Step 0, Loss: 0.210178, Accuracy: 93.75%
2026-09-15 09:01:39.854 | INFO     | train:test_epoch:90 - Epoch 17, Val Loss: 0.289826, Val Accuracy: 88.72%
2026-09-15 09:01:39.992 | INFO     | train:train_epoch:47 - Epoch 18, Step 0, Loss: 0.309070, Accuracy: 90.62%
2026-09-15 09:01:40.366 | INFO     | train:test_epoch:90 - Epoch 18, Val Loss: 0.288042, Val Accuracy: 89.47%
2026-09-15 09:01:40.498 | INFO     | train:train_epoch:47 - Epoch 19, Step 0, Loss: 0.208640, Accuracy: 96.88%
2026-09-15 09:01:40.849 | INFO     | train:test_epoch:90 - Epoch 19, Val Loss: 0.287396, Val Accuracy: 89.47%
2026-09-15 09:01:40.984 | INFO     | train:train_epoch:47 - Epoch 20, Step 0, Loss: 0.231579, Accuracy: 96.88%
2026-09-15 09:01:41.329 | INFO     | train:test_epoch:90 - Epoch 20, Val Loss: 0.286147, Val Accuracy: 89.47%
2026-09-15 09:01:41.330 | INFO     | __main__:main:134 - Best validation accuracy for beta 0.96: 89.47%
2026-09-15 09:01:41.330 | INFO     | __main__:main:123 - Testing CT with beta: 0.97
2026-09-15 09:01:41.347 | INFO     | __main__:main:129 - Number of trainable parameters: 1539
2026-09-15 09:01:41.348 | INFO     | __main__:main:130 - Starting transfer learning...
2026-09-15 09:01:49.079 | INFO     | train:train_epoch:47 - Epoch 1, Step 0, Loss: 1.385206, Accuracy: 31.25%
2026-09-15 09:01:49.588 | INFO     | train:test_epoch:90 - Epoch 1, Val Loss: 0.819668, Val Accuracy: 63.16%
2026-09-15 09:01:49.589 | INFO     | train:linear_probe:190 - New best validation accuracy: 63.16 at epoch 1
2026-09-15 09:01:49.810 | INFO     | train:train_epoch:47 - Epoch 2, Step 0, Loss: 0.813121, Accuracy: 62.50%
2026-09-15 09:01:50.352 | INFO     | train:test_epoch:90 - Epoch 2, Val Loss: 0.551125, Val Accuracy: 82.71%
2026-09-15 09:01:50.353 | INFO     | train:linear_probe:190 - New best validation accuracy: 82.71 at epoch 2
2026-09-15 09:01:50.595 | INFO     | train:train_epoch:47 - Epoch 3, Step 0, Loss: 0.610404, Accuracy: 87.50%
2026-09-15 09:01:51.063 | INFO     | train:test_epoch:90 - Epoch 3, Val Loss: 0.459676, Val Accuracy: 84.21%
2026-09-15 09:01:51.064 | INFO     | train:linear_probe:190 - New best validation accuracy: 84.21 at epoch 3
2026-09-15 09:01:51.200 | INFO     | train:train_epoch:47 - Epoch 4, Step 0, Loss: 0.548625, Accuracy: 75.00%
2026-09-15 09:01:51.555 | INFO     | train:test_epoch:90 - Epoch 4, Val Loss: 0.417279, Val Accuracy: 85.71%
2026-09-15 09:01:51.556 | INFO     | train:linear_probe:190 - New best validation accuracy: 85.71 at epoch 4
2026-09-15 09:01:51.687 | INFO     | train:train_epoch:47 - Epoch 5, Step 0, Loss: 0.370331, Accuracy: 93.75%
2026-09-15 09:01:52.049 | INFO     | train:test_epoch:90 - Epoch 5, Val Loss: 0.396184, Val Accuracy: 86.47%
2026-09-15 09:01:52.050 | INFO     | train:linear_probe:190 - New best validation accuracy: 86.47 at epoch 5
2026-09-15 09:01:52.186 | INFO     | train:train_epoch:47 - Epoch 6, Step 0, Loss: 0.406054, Accuracy: 84.38%
2026-09-15 09:01:52.545 | INFO     | train:test_epoch:90 - Epoch 6, Val Loss: 0.348317, Val Accuracy: 87.97%
2026-09-15 09:01:52.546 | INFO     | train:linear_probe:190 - New best validation accuracy: 87.97 at epoch 6
2026-09-15 09:01:52.684 | INFO     | train:train_epoch:47 - Epoch 7, Step 0, Loss: 0.387909, Accuracy: 90.62%
2026-09-15 09:01:53.043 | INFO     | train:test_epoch:90 - Epoch 7, Val Loss: 0.327879, Val Accuracy: 87.97%
2026-09-15 09:01:53.181 | INFO     | train:train_epoch:47 - Epoch 8, Step 0, Loss: 0.205823, Accuracy: 96.88%
2026-09-15 09:01:53.534 | INFO     | train:test_epoch:90 - Epoch 8, Val Loss: 0.313871, Val Accuracy: 89.47%
2026-09-15 09:01:53.535 | INFO     | train:linear_probe:190 - New best validation accuracy: 89.47 at epoch 8
2026-09-15 09:01:53.670 | INFO     | train:train_epoch:47 - Epoch 9, Step 0, Loss: 0.253375, Accuracy: 100.00%
2026-09-15 09:01:54.018 | INFO     | train:test_epoch:90 - Epoch 9, Val Loss: 0.300742, Val Accuracy: 90.23%
2026-09-15 09:01:54.019 | INFO     | train:linear_probe:190 - New best validation accuracy: 90.23 at epoch 9
2026-09-15 09:01:54.169 | INFO     | train:train_epoch:47 - Epoch 10, Step 0, Loss: 0.208334, Accuracy: 90.62%
2026-09-15 09:01:54.514 | INFO     | train:test_epoch:90 - Epoch 10, Val Loss: 0.293833, Val Accuracy: 90.23%
2026-09-15 09:01:54.650 | INFO     | train:train_epoch:47 - Epoch 11, Step 0, Loss: 0.228886, Accuracy: 96.88%
2026-09-15 09:01:55.003 | INFO     | train:test_epoch:90 - Epoch 11, Val Loss: 0.280692, Val Accuracy: 89.47%
2026-09-15 09:01:55.154 | INFO     | train:train_epoch:47 - Epoch 12, Step 0, Loss: 0.217298, Accuracy: 96.88%
2026-09-15 09:01:55.506 | INFO     | train:test_epoch:90 - Epoch 12, Val Loss: 0.278332, Val Accuracy: 88.72%
2026-09-15 09:01:55.644 | INFO     | train:train_epoch:47 - Epoch 13, Step 0, Loss: 0.259746, Accuracy: 90.62%
2026-09-15 09:01:55.990 | INFO     | train:test_epoch:90 - Epoch 13, Val Loss: 0.277047, Val Accuracy: 90.23%
2026-09-15 09:01:56.117 | INFO     | train:train_epoch:47 - Epoch 14, Step 0, Loss: 0.262411, Accuracy: 93.75%
2026-09-15 09:01:56.485 | INFO     | train:test_epoch:90 - Epoch 14, Val Loss: 0.275365, Val Accuracy: 90.98%
2026-09-15 09:01:56.487 | INFO     | train:linear_probe:190 - New best validation accuracy: 90.98 at epoch 14
2026-09-15 09:01:56.631 | INFO     | train:train_epoch:47 - Epoch 15, Step 0, Loss: 0.199728, Accuracy: 93.75%
2026-09-15 09:01:56.972 | INFO     | train:test_epoch:90 - Epoch 15, Val Loss: 0.276107, Val Accuracy: 90.23%
2026-09-15 09:01:57.114 | INFO     | train:train_epoch:47 - Epoch 16, Step 0, Loss: 0.353799, Accuracy: 93.75%
2026-09-15 09:01:57.468 | INFO     | train:test_epoch:90 - Epoch 16, Val Loss: 0.271396, Val Accuracy: 91.73%
2026-09-15 09:01:57.469 | INFO     | train:linear_probe:190 - New best validation accuracy: 91.73 at epoch 16
2026-09-15 09:01:57.608 | INFO     | train:train_epoch:47 - Epoch 17, Step 0, Loss: 0.252179, Accuracy: 96.88%
2026-09-15 09:01:57.963 | INFO     | train:test_epoch:90 - Epoch 17, Val Loss: 0.272343, Val Accuracy: 90.23%
2026-09-15 09:01:58.109 | INFO     | train:train_epoch:47 - Epoch 18, Step 0, Loss: 0.263350, Accuracy: 87.50%
2026-09-15 09:01:58.502 | INFO     | train:test_epoch:90 - Epoch 18, Val Loss: 0.270886, Val Accuracy: 90.23%
2026-09-15 09:01:58.694 | INFO     | train:train_epoch:47 - Epoch 19, Step 0, Loss: 0.150487, Accuracy: 96.88%
2026-09-15 09:01:59.065 | INFO     | train:test_epoch:90 - Epoch 19, Val Loss: 0.269307, Val Accuracy: 90.98%
2026-09-15 09:01:59.210 | INFO     | train:train_epoch:47 - Epoch 20, Step 0, Loss: 0.456096, Accuracy: 87.50%
2026-09-15 09:01:59.595 | INFO     | train:test_epoch:90 - Epoch 20, Val Loss: 0.267711, Val Accuracy: 90.98%
2026-09-15 09:01:59.595 | INFO     | __main__:main:134 - Best validation accuracy for beta 0.97: 91.73%
2026-09-15 09:01:59.596 | INFO     | __main__:main:123 - Testing CT with beta: 0.98
2026-09-15 09:01:59.613 | INFO     | __main__:main:129 - Number of trainable parameters: 1539
2026-09-15 09:01:59.613 | INFO     | __main__:main:130 - Starting transfer learning...
2026-09-15 09:02:08.463 | INFO     | train:train_epoch:47 - Epoch 1, Step 0, Loss: 1.176722, Accuracy: 28.12%
2026-09-15 09:02:08.824 | INFO     | train:test_epoch:90 - Epoch 1, Val Loss: 0.766753, Val Accuracy: 70.68%
2026-09-15 09:02:08.825 | INFO     | train:linear_probe:190 - New best validation accuracy: 70.68 at epoch 1
2026-09-15 09:02:08.986 | INFO     | train:train_epoch:47 - Epoch 2, Step 0, Loss: 0.749975, Accuracy: 68.75%
2026-09-15 09:02:09.412 | INFO     | train:test_epoch:90 - Epoch 2, Val Loss: 0.520592, Val Accuracy: 81.95%
2026-09-15 09:02:09.413 | INFO     | train:linear_probe:190 - New best validation accuracy: 81.95 at epoch 2
2026-09-15 09:02:09.556 | INFO     | train:train_epoch:47 - Epoch 3, Step 0, Loss: 0.480914, Accuracy: 84.38%
2026-09-15 09:02:09.932 | INFO     | train:test_epoch:90 - Epoch 3, Val Loss: 0.434306, Val Accuracy: 84.96%
2026-09-15 09:02:09.934 | INFO     | train:linear_probe:190 - New best validation accuracy: 84.96 at epoch 3
2026-09-15 09:02:10.091 | INFO     | train:train_epoch:47 - Epoch 4, Step 0, Loss: 0.407947, Accuracy: 90.62%
2026-09-15 09:02:10.455 | INFO     | train:test_epoch:90 - Epoch 4, Val Loss: 0.379178, Val Accuracy: 88.72%
2026-09-15 09:02:10.456 | INFO     | train:linear_probe:190 - New best validation accuracy: 88.72 at epoch 4
2026-09-15 09:02:10.601 | INFO     | train:train_epoch:47 - Epoch 5, Step 0, Loss: 0.365714, Accuracy: 90.62%
2026-09-15 09:02:11.000 | INFO     | train:test_epoch:90 - Epoch 5, Val Loss: 0.354399, Val Accuracy: 87.97%
2026-09-15 09:02:11.137 | INFO     | train:train_epoch:47 - Epoch 6, Step 0, Loss: 0.451685, Accuracy: 87.50%
2026-09-15 09:02:11.531 | INFO     | train:test_epoch:90 - Epoch 6, Val Loss: 0.326054, Val Accuracy: 90.23%
2026-09-15 09:02:11.532 | INFO     | train:linear_probe:190 - New best validation accuracy: 90.23 at epoch 6
2026-09-15 09:02:11.673 | INFO     | train:train_epoch:47 - Epoch 7, Step 0, Loss: 0.334551, Accuracy: 87.50%
2026-09-15 09:02:12.040 | INFO     | train:test_epoch:90 - Epoch 7, Val Loss: 0.302532, Val Accuracy: 87.97%
2026-09-15 09:02:12.180 | INFO     | train:train_epoch:47 - Epoch 8, Step 0, Loss: 0.279505, Accuracy: 93.75%
2026-09-15 09:02:12.535 | INFO     | train:test_epoch:90 - Epoch 8, Val Loss: 0.294662, Val Accuracy: 90.23%
2026-09-15 09:02:12.675 | INFO     | train:train_epoch:47 - Epoch 9, Step 0, Loss: 0.295385, Accuracy: 87.50%
2026-09-15 09:02:13.034 | INFO     | train:test_epoch:90 - Epoch 9, Val Loss: 0.271999, Val Accuracy: 93.23%
2026-09-15 09:02:13.035 | INFO     | train:linear_probe:190 - New best validation accuracy: 93.23 at epoch 9
2026-09-15 09:02:13.188 | INFO     | train:train_epoch:47 - Epoch 10, Step 0, Loss: 0.364353, Accuracy: 84.38%
2026-09-15 09:02:13.543 | INFO     | train:test_epoch:90 - Epoch 10, Val Loss: 0.280878, Val Accuracy: 89.47%
2026-09-15 09:02:13.688 | INFO     | train:train_epoch:47 - Epoch 11, Step 0, Loss: 0.264580, Accuracy: 93.75%
2026-09-15 09:02:14.032 | INFO     | train:test_epoch:90 - Epoch 11, Val Loss: 0.256941, Val Accuracy: 92.48%
2026-09-15 09:02:14.180 | INFO     | train:train_epoch:47 - Epoch 12, Step 0, Loss: 0.277168, Accuracy: 90.62%
2026-09-15 09:02:14.535 | INFO     | train:test_epoch:90 - Epoch 12, Val Loss: 0.256881, Val Accuracy: 92.48%
2026-09-15 09:02:14.672 | INFO     | train:train_epoch:47 - Epoch 13, Step 0, Loss: 0.205735, Accuracy: 93.75%
2026-09-15 09:02:15.032 | INFO     | train:test_epoch:90 - Epoch 13, Val Loss: 0.257952, Val Accuracy: 92.48%
2026-09-15 09:02:15.255 | INFO     | train:train_epoch:47 - Epoch 14, Step 0, Loss: 0.230510, Accuracy: 93.75%
2026-09-15 09:02:15.780 | INFO     | train:test_epoch:90 - Epoch 14, Val Loss: 0.255872, Val Accuracy: 93.23%
2026-09-15 09:02:16.013 | INFO     | train:train_epoch:47 - Epoch 15, Step 0, Loss: 0.294663, Accuracy: 90.62%
2026-09-15 09:02:16.551 | INFO     | train:test_epoch:90 - Epoch 15, Val Loss: 0.254288, Val Accuracy: 93.23%
2026-09-15 09:02:16.772 | INFO     | train:train_epoch:47 - Epoch 16, Step 0, Loss: 0.304301, Accuracy: 90.62%
2026-09-15 09:02:17.300 | INFO     | train:test_epoch:90 - Epoch 16, Val Loss: 0.253631, Val Accuracy: 93.98%
2026-09-15 09:02:17.301 | INFO     | train:linear_probe:190 - New best validation accuracy: 93.98 at epoch 16
2026-09-15 09:02:17.505 | INFO     | train:train_epoch:47 - Epoch 17, Step 0, Loss: 0.325012, Accuracy: 87.50%
2026-09-15 09:02:18.029 | INFO     | train:test_epoch:90 - Epoch 17, Val Loss: 0.255025, Val Accuracy: 92.48%
2026-09-15 09:02:18.242 | INFO     | train:train_epoch:47 - Epoch 18, Step 0, Loss: 0.320964, Accuracy: 90.62%
2026-09-15 09:02:18.660 | INFO     | train:test_epoch:90 - Epoch 18, Val Loss: 0.252287, Val Accuracy: 92.48%
2026-09-15 09:02:18.791 | INFO     | train:train_epoch:47 - Epoch 19, Step 0, Loss: 0.158002, Accuracy: 96.88%
2026-09-15 09:02:19.137 | INFO     | train:test_epoch:90 - Epoch 19, Val Loss: 0.250418, Val Accuracy: 93.23%
2026-09-15 09:02:19.268 | INFO     | train:train_epoch:47 - Epoch 20, Step 0, Loss: 0.211806, Accuracy: 93.75%
2026-09-15 09:02:19.640 | INFO     | train:test_epoch:90 - Epoch 20, Val Loss: 0.248950, Val Accuracy: 93.98%
2026-09-15 09:02:19.641 | INFO     | __main__:main:134 - Best validation accuracy for beta 0.98: 93.98%
2026-09-15 09:02:19.641 | INFO     | __main__:main:123 - Testing CT with beta: 0.99
2026-09-15 09:02:19.660 | INFO     | __main__:main:129 - Number of trainable parameters: 1539
2026-09-15 09:02:19.661 | INFO     | __main__:main:130 - Starting transfer learning...
2026-09-15 09:02:26.958 | INFO     | train:train_epoch:47 - Epoch 1, Step 0, Loss: 1.149724, Accuracy: 31.25%
2026-09-15 09:02:27.304 | INFO     | train:test_epoch:90 - Epoch 1, Val Loss: 0.793700, Val Accuracy: 71.43%
2026-09-15 09:02:27.305 | INFO     | train:linear_probe:190 - New best validation accuracy: 71.43 at epoch 1
2026-09-15 09:02:27.440 | INFO     | train:train_epoch:47 - Epoch 2, Step 0, Loss: 0.832263, Accuracy: 62.50%
2026-09-15 09:02:27.784 | INFO     | train:test_epoch:90 - Epoch 2, Val Loss: 0.526203, Val Accuracy: 84.21%
2026-09-15 09:02:27.785 | INFO     | train:linear_probe:190 - New best validation accuracy: 84.21 at epoch 2
2026-09-15 09:02:27.923 | INFO     | train:train_epoch:47 - Epoch 3, Step 0, Loss: 0.459943, Accuracy: 90.62%
2026-09-15 09:02:28.287 | INFO     | train:test_epoch:90 - Epoch 3, Val Loss: 0.458032, Val Accuracy: 84.21%
2026-09-15 09:02:28.431 | INFO     | train:train_epoch:47 - Epoch 4, Step 0, Loss: 0.510283, Accuracy: 84.38%
2026-09-15 09:02:28.966 | INFO     | train:test_epoch:90 - Epoch 4, Val Loss: 0.385353, Val Accuracy: 87.97%
2026-09-15 09:02:28.967 | INFO     | train:linear_probe:190 - New best validation accuracy: 87.97 at epoch 4
2026-09-15 09:02:29.189 | INFO     | train:train_epoch:47 - Epoch 5, Step 0, Loss: 0.331867, Accuracy: 90.62%
2026-09-15 09:02:29.683 | INFO     | train:test_epoch:90 - Epoch 5, Val Loss: 0.353836, Val Accuracy: 87.97%
2026-09-15 09:02:29.897 | INFO     | train:train_epoch:47 - Epoch 6, Step 0, Loss: 0.304189, Accuracy: 90.62%
2026-09-15 09:02:30.411 | INFO     | train:test_epoch:90 - Epoch 6, Val Loss: 0.329204, Val Accuracy: 89.47%
2026-09-15 09:02:30.413 | INFO     | train:linear_probe:190 - New best validation accuracy: 89.47 at epoch 6
2026-09-15 09:02:30.621 | INFO     | train:train_epoch:47 - Epoch 7, Step 0, Loss: 0.437207, Accuracy: 84.38%
2026-09-15 09:02:31.172 | INFO     | train:test_epoch:90 - Epoch 7, Val Loss: 0.311613, Val Accuracy: 90.23%
2026-09-15 09:02:31.173 | INFO     | train:linear_probe:190 - New best validation accuracy: 90.23 at epoch 7
2026-09-15 09:02:31.366 | INFO     | train:train_epoch:47 - Epoch 8, Step 0, Loss: 0.256604, Accuracy: 100.00%
2026-09-15 09:02:31.921 | INFO     | train:test_epoch:90 - Epoch 8, Val Loss: 0.292580, Val Accuracy: 90.23%
2026-09-15 09:02:32.076 | INFO     | train:train_epoch:47 - Epoch 9, Step 0, Loss: 0.366837, Accuracy: 87.50%
2026-09-15 09:02:32.442 | INFO     | train:test_epoch:90 - Epoch 9, Val Loss: 0.276351, Val Accuracy: 91.73%
2026-09-15 09:02:32.443 | INFO     | train:linear_probe:190 - New best validation accuracy: 91.73 at epoch 9
2026-09-15 09:02:32.582 | INFO     | train:train_epoch:47 - Epoch 10, Step 0, Loss: 0.261746, Accuracy: 93.75%
2026-09-15 09:02:32.938 | INFO     | train:test_epoch:90 - Epoch 10, Val Loss: 0.265306, Val Accuracy: 90.23%
2026-09-15 09:02:33.077 | INFO     | train:train_epoch:47 - Epoch 11, Step 0, Loss: 0.236955, Accuracy: 96.88%
2026-09-15 09:02:33.432 | INFO     | train:test_epoch:90 - Epoch 11, Val Loss: 0.263601, Val Accuracy: 90.98%
2026-09-15 09:02:33.578 | INFO     | train:train_epoch:47 - Epoch 12, Step 0, Loss: 0.213162, Accuracy: 96.88%
2026-09-15 09:02:33.943 | INFO     | train:test_epoch:90 - Epoch 12, Val Loss: 0.262203, Val Accuracy: 90.98%
2026-09-15 09:02:34.101 | INFO     | train:train_epoch:47 - Epoch 13, Step 0, Loss: 0.197092, Accuracy: 96.88%
2026-09-15 09:02:34.450 | INFO     | train:test_epoch:90 - Epoch 13, Val Loss: 0.261613, Val Accuracy: 90.98%
2026-09-15 09:02:34.607 | INFO     | train:train_epoch:47 - Epoch 14, Step 0, Loss: 0.307357, Accuracy: 90.62%
2026-09-15 09:02:34.970 | INFO     | train:test_epoch:90 - Epoch 14, Val Loss: 0.261876, Val Accuracy: 91.73%
2026-09-15 09:02:35.116 | INFO     | train:train_epoch:47 - Epoch 15, Step 0, Loss: 0.235118, Accuracy: 96.88%
2026-09-15 09:02:35.454 | INFO     | train:test_epoch:90 - Epoch 15, Val Loss: 0.259328, Val Accuracy: 90.98%
2026-09-15 09:02:35.621 | INFO     | train:train_epoch:47 - Epoch 16, Step 0, Loss: 0.264610, Accuracy: 93.75%
2026-09-15 09:02:35.977 | INFO     | train:test_epoch:90 - Epoch 16, Val Loss: 0.259892, Val Accuracy: 91.73%
2026-09-15 09:02:36.105 | INFO     | train:train_epoch:47 - Epoch 17, Step 0, Loss: 0.214668, Accuracy: 93.75%
2026-09-15 09:02:36.431 | INFO     | train:test_epoch:90 - Epoch 17, Val Loss: 0.257677, Val Accuracy: 91.73%
2026-09-15 09:02:36.589 | INFO     | train:train_epoch:47 - Epoch 18, Step 0, Loss: 0.229865, Accuracy: 93.75%
2026-09-15 09:02:36.930 | INFO     | train:test_epoch:90 - Epoch 18, Val Loss: 0.257762, Val Accuracy: 91.73%
2026-09-15 09:02:37.067 | INFO     | train:train_epoch:47 - Epoch 19, Step 0, Loss: 0.193407, Accuracy: 93.75%
2026-09-15 09:02:37.395 | INFO     | train:test_epoch:90 - Epoch 19, Val Loss: 0.256349, Val Accuracy: 91.73%
2026-09-15 09:02:37.531 | INFO     | train:train_epoch:47 - Epoch 20, Step 0, Loss: 0.330749, Accuracy: 90.62%
2026-09-15 09:02:37.892 | INFO     | train:test_epoch:90 - Epoch 20, Val Loss: 0.254526, Val Accuracy: 91.73%
2026-09-15 09:02:37.892 | INFO     | __main__:main:134 - Best validation accuracy for beta 0.99: 91.73%
2026-09-15 09:02:37.893 | INFO     | __main__:main:123 - Testing CT with beta: 1.00
2026-09-15 09:02:37.910 | INFO     | __main__:main:129 - Number of trainable parameters: 1539
2026-09-15 09:02:37.910 | INFO     | __main__:main:130 - Starting transfer learning...
2026-09-15 09:02:46.710 | INFO     | train:train_epoch:47 - Epoch 1, Step 0, Loss: nan, Accuracy: 31.25%
2026-09-15 09:02:47.050 | INFO     | train:test_epoch:90 - Epoch 1, Val Loss: nan, Val Accuracy: 33.08%
2026-09-15 09:02:47.051 | INFO     | train:linear_probe:190 - New best validation accuracy: 33.08 at epoch 1
2026-09-15 09:02:47.205 | INFO     | train:train_epoch:47 - Epoch 2, Step 0, Loss: nan, Accuracy: 28.12%
2026-09-15 09:02:47.546 | INFO     | train:test_epoch:90 - Epoch 2, Val Loss: nan, Val Accuracy: 33.08%
2026-09-15 09:02:47.683 | INFO     | train:train_epoch:47 - Epoch 3, Step 0, Loss: nan, Accuracy: 34.38%
2026-09-15 09:02:48.029 | INFO     | train:test_epoch:90 - Epoch 3, Val Loss: nan, Val Accuracy: 33.08%
2026-09-15 09:02:48.166 | INFO     | train:train_epoch:47 - Epoch 4, Step 0, Loss: nan, Accuracy: 31.25%
2026-09-15 09:02:48.529 | INFO     | train:test_epoch:90 - Epoch 4, Val Loss: nan, Val Accuracy: 33.08%
2026-09-15 09:02:48.664 | INFO     | train:train_epoch:47 - Epoch 5, Step 0, Loss: nan, Accuracy: 37.50%
2026-09-15 09:02:49.010 | INFO     | train:test_epoch:90 - Epoch 5, Val Loss: nan, Val Accuracy: 33.08%
2026-09-15 09:02:49.141 | INFO     | train:train_epoch:47 - Epoch 6, Step 0, Loss: nan, Accuracy: 37.50%
2026-09-15 09:02:49.515 | INFO     | train:test_epoch:90 - Epoch 6, Val Loss: nan, Val Accuracy: 33.08%
2026-09-15 09:02:49.644 | INFO     | train:train_epoch:47 - Epoch 7, Step 0, Loss: nan, Accuracy: 18.75%
2026-09-15 09:02:50.169 | INFO     | train:test_epoch:90 - Epoch 7, Val Loss: nan, Val Accuracy: 33.08%
2026-09-15 09:02:50.309 | INFO     | train:train_epoch:47 - Epoch 8, Step 0, Loss: nan, Accuracy: 43.75%
2026-09-15 09:02:50.655 | INFO     | train:test_epoch:90 - Epoch 8, Val Loss: nan, Val Accuracy: 33.08%
2026-09-15 09:02:50.796 | INFO     | train:train_epoch:47 - Epoch 9, Step 0, Loss: nan, Accuracy: 25.00%
2026-09-15 09:02:51.152 | INFO     | train:test_epoch:90 - Epoch 9, Val Loss: nan, Val Accuracy: 33.08%
2026-09-15 09:02:51.289 | INFO     | train:train_epoch:47 - Epoch 10, Step 0, Loss: nan, Accuracy: 40.62%
2026-09-15 09:02:51.654 | INFO     | train:test_epoch:90 - Epoch 10, Val Loss: nan, Val Accuracy: 33.08%
2026-09-15 09:02:51.797 | INFO     | train:train_epoch:47 - Epoch 11, Step 0, Loss: nan, Accuracy: 31.25%
2026-09-15 09:02:52.145 | INFO     | train:test_epoch:90 - Epoch 11, Val Loss: nan, Val Accuracy: 33.08%
2026-09-15 09:02:52.283 | INFO     | train:train_epoch:47 - Epoch 12, Step 0, Loss: nan, Accuracy: 43.75%
2026-09-15 09:02:52.647 | INFO     | train:test_epoch:90 - Epoch 12, Val Loss: nan, Val Accuracy: 33.08%
2026-09-15 09:02:52.787 | INFO     | train:train_epoch:47 - Epoch 13, Step 0, Loss: nan, Accuracy: 40.62%
2026-09-15 09:02:53.134 | INFO     | train:test_epoch:90 - Epoch 13, Val Loss: nan, Val Accuracy: 33.08%
2026-09-15 09:02:53.280 | INFO     | train:train_epoch:47 - Epoch 14, Step 0, Loss: nan, Accuracy: 18.75%
2026-09-15 09:02:53.652 | INFO     | train:test_epoch:90 - Epoch 14, Val Loss: nan, Val Accuracy: 33.08%
2026-09-15 09:02:53.794 | INFO     | train:train_epoch:47 - Epoch 15, Step 0, Loss: nan, Accuracy: 31.25%
2026-09-15 09:02:54.149 | INFO     | train:test_epoch:90 - Epoch 15, Val Loss: nan, Val Accuracy: 33.08%
2026-09-15 09:02:54.295 | INFO     | train:train_epoch:47 - Epoch 16, Step 0, Loss: nan, Accuracy: 43.75%
2026-09-15 09:02:54.647 | INFO     | train:test_epoch:90 - Epoch 16, Val Loss: nan, Val Accuracy: 33.08%
2026-09-15 09:02:54.779 | INFO     | train:train_epoch:47 - Epoch 17, Step 0, Loss: nan, Accuracy: 31.25%
2026-09-15 09:02:55.129 | INFO     | train:test_epoch:90 - Epoch 17, Val Loss: nan, Val Accuracy: 33.08%
2026-09-15 09:02:55.259 | INFO     | train:train_epoch:47 - Epoch 18, Step 0, Loss: nan, Accuracy: 21.88%
2026-09-15 09:02:55.656 | INFO     | train:test_epoch:90 - Epoch 18, Val Loss: nan, Val Accuracy: 33.08%
2026-09-15 09:02:55.865 | INFO     | train:train_epoch:47 - Epoch 19, Step 0, Loss: nan, Accuracy: 28.12%
2026-09-15 09:02:56.451 | INFO     | train:test_epoch:90 - Epoch 19, Val Loss: nan, Val Accuracy: 33.08%
2026-09-15 09:02:56.692 | INFO     | train:train_epoch:47 - Epoch 20, Step 0, Loss: nan, Accuracy: 40.62%
2026-09-15 09:02:57.263 | INFO     | train:test_epoch:90 - Epoch 20, Val Loss: nan, Val Accuracy: 33.08%
2026-09-15 09:02:57.264 | INFO     | __main__:main:134 - Best validation accuracy for beta 1.00: 33.08%
2026-09-15 09:02:57.264 | INFO     | __main__:main:143 - Best beta: 0.78, Best validation accuracy: 97.74%
2026-09-15 09:02:57.264 | INFO     | __main__:main:145 - Testing the best model...
2026-09-15 09:02:59.043 | INFO     | train:test_epoch:100 - Loss: 0.280469, Accuracy: 91.41%
2026-09-15 09:02:59.044 | INFO     | __main__:main:147 - Test accuracy: 91.41%
2026-09-15 09:02:59.121 | INFO     | __main__:main:152 - CT model saved to ./ckpts/ct_imagenet_to_beans_resnet18_seed42.pth
2026-09-15 09:02:59.122 | INFO     | __main__:main:157 - Baseline Accuracy: 89.06%
2026-09-15 09:02:59.122 | INFO     | __main__:main:158 - CT Accuracy: 91.41%
2026-09-15 09:02:59.122 | INFO     | __main__:main:159 - Relative accuracy improvement over baseline: 2.63%
2026-09-15 09:02:59.122 | INFO     | __main__:main:160 - CT Best beta: 0.78, Best validation accuracy: 97.74%
2026-09-15 09:02:59.123 | INFO     | __main__:main:171 - Results saved to ./results/
