2026-09-15 09:16:25.708 | INFO     | __main__:main:54 - Log file: ./logs/generalization_ct_imagenet_to_beans_resnet18_seed44.log
2026-09-15 09:16:25.712 | INFO     | __main__:main:58 - Running on cuda
2026-09-15 09:16:26.794 | INFO     | __main__:main:85 - Testing baseline...
2026-09-15 09:16:26.807 | INFO     | __main__:main:88 - Number of trainable parameters: 1539
2026-09-15 09:16:26.807 | INFO     | __main__:main:89 - Starting transfer learning...
2026-09-15 09:16:34.694 | INFO     | train:train_epoch:47 - Epoch 1, Step 0, Loss: 1.341334, Accuracy: 46.88%
2026-09-15 09:16:35.227 | INFO     | train:test_epoch:90 - Epoch 1, Val Loss: 0.846501, Val Accuracy: 61.65%
2026-09-15 09:16:35.228 | INFO     | train:linear_probe:190 - New best validation accuracy: 61.65 at epoch 1
2026-09-15 09:16:35.401 | INFO     | train:train_epoch:47 - Epoch 2, Step 0, Loss: 0.886848, Accuracy: 56.25%
2026-09-15 09:16:35.906 | INFO     | train:test_epoch:90 - Epoch 2, Val Loss: 0.560702, Val Accuracy: 81.20%
2026-09-15 09:16:35.906 | INFO     | train:linear_probe:190 - New best validation accuracy: 81.20 at epoch 2
2026-09-15 09:16:36.042 | INFO     | train:train_epoch:47 - Epoch 3, Step 0, Loss: 0.536819, Accuracy: 87.50%
2026-09-15 09:16:36.372 | INFO     | train:test_epoch:90 - Epoch 3, Val Loss: 0.462180, Val Accuracy: 84.21%
2026-09-15 09:16:36.373 | INFO     | train:linear_probe:190 - New best validation accuracy: 84.21 at epoch 3
2026-09-15 09:16:36.501 | INFO     | train:train_epoch:47 - Epoch 4, Step 0, Loss: 0.458899, Accuracy: 81.25%
2026-09-15 09:16:36.847 | INFO     | train:test_epoch:90 - Epoch 4, Val Loss: 0.408507, Val Accuracy: 87.22%
2026-09-15 09:16:36.848 | INFO     | train:linear_probe:190 - New best validation accuracy: 87.22 at epoch 4
2026-09-15 09:16:36.981 | INFO     | train:train_epoch:47 - Epoch 5, Step 0, Loss: 0.347011, Accuracy: 87.50%
2026-09-15 09:16:37.318 | INFO     | train:test_epoch:90 - Epoch 5, Val Loss: 0.370883, Val Accuracy: 87.97%
2026-09-15 09:16:37.319 | INFO     | train:linear_probe:190 - New best validation accuracy: 87.97 at epoch 5
2026-09-15 09:16:37.452 | INFO     | train:train_epoch:47 - Epoch 6, Step 0, Loss: 0.383493, Accuracy: 90.62%
2026-09-15 09:16:37.776 | INFO     | train:test_epoch:90 - Epoch 6, Val Loss: 0.347394, Val Accuracy: 87.97%
2026-09-15 09:16:37.908 | INFO     | train:train_epoch:47 - Epoch 7, Step 0, Loss: 0.271500, Accuracy: 96.88%
2026-09-15 09:16:38.236 | INFO     | train:test_epoch:90 - Epoch 7, Val Loss: 0.326137, Val Accuracy: 87.22%
2026-09-15 09:16:38.365 | INFO     | train:train_epoch:47 - Epoch 8, Step 0, Loss: 0.470121, Accuracy: 78.12%
2026-09-15 09:16:38.709 | INFO     | train:test_epoch:90 - Epoch 8, Val Loss: 0.300656, Val Accuracy: 89.47%
2026-09-15 09:16:38.710 | INFO     | train:linear_probe:190 - New best validation accuracy: 89.47 at epoch 8
2026-09-15 09:16:38.836 | INFO     | train:train_epoch:47 - Epoch 9, Step 0, Loss: 0.339738, Accuracy: 90.62%
2026-09-15 09:16:39.179 | INFO     | train:test_epoch:90 - Epoch 9, Val Loss: 0.309104, Val Accuracy: 87.97%
2026-09-15 09:16:39.302 | INFO     | train:train_epoch:47 - Epoch 10, Step 0, Loss: 0.196149, Accuracy: 96.88%
2026-09-15 09:16:39.634 | INFO     | train:test_epoch:90 - Epoch 10, Val Loss: 0.285863, Val Accuracy: 90.23%
2026-09-15 09:16:39.635 | INFO     | train:linear_probe:190 - New best validation accuracy: 90.23 at epoch 10
2026-09-15 09:16:39.759 | INFO     | train:train_epoch:47 - Epoch 11, Step 0, Loss: 0.369919, Accuracy: 84.38%
2026-09-15 09:16:40.116 | INFO     | train:test_epoch:90 - Epoch 11, Val Loss: 0.274403, Val Accuracy: 90.98%
2026-09-15 09:16:40.117 | INFO     | train:linear_probe:190 - New best validation accuracy: 90.98 at epoch 11
2026-09-15 09:16:40.244 | INFO     | train:train_epoch:47 - Epoch 12, Step 0, Loss: 0.293446, Accuracy: 87.50%
2026-09-15 09:16:40.571 | INFO     | train:test_epoch:90 - Epoch 12, Val Loss: 0.272965, Val Accuracy: 90.23%
2026-09-15 09:16:40.699 | INFO     | train:train_epoch:47 - Epoch 13, Step 0, Loss: 0.400717, Accuracy: 90.62%
2026-09-15 09:16:41.046 | INFO     | train:test_epoch:90 - Epoch 13, Val Loss: 0.272479, Val Accuracy: 89.47%
2026-09-15 09:16:41.171 | INFO     | train:train_epoch:47 - Epoch 14, Step 0, Loss: 0.378273, Accuracy: 84.38%
2026-09-15 09:16:41.512 | INFO     | train:test_epoch:90 - Epoch 14, Val Loss: 0.270500, Val Accuracy: 90.23%
2026-09-15 09:16:41.644 | INFO     | train:train_epoch:47 - Epoch 15, Step 0, Loss: 0.246540, Accuracy: 93.75%
2026-09-15 09:16:41.970 | INFO     | train:test_epoch:90 - Epoch 15, Val Loss: 0.270449, Val Accuracy: 90.23%
2026-09-15 09:16:42.124 | INFO     | train:train_epoch:47 - Epoch 16, Step 0, Loss: 0.320389, Accuracy: 87.50%
2026-09-15 09:16:42.468 | INFO     | train:test_epoch:90 - Epoch 16, Val Loss: 0.269310, Val Accuracy: 90.23%
2026-09-15 09:16:42.598 | INFO     | train:train_epoch:47 - Epoch 17, Step 0, Loss: 0.207574, Accuracy: 93.75%
2026-09-15 09:16:42.934 | INFO     | train:test_epoch:90 - Epoch 17, Val Loss: 0.267450, Val Accuracy: 91.73%
2026-09-15 09:16:42.935 | INFO     | train:linear_probe:190 - New best validation accuracy: 91.73 at epoch 17
2026-09-15 09:16:43.062 | INFO     | train:train_epoch:47 - Epoch 18, Step 0, Loss: 0.269748, Accuracy: 93.75%
2026-09-15 09:16:43.408 | INFO     | train:test_epoch:90 - Epoch 18, Val Loss: 0.266165, Val Accuracy: 91.73%
2026-09-15 09:16:43.545 | INFO     | train:train_epoch:47 - Epoch 19, Step 0, Loss: 0.226147, Accuracy: 93.75%
2026-09-15 09:16:43.873 | INFO     | train:test_epoch:90 - Epoch 19, Val Loss: 0.265323, Val Accuracy: 91.73%
2026-09-15 09:16:43.998 | INFO     | train:train_epoch:47 - Epoch 20, Step 0, Loss: 0.317692, Accuracy: 90.62%
2026-09-15 09:16:44.348 | INFO     | train:test_epoch:90 - Epoch 20, Val Loss: 0.265383, Val Accuracy: 90.23%
2026-09-15 09:16:45.521 | INFO     | train:test_epoch:100 - Loss: 0.345993, Accuracy: 87.50%
2026-09-15 09:16:45.521 | INFO     | __main__:main:92 - Baseline Accuracy: 87.50%
2026-09-15 09:16:45.583 | INFO     | __main__:main:95 - Baseline model saved to ./ckpts/base_imagenet_to_beans_resnet18_seed44.pth
2026-09-15 09:16:45.590 | INFO     | __main__:main:123 - Testing CT with beta: 0.70
2026-09-15 09:16:45.605 | INFO     | __main__:main:129 - Number of trainable parameters: 1539
2026-09-15 09:16:45.605 | INFO     | __main__:main:130 - Starting transfer learning...
2026-09-15 09:16:54.563 | INFO     | train:train_epoch:47 - Epoch 1, Step 0, Loss: 1.126630, Accuracy: 40.62%
2026-09-15 09:16:54.919 | INFO     | train:test_epoch:90 - Epoch 1, Val Loss: 0.694800, Val Accuracy: 75.19%
2026-09-15 09:16:54.920 | INFO     | train:linear_probe:190 - New best validation accuracy: 75.19 at epoch 1
2026-09-15 09:16:55.063 | INFO     | train:train_epoch:47 - Epoch 2, Step 0, Loss: 0.779362, Accuracy: 75.00%
2026-09-15 09:16:55.415 | INFO     | train:test_epoch:90 - Epoch 2, Val Loss: 0.522453, Val Accuracy: 83.46%
2026-09-15 09:16:55.416 | INFO     | train:linear_probe:190 - New best validation accuracy: 83.46 at epoch 2
2026-09-15 09:16:55.552 | INFO     | train:train_epoch:47 - Epoch 3, Step 0, Loss: 0.536155, Accuracy: 81.25%
2026-09-15 09:16:55.893 | INFO     | train:test_epoch:90 - Epoch 3, Val Loss: 0.426135, Val Accuracy: 85.71%
2026-09-15 09:16:55.894 | INFO     | train:linear_probe:190 - New best validation accuracy: 85.71 at epoch 3
2026-09-15 09:16:56.035 | INFO     | train:train_epoch:47 - Epoch 4, Step 0, Loss: 0.483972, Accuracy: 75.00%
2026-09-15 09:16:56.370 | INFO     | train:test_epoch:90 - Epoch 4, Val Loss: 0.392494, Val Accuracy: 86.47%
2026-09-15 09:16:56.371 | INFO     | train:linear_probe:190 - New best validation accuracy: 86.47 at epoch 4
2026-09-15 09:16:56.535 | INFO     | train:train_epoch:47 - Epoch 5, Step 0, Loss: 0.458362, Accuracy: 87.50%
2026-09-15 09:16:56.922 | INFO     | train:test_epoch:90 - Epoch 5, Val Loss: 0.365871, Val Accuracy: 87.22%
2026-09-15 09:16:56.923 | INFO     | train:linear_probe:190 - New best validation accuracy: 87.22 at epoch 5
2026-09-15 09:16:57.077 | INFO     | train:train_epoch:47 - Epoch 6, Step 0, Loss: 0.495954, Accuracy: 68.75%
2026-09-15 09:16:57.419 | INFO     | train:test_epoch:90 - Epoch 6, Val Loss: 0.339882, Val Accuracy: 89.47%
2026-09-15 09:16:57.420 | INFO     | train:linear_probe:190 - New best validation accuracy: 89.47 at epoch 6
2026-09-15 09:16:57.553 | INFO     | train:train_epoch:47 - Epoch 7, Step 0, Loss: 0.291992, Accuracy: 90.62%
2026-09-15 09:16:57.890 | INFO     | train:test_epoch:90 - Epoch 7, Val Loss: 0.324369, Val Accuracy: 88.72%
2026-09-15 09:16:58.029 | INFO     | train:train_epoch:47 - Epoch 8, Step 0, Loss: 0.274595, Accuracy: 93.75%
2026-09-15 09:16:58.372 | INFO     | train:test_epoch:90 - Epoch 8, Val Loss: 0.314211, Val Accuracy: 90.23%
2026-09-15 09:16:58.373 | INFO     | train:linear_probe:190 - New best validation accuracy: 90.23 at epoch 8
2026-09-15 09:16:58.508 | INFO     | train:train_epoch:47 - Epoch 9, Step 0, Loss: 0.217631, Accuracy: 90.62%
2026-09-15 09:16:58.856 | INFO     | train:test_epoch:90 - Epoch 9, Val Loss: 0.292911, Val Accuracy: 88.72%
2026-09-15 09:16:58.986 | INFO     | train:train_epoch:47 - Epoch 10, Step 0, Loss: 0.400507, Accuracy: 81.25%
2026-09-15 09:16:59.337 | INFO     | train:test_epoch:90 - Epoch 10, Val Loss: 0.273913, Val Accuracy: 90.23%
2026-09-15 09:16:59.472 | INFO     | train:train_epoch:47 - Epoch 11, Step 0, Loss: 0.388354, Accuracy: 81.25%
2026-09-15 09:16:59.812 | INFO     | train:test_epoch:90 - Epoch 11, Val Loss: 0.288031, Val Accuracy: 90.98%
2026-09-15 09:16:59.813 | INFO     | train:linear_probe:190 - New best validation accuracy: 90.98 at epoch 11
2026-09-15 09:16:59.951 | INFO     | train:train_epoch:47 - Epoch 12, Step 0, Loss: 0.328812, Accuracy: 87.50%
2026-09-15 09:17:00.417 | INFO     | train:test_epoch:90 - Epoch 12, Val Loss: 0.279727, Val Accuracy: 90.23%
2026-09-15 09:17:00.618 | INFO     | train:train_epoch:47 - Epoch 13, Step 0, Loss: 0.368495, Accuracy: 84.38%
2026-09-15 09:17:01.139 | INFO     | train:test_epoch:90 - Epoch 13, Val Loss: 0.276440, Val Accuracy: 90.23%
2026-09-15 09:17:01.379 | INFO     | train:train_epoch:47 - Epoch 14, Step 0, Loss: 0.285343, Accuracy: 87.50%
2026-09-15 09:17:01.906 | INFO     | train:test_epoch:90 - Epoch 14, Val Loss: 0.283251, Val Accuracy: 90.98%
2026-09-15 09:17:02.131 | INFO     | train:train_epoch:47 - Epoch 15, Step 0, Loss: 0.381447, Accuracy: 84.38%
2026-09-15 09:17:02.680 | INFO     | train:test_epoch:90 - Epoch 15, Val Loss: 0.274966, Val Accuracy: 90.23%
2026-09-15 09:17:02.887 | INFO     | train:train_epoch:47 - Epoch 16, Step 0, Loss: 0.304457, Accuracy: 90.62%
2026-09-15 09:17:03.416 | INFO     | train:test_epoch:90 - Epoch 16, Val Loss: 0.278270, Val Accuracy: 90.98%
2026-09-15 09:17:03.559 | INFO     | train:train_epoch:47 - Epoch 17, Step 0, Loss: 0.299431, Accuracy: 87.50%
2026-09-15 09:17:03.886 | INFO     | train:test_epoch:90 - Epoch 17, Val Loss: 0.276264, Val Accuracy: 90.98%
2026-09-15 09:17:04.017 | INFO     | train:train_epoch:47 - Epoch 18, Step 0, Loss: 0.366305, Accuracy: 81.25%
2026-09-15 09:17:04.353 | INFO     | train:test_epoch:90 - Epoch 18, Val Loss: 0.278871, Val Accuracy: 90.98%
2026-09-15 09:17:04.499 | INFO     | train:train_epoch:47 - Epoch 19, Step 0, Loss: 0.213701, Accuracy: 93.75%
2026-09-15 09:17:04.844 | INFO     | train:test_epoch:90 - Epoch 19, Val Loss: 0.273008, Val Accuracy: 90.98%
2026-09-15 09:17:04.974 | INFO     | train:train_epoch:47 - Epoch 20, Step 0, Loss: 0.315908, Accuracy: 87.50%
2026-09-15 09:17:05.322 | INFO     | train:test_epoch:90 - Epoch 20, Val Loss: 0.273779, Val Accuracy: 90.23%
2026-09-15 09:17:05.322 | INFO     | __main__:main:134 - Best validation accuracy for beta 0.70: 90.98%
2026-09-15 09:17:05.335 | INFO     | __main__:main:123 - Testing CT with beta: 0.71
2026-09-15 09:17:05.349 | INFO     | __main__:main:129 - Number of trainable parameters: 1539
2026-09-15 09:17:05.349 | INFO     | __main__:main:130 - Starting transfer learning...
2026-09-15 09:17:12.619 | INFO     | train:train_epoch:47 - Epoch 1, Step 0, Loss: 1.212092, Accuracy: 34.38%
2026-09-15 09:17:12.985 | INFO     | train:test_epoch:90 - Epoch 1, Val Loss: 0.741915, Val Accuracy: 65.41%
2026-09-15 09:17:12.986 | INFO     | train:linear_probe:190 - New best validation accuracy: 65.41 at epoch 1
2026-09-15 09:17:13.112 | INFO     | train:train_epoch:47 - Epoch 2, Step 0, Loss: 0.732721, Accuracy: 81.25%
2026-09-15 09:17:13.508 | INFO     | train:test_epoch:90 - Epoch 2, Val Loss: 0.500816, Val Accuracy: 84.96%
2026-09-15 09:17:13.509 | INFO     | train:linear_probe:190 - New best validation accuracy: 84.96 at epoch 2
2026-09-15 09:17:13.714 | INFO     | train:train_epoch:47 - Epoch 3, Step 0, Loss: 0.552069, Accuracy: 81.25%
2026-09-15 09:17:14.295 | INFO     | train:test_epoch:90 - Epoch 3, Val Loss: 0.412845, Val Accuracy: 87.22%
2026-09-15 09:17:14.297 | INFO     | train:linear_probe:190 - New best validation accuracy: 87.22 at epoch 3
2026-09-15 09:17:14.501 | INFO     | train:train_epoch:47 - Epoch 4, Step 0, Loss: 0.326421, Accuracy: 87.50%
2026-09-15 09:17:15.046 | INFO     | train:test_epoch:90 - Epoch 4, Val Loss: 0.378391, Val Accuracy: 87.97%
2026-09-15 09:17:15.047 | INFO     | train:linear_probe:190 - New best validation accuracy: 87.97 at epoch 4
2026-09-15 09:17:15.266 | INFO     | train:train_epoch:47 - Epoch 5, Step 0, Loss: 0.461324, Accuracy: 78.12%
2026-09-15 09:17:15.806 | INFO     | train:test_epoch:90 - Epoch 5, Val Loss: 0.349138, Val Accuracy: 87.97%
2026-09-15 09:17:16.025 | INFO     | train:train_epoch:47 - Epoch 6, Step 0, Loss: 0.429198, Accuracy: 81.25%
2026-09-15 09:17:16.580 | INFO     | train:test_epoch:90 - Epoch 6, Val Loss: 0.344775, Val Accuracy: 89.47%
2026-09-15 09:17:16.580 | INFO     | train:linear_probe:190 - New best validation accuracy: 89.47 at epoch 6
2026-09-15 09:17:16.709 | INFO     | train:train_epoch:47 - Epoch 7, Step 0, Loss: 0.371525, Accuracy: 84.38%
2026-09-15 09:17:17.040 | INFO     | train:test_epoch:90 - Epoch 7, Val Loss: 0.293654, Val Accuracy: 88.72%
2026-09-15 09:17:17.184 | INFO     | train:train_epoch:47 - Epoch 8, Step 0, Loss: 0.366555, Accuracy: 87.50%
2026-09-15 09:17:17.538 | INFO     | train:test_epoch:90 - Epoch 8, Val Loss: 0.337636, Val Accuracy: 87.97%
2026-09-15 09:17:17.685 | INFO     | train:train_epoch:47 - Epoch 9, Step 0, Loss: 0.254617, Accuracy: 96.88%
2026-09-15 09:17:18.025 | INFO     | train:test_epoch:90 - Epoch 9, Val Loss: 0.271557, Val Accuracy: 89.47%
2026-09-15 09:17:18.187 | INFO     | train:train_epoch:47 - Epoch 10, Step 0, Loss: 0.339079, Accuracy: 90.62%
2026-09-15 09:17:18.542 | INFO     | train:test_epoch:90 - Epoch 10, Val Loss: 0.260490, Val Accuracy: 90.98%
2026-09-15 09:17:18.543 | INFO     | train:linear_probe:190 - New best validation accuracy: 90.98 at epoch 10
2026-09-15 09:17:18.690 | INFO     | train:train_epoch:47 - Epoch 11, Step 0, Loss: 0.472391, Accuracy: 84.38%
2026-09-15 09:17:19.042 | INFO     | train:test_epoch:90 - Epoch 11, Val Loss: 0.264680, Val Accuracy: 90.23%
2026-09-15 09:17:19.194 | INFO     | train:train_epoch:47 - Epoch 12, Step 0, Loss: 0.232228, Accuracy: 90.62%
2026-09-15 09:17:19.533 | INFO     | train:test_epoch:90 - Epoch 12, Val Loss: 0.261270, Val Accuracy: 90.23%
2026-09-15 09:17:19.674 | INFO     | train:train_epoch:47 - Epoch 13, Step 0, Loss: 0.250009, Accuracy: 87.50%
2026-09-15 09:17:20.027 | INFO     | train:test_epoch:90 - Epoch 13, Val Loss: 0.259184, Val Accuracy: 90.98%
2026-09-15 09:17:20.158 | INFO     | train:train_epoch:47 - Epoch 14, Step 0, Loss: 0.301682, Accuracy: 93.75%
2026-09-15 09:17:20.515 | INFO     | train:test_epoch:90 - Epoch 14, Val Loss: 0.262830, Val Accuracy: 89.47%
2026-09-15 09:17:20.656 | INFO     | train:train_epoch:47 - Epoch 15, Step 0, Loss: 0.290242, Accuracy: 93.75%
2026-09-15 09:17:20.989 | INFO     | train:test_epoch:90 - Epoch 15, Val Loss: 0.259219, Val Accuracy: 90.23%
2026-09-15 09:17:21.114 | INFO     | train:train_epoch:47 - Epoch 16, Step 0, Loss: 0.222783, Accuracy: 100.00%
2026-09-15 09:17:21.472 | INFO     | train:test_epoch:90 - Epoch 16, Val Loss: 0.257691, Val Accuracy: 90.23%
2026-09-15 09:17:21.607 | INFO     | train:train_epoch:47 - Epoch 17, Step 0, Loss: 0.289438, Accuracy: 84.38%
2026-09-15 09:17:21.986 | INFO     | train:test_epoch:90 - Epoch 17, Val Loss: 0.257432, Val Accuracy: 89.47%
2026-09-15 09:17:22.120 | INFO     | train:train_epoch:47 - Epoch 18, Step 0, Loss: 0.423401, Accuracy: 78.12%
2026-09-15 09:17:22.477 | INFO     | train:test_epoch:90 - Epoch 18, Val Loss: 0.253895, Val Accuracy: 90.23%
2026-09-15 09:17:22.600 | INFO     | train:train_epoch:47 - Epoch 19, Step 0, Loss: 0.308769, Accuracy: 84.38%
2026-09-15 09:17:22.947 | INFO     | train:test_epoch:90 - Epoch 19, Val Loss: 0.251704, Val Accuracy: 90.23%
2026-09-15 09:17:23.071 | INFO     | train:train_epoch:47 - Epoch 20, Step 0, Loss: 0.217818, Accuracy: 93.75%
2026-09-15 09:17:23.422 | INFO     | train:test_epoch:90 - Epoch 20, Val Loss: 0.253322, Val Accuracy: 90.23%
2026-09-15 09:17:23.423 | INFO     | __main__:main:134 - Best validation accuracy for beta 0.71: 90.98%
2026-09-15 09:17:23.423 | INFO     | __main__:main:123 - Testing CT with beta: 0.72
2026-09-15 09:17:23.443 | INFO     | __main__:main:129 - Number of trainable parameters: 1539
2026-09-15 09:17:23.443 | INFO     | __main__:main:130 - Starting transfer learning...
2026-09-15 09:17:32.266 | INFO     | train:train_epoch:47 - Epoch 1, Step 0, Loss: 1.216038, Accuracy: 21.88%
2026-09-15 09:17:32.622 | INFO     | train:test_epoch:90 - Epoch 1, Val Loss: 0.722427, Val Accuracy: 78.20%
2026-09-15 09:17:32.623 | INFO     | train:linear_probe:190 - New best validation accuracy: 78.20 at epoch 1
2026-09-15 09:17:32.757 | INFO     | train:train_epoch:47 - Epoch 2, Step 0, Loss: 0.643478, Accuracy: 87.50%
2026-09-15 09:17:33.121 | INFO     | train:test_epoch:90 - Epoch 2, Val Loss: 0.497605, Val Accuracy: 84.96%
2026-09-15 09:17:33.122 | INFO     | train:linear_probe:190 - New best validation accuracy: 84.96 at epoch 2
2026-09-15 09:17:33.258 | INFO     | train:train_epoch:47 - Epoch 3, Step 0, Loss: 0.611484, Accuracy: 81.25%
2026-09-15 09:17:33.593 | INFO     | train:test_epoch:90 - Epoch 3, Val Loss: 0.410019, Val Accuracy: 89.47%
2026-09-15 09:17:33.594 | INFO     | train:linear_probe:190 - New best validation accuracy: 89.47 at epoch 3
2026-09-15 09:17:33.739 | INFO     | train:train_epoch:47 - Epoch 4, Step 0, Loss: 0.288083, Accuracy: 93.75%
2026-09-15 09:17:34.102 | INFO     | train:test_epoch:90 - Epoch 4, Val Loss: 0.395436, Val Accuracy: 89.47%
2026-09-15 09:17:34.237 | INFO     | train:train_epoch:47 - Epoch 5, Step 0, Loss: 0.476015, Accuracy: 87.50%
2026-09-15 09:17:34.566 | INFO     | train:test_epoch:90 - Epoch 5, Val Loss: 0.343856, Val Accuracy: 91.73%
2026-09-15 09:17:34.567 | INFO     | train:linear_probe:190 - New best validation accuracy: 91.73 at epoch 5
2026-09-15 09:17:34.708 | INFO     | train:train_epoch:47 - Epoch 6, Step 0, Loss: 0.282878, Accuracy: 93.75%
2026-09-15 09:17:35.041 | INFO     | train:test_epoch:90 - Epoch 6, Val Loss: 0.308316, Val Accuracy: 90.98%
2026-09-15 09:17:35.195 | INFO     | train:train_epoch:47 - Epoch 7, Step 0, Loss: 0.259730, Accuracy: 96.88%
2026-09-15 09:17:35.520 | INFO     | train:test_epoch:90 - Epoch 7, Val Loss: 0.305012, Val Accuracy: 90.98%
2026-09-15 09:17:35.655 | INFO     | train:train_epoch:47 - Epoch 8, Step 0, Loss: 0.318436, Accuracy: 87.50%
2026-09-15 09:17:36.006 | INFO     | train:test_epoch:90 - Epoch 8, Val Loss: 0.276005, Val Accuracy: 91.73%
2026-09-15 09:17:36.159 | INFO     | train:train_epoch:47 - Epoch 9, Step 0, Loss: 0.394841, Accuracy: 87.50%
2026-09-15 09:17:36.495 | INFO     | train:test_epoch:90 - Epoch 9, Val Loss: 0.278861, Val Accuracy: 90.98%
2026-09-15 09:17:36.626 | INFO     | train:train_epoch:47 - Epoch 10, Step 0, Loss: 0.232766, Accuracy: 90.62%
2026-09-15 09:17:36.973 | INFO     | train:test_epoch:90 - Epoch 10, Val Loss: 0.265129, Val Accuracy: 91.73%
2026-09-15 09:17:37.106 | INFO     | train:train_epoch:47 - Epoch 11, Step 0, Loss: 0.275744, Accuracy: 87.50%
2026-09-15 09:17:37.454 | INFO     | train:test_epoch:90 - Epoch 11, Val Loss: 0.260224, Val Accuracy: 92.48%
2026-09-15 09:17:37.455 | INFO     | train:linear_probe:190 - New best validation accuracy: 92.48 at epoch 11
2026-09-15 09:17:37.594 | INFO     | train:train_epoch:47 - Epoch 12, Step 0, Loss: 0.376343, Accuracy: 87.50%
2026-09-15 09:17:37.949 | INFO     | train:test_epoch:90 - Epoch 12, Val Loss: 0.256181, Val Accuracy: 92.48%
2026-09-15 09:17:38.082 | INFO     | train:train_epoch:47 - Epoch 13, Step 0, Loss: 0.286881, Accuracy: 93.75%
2026-09-15 09:17:38.434 | INFO     | train:test_epoch:90 - Epoch 13, Val Loss: 0.259024, Val Accuracy: 91.73%
2026-09-15 09:17:38.560 | INFO     | train:train_epoch:47 - Epoch 14, Step 0, Loss: 0.383291, Accuracy: 87.50%
2026-09-15 09:17:38.906 | INFO     | train:test_epoch:90 - Epoch 14, Val Loss: 0.251611, Val Accuracy: 93.23%
2026-09-15 09:17:38.907 | INFO     | train:linear_probe:190 - New best validation accuracy: 93.23 at epoch 14
2026-09-15 09:17:39.039 | INFO     | train:train_epoch:47 - Epoch 15, Step 0, Loss: 0.338659, Accuracy: 93.75%
2026-09-15 09:17:39.390 | INFO     | train:test_epoch:90 - Epoch 15, Val Loss: 0.251559, Val Accuracy: 93.23%
2026-09-15 09:17:39.518 | INFO     | train:train_epoch:47 - Epoch 16, Step 0, Loss: 0.292206, Accuracy: 90.62%
2026-09-15 09:17:39.856 | INFO     | train:test_epoch:90 - Epoch 16, Val Loss: 0.255604, Val Accuracy: 93.23%
2026-09-15 09:17:39.989 | INFO     | train:train_epoch:47 - Epoch 17, Step 0, Loss: 0.386322, Accuracy: 87.50%
2026-09-15 09:17:40.332 | INFO     | train:test_epoch:90 - Epoch 17, Val Loss: 0.249364, Val Accuracy: 93.23%
2026-09-15 09:17:40.470 | INFO     | train:train_epoch:47 - Epoch 18, Step 0, Loss: 0.223946, Accuracy: 93.75%
2026-09-15 09:17:40.804 | INFO     | train:test_epoch:90 - Epoch 18, Val Loss: 0.250446, Val Accuracy: 93.23%
2026-09-15 09:17:41.005 | INFO     | train:train_epoch:47 - Epoch 19, Step 0, Loss: 0.257708, Accuracy: 90.62%
2026-09-15 09:17:41.568 | INFO     | train:test_epoch:90 - Epoch 19, Val Loss: 0.248233, Val Accuracy: 93.23%
2026-09-15 09:17:41.769 | INFO     | train:train_epoch:47 - Epoch 20, Step 0, Loss: 0.219271, Accuracy: 96.88%
2026-09-15 09:17:42.339 | INFO     | train:test_epoch:90 - Epoch 20, Val Loss: 0.248382, Val Accuracy: 93.23%
2026-09-15 09:17:42.340 | INFO     | __main__:main:134 - Best validation accuracy for beta 0.72: 93.23%
2026-09-15 09:17:42.363 | INFO     | __main__:main:123 - Testing CT with beta: 0.73
2026-09-15 09:17:42.383 | INFO     | __main__:main:129 - Number of trainable parameters: 1539
2026-09-15 09:17:42.383 | INFO     | __main__:main:130 - Starting transfer learning...
2026-09-15 09:17:50.314 | INFO     | train:train_epoch:47 - Epoch 1, Step 0, Loss: 1.302049, Accuracy: 21.88%
2026-09-15 09:17:50.654 | INFO     | train:test_epoch:90 - Epoch 1, Val Loss: 0.727499, Val Accuracy: 72.93%
2026-09-15 09:17:50.655 | INFO     | train:linear_probe:190 - New best validation accuracy: 72.93 at epoch 1
2026-09-15 09:17:50.797 | INFO     | train:train_epoch:47 - Epoch 2, Step 0, Loss: 0.686138, Accuracy: 71.88%
2026-09-15 09:17:51.142 | INFO     | train:test_epoch:90 - Epoch 2, Val Loss: 0.467745, Val Accuracy: 84.21%
2026-09-15 09:17:51.143 | INFO     | train:linear_probe:190 - New best validation accuracy: 84.21 at epoch 2
2026-09-15 09:17:51.272 | INFO     | train:train_epoch:47 - Epoch 3, Step 0, Loss: 0.365161, Accuracy: 84.38%
2026-09-15 09:17:51.608 | INFO     | train:test_epoch:90 - Epoch 3, Val Loss: 0.415981, Val Accuracy: 87.22%
2026-09-15 09:17:51.609 | INFO     | train:linear_probe:190 - New best validation accuracy: 87.22 at epoch 3
2026-09-15 09:17:51.739 | INFO     | train:train_epoch:47 - Epoch 4, Step 0, Loss: 0.405614, Accuracy: 87.50%
2026-09-15 09:17:52.109 | INFO     | train:test_epoch:90 - Epoch 4, Val Loss: 0.363134, Val Accuracy: 87.97%
2026-09-15 09:17:52.110 | INFO     | train:linear_probe:190 - New best validation accuracy: 87.97 at epoch 4
2026-09-15 09:17:52.252 | INFO     | train:train_epoch:47 - Epoch 5, Step 0, Loss: 0.347722, Accuracy: 90.62%
2026-09-15 09:17:52.608 | INFO     | train:test_epoch:90 - Epoch 5, Val Loss: 0.322030, Val Accuracy: 90.23%
2026-09-15 09:17:52.609 | INFO     | train:linear_probe:190 - New best validation accuracy: 90.23 at epoch 5
2026-09-15 09:17:52.750 | INFO     | train:train_epoch:47 - Epoch 6, Step 0, Loss: 0.350772, Accuracy: 87.50%
2026-09-15 09:17:53.127 | INFO     | train:test_epoch:90 - Epoch 6, Val Loss: 0.293171, Val Accuracy: 92.48%
2026-09-15 09:17:53.128 | INFO     | train:linear_probe:190 - New best validation accuracy: 92.48 at epoch 6
2026-09-15 09:17:53.265 | INFO     | train:train_epoch:47 - Epoch 7, Step 0, Loss: 0.220583, Accuracy: 93.75%
2026-09-15 09:17:53.603 | INFO     | train:test_epoch:90 - Epoch 7, Val Loss: 0.285583, Val Accuracy: 91.73%
2026-09-15 09:17:53.740 | INFO     | train:train_epoch:47 - Epoch 8, Step 0, Loss: 0.366318, Accuracy: 84.38%
2026-09-15 09:17:54.100 | INFO     | train:test_epoch:90 - Epoch 8, Val Loss: 0.260983, Val Accuracy: 92.48%
2026-09-15 09:17:54.258 | INFO     | train:train_epoch:47 - Epoch 9, Step 0, Loss: 0.432890, Accuracy: 84.38%
2026-09-15 09:17:54.770 | INFO     | train:test_epoch:90 - Epoch 9, Val Loss: 0.264281, Val Accuracy: 92.48%
2026-09-15 09:17:55.005 | INFO     | train:train_epoch:47 - Epoch 10, Step 0, Loss: 0.383192, Accuracy: 84.38%
2026-09-15 09:17:55.578 | INFO     | train:test_epoch:90 - Epoch 10, Val Loss: 0.237324, Val Accuracy: 93.23%
2026-09-15 09:17:55.579 | INFO     | train:linear_probe:190 - New best validation accuracy: 93.23 at epoch 10
2026-09-15 09:17:55.794 | INFO     | train:train_epoch:47 - Epoch 11, Step 0, Loss: 0.392063, Accuracy: 84.38%
2026-09-15 09:17:56.326 | INFO     | train:test_epoch:90 - Epoch 11, Val Loss: 0.241523, Val Accuracy: 93.23%
2026-09-15 09:17:56.530 | INFO     | train:train_epoch:47 - Epoch 12, Step 0, Loss: 0.294899, Accuracy: 84.38%
2026-09-15 09:17:57.071 | INFO     | train:test_epoch:90 - Epoch 12, Val Loss: 0.238091, Val Accuracy: 93.23%
2026-09-15 09:17:57.269 | INFO     | train:train_epoch:47 - Epoch 13, Step 0, Loss: 0.201921, Accuracy: 93.75%
2026-09-15 09:17:57.861 | INFO     | train:test_epoch:90 - Epoch 13, Val Loss: 0.236757, Val Accuracy: 93.23%
2026-09-15 09:17:58.008 | INFO     | train:train_epoch:47 - Epoch 14, Step 0, Loss: 0.126643, Accuracy: 100.00%
2026-09-15 09:17:58.359 | INFO     | train:test_epoch:90 - Epoch 14, Val Loss: 0.235262, Val Accuracy: 93.23%
2026-09-15 09:17:58.511 | INFO     | train:train_epoch:47 - Epoch 15, Step 0, Loss: 0.215388, Accuracy: 93.75%
2026-09-15 09:17:58.882 | INFO     | train:test_epoch:90 - Epoch 15, Val Loss: 0.235098, Val Accuracy: 93.23%
2026-09-15 09:17:59.014 | INFO     | train:train_epoch:47 - Epoch 16, Step 0, Loss: 0.266328, Accuracy: 96.88%
2026-09-15 09:17:59.345 | INFO     | train:test_epoch:90 - Epoch 16, Val Loss: 0.236233, Val Accuracy: 93.23%
2026-09-15 09:17:59.492 | INFO     | train:train_epoch:47 - Epoch 17, Step 0, Loss: 0.196643, Accuracy: 90.62%
2026-09-15 09:17:59.830 | INFO     | train:test_epoch:90 - Epoch 17, Val Loss: 0.233077, Val Accuracy: 93.23%
2026-09-15 09:17:59.962 | INFO     | train:train_epoch:47 - Epoch 18, Step 0, Loss: 0.189504, Accuracy: 93.75%
2026-09-15 09:18:00.300 | INFO     | train:test_epoch:90 - Epoch 18, Val Loss: 0.233205, Val Accuracy: 93.23%
2026-09-15 09:18:00.436 | INFO     | train:train_epoch:47 - Epoch 19, Step 0, Loss: 0.286759, Accuracy: 90.62%
2026-09-15 09:18:00.785 | INFO     | train:test_epoch:90 - Epoch 19, Val Loss: 0.228524, Val Accuracy: 93.23%
2026-09-15 09:18:00.914 | INFO     | train:train_epoch:47 - Epoch 20, Step 0, Loss: 0.177120, Accuracy: 96.88%
2026-09-15 09:18:01.254 | INFO     | train:test_epoch:90 - Epoch 20, Val Loss: 0.232452, Val Accuracy: 93.23%
2026-09-15 09:18:01.255 | INFO     | __main__:main:134 - Best validation accuracy for beta 0.73: 93.23%
2026-09-15 09:18:01.255 | INFO     | __main__:main:123 - Testing CT with beta: 0.74
2026-09-15 09:18:01.271 | INFO     | __main__:main:129 - Number of trainable parameters: 1539
2026-09-15 09:18:01.272 | INFO     | __main__:main:130 - Starting transfer learning...
2026-09-15 09:18:08.705 | INFO     | train:train_epoch:47 - Epoch 1, Step 0, Loss: 1.129054, Accuracy: 43.75%
2026-09-15 09:18:09.272 | INFO     | train:test_epoch:90 - Epoch 1, Val Loss: 0.719128, Val Accuracy: 78.95%
2026-09-15 09:18:09.273 | INFO     | train:linear_probe:190 - New best validation accuracy: 78.95 at epoch 1
2026-09-15 09:18:09.492 | INFO     | train:train_epoch:47 - Epoch 2, Step 0, Loss: 0.769855, Accuracy: 78.12%
2026-09-15 09:18:10.027 | INFO     | train:test_epoch:90 - Epoch 2, Val Loss: 0.491526, Val Accuracy: 86.47%
2026-09-15 09:18:10.028 | INFO     | train:linear_probe:190 - New best validation accuracy: 86.47 at epoch 2
2026-09-15 09:18:10.264 | INFO     | train:train_epoch:47 - Epoch 3, Step 0, Loss: 0.524468, Accuracy: 75.00%
2026-09-15 09:18:10.760 | INFO     | train:test_epoch:90 - Epoch 3, Val Loss: 0.397096, Val Accuracy: 87.97%
2026-09-15 09:18:10.762 | INFO     | train:linear_probe:190 - New best validation accuracy: 87.97 at epoch 3
2026-09-15 09:18:11.006 | INFO     | train:train_epoch:47 - Epoch 4, Step 0, Loss: 0.378317, Accuracy: 87.50%
2026-09-15 09:18:11.402 | INFO     | train:test_epoch:90 - Epoch 4, Val Loss: 0.344500, Val Accuracy: 90.23%
2026-09-15 09:18:11.403 | INFO     | train:linear_probe:190 - New best validation accuracy: 90.23 at epoch 4
2026-09-15 09:18:11.537 | INFO     | train:train_epoch:47 - Epoch 5, Step 0, Loss: 0.570017, Accuracy: 75.00%
2026-09-15 09:18:11.884 | INFO     | train:test_epoch:90 - Epoch 5, Val Loss: 0.308152, Val Accuracy: 90.98%
2026-09-15 09:18:11.885 | INFO     | train:linear_probe:190 - New best validation accuracy: 90.98 at epoch 5
2026-09-15 09:18:12.017 | INFO     | train:train_epoch:47 - Epoch 6, Step 0, Loss: 0.372859, Accuracy: 84.38%
2026-09-15 09:18:12.382 | INFO     | train:test_epoch:90 - Epoch 6, Val Loss: 0.321111, Val Accuracy: 90.23%
2026-09-15 09:18:12.510 | INFO     | train:train_epoch:47 - Epoch 7, Step 0, Loss: 0.369438, Accuracy: 84.38%
2026-09-15 09:18:12.856 | INFO     | train:test_epoch:90 - Epoch 7, Val Loss: 0.265787, Val Accuracy: 93.98%
2026-09-15 09:18:12.857 | INFO     | train:linear_probe:190 - New best validation accuracy: 93.98 at epoch 7
2026-09-15 09:18:12.983 | INFO     | train:train_epoch:47 - Epoch 8, Step 0, Loss: 0.398164, Accuracy: 81.25%
2026-09-15 09:18:13.320 | INFO     | train:test_epoch:90 - Epoch 8, Val Loss: 0.262064, Val Accuracy: 93.98%
2026-09-15 09:18:13.468 | INFO     | train:train_epoch:47 - Epoch 9, Step 0, Loss: 0.264828, Accuracy: 93.75%
2026-09-15 09:18:13.803 | INFO     | train:test_epoch:90 - Epoch 9, Val Loss: 0.236950, Val Accuracy: 93.98%
2026-09-15 09:18:13.936 | INFO     | train:train_epoch:47 - Epoch 10, Step 0, Loss: 0.271300, Accuracy: 93.75%
2026-09-15 09:18:14.274 | INFO     | train:test_epoch:90 - Epoch 10, Val Loss: 0.250859, Val Accuracy: 91.73%
2026-09-15 09:18:14.422 | INFO     | train:train_epoch:47 - Epoch 11, Step 0, Loss: 0.141604, Accuracy: 100.00%
2026-09-15 09:18:14.758 | INFO     | train:test_epoch:90 - Epoch 11, Val Loss: 0.228984, Val Accuracy: 93.98%
2026-09-15 09:18:14.877 | INFO     | train:train_epoch:47 - Epoch 12, Step 0, Loss: 0.343408, Accuracy: 87.50%
2026-09-15 09:18:15.236 | INFO     | train:test_epoch:90 - Epoch 12, Val Loss: 0.229081, Val Accuracy: 93.98%
2026-09-15 09:18:15.351 | INFO     | train:train_epoch:47 - Epoch 13, Step 0, Loss: 0.251410, Accuracy: 90.62%
2026-09-15 09:18:15.700 | INFO     | train:test_epoch:90 - Epoch 13, Val Loss: 0.229036, Val Accuracy: 93.98%
2026-09-15 09:18:15.842 | INFO     | train:train_epoch:47 - Epoch 14, Step 0, Loss: 0.178405, Accuracy: 100.00%
2026-09-15 09:18:16.190 | INFO     | train:test_epoch:90 - Epoch 14, Val Loss: 0.227473, Val Accuracy: 93.98%
2026-09-15 09:18:16.323 | INFO     | train:train_epoch:47 - Epoch 15, Step 0, Loss: 0.277585, Accuracy: 87.50%
2026-09-15 09:18:16.691 | INFO     | train:test_epoch:90 - Epoch 15, Val Loss: 0.227184, Val Accuracy: 93.98%
2026-09-15 09:18:16.829 | INFO     | train:train_epoch:47 - Epoch 16, Step 0, Loss: 0.245371, Accuracy: 93.75%
2026-09-15 09:18:17.166 | INFO     | train:test_epoch:90 - Epoch 16, Val Loss: 0.224861, Val Accuracy: 94.74%
2026-09-15 09:18:17.167 | INFO     | train:linear_probe:190 - New best validation accuracy: 94.74 at epoch 16
2026-09-15 09:18:17.305 | INFO     | train:train_epoch:47 - Epoch 17, Step 0, Loss: 0.178809, Accuracy: 100.00%
2026-09-15 09:18:17.676 | INFO     | train:test_epoch:90 - Epoch 17, Val Loss: 0.224801, Val Accuracy: 94.74%
2026-09-15 09:18:17.820 | INFO     | train:train_epoch:47 - Epoch 18, Step 0, Loss: 0.254080, Accuracy: 90.62%
2026-09-15 09:18:18.174 | INFO     | train:test_epoch:90 - Epoch 18, Val Loss: 0.224652, Val Accuracy: 94.74%
2026-09-15 09:18:18.301 | INFO     | train:train_epoch:47 - Epoch 19, Step 0, Loss: 0.193947, Accuracy: 93.75%
2026-09-15 09:18:18.646 | INFO     | train:test_epoch:90 - Epoch 19, Val Loss: 0.224058, Val Accuracy: 93.98%
2026-09-15 09:18:18.779 | INFO     | train:train_epoch:47 - Epoch 20, Step 0, Loss: 0.190139, Accuracy: 96.88%
2026-09-15 09:18:19.108 | INFO     | train:test_epoch:90 - Epoch 20, Val Loss: 0.219885, Val Accuracy: 94.74%
2026-09-15 09:18:19.109 | INFO     | __main__:main:134 - Best validation accuracy for beta 0.74: 94.74%
2026-09-15 09:18:19.121 | INFO     | __main__:main:123 - Testing CT with beta: 0.75
2026-09-15 09:18:19.136 | INFO     | __main__:main:129 - Number of trainable parameters: 1539
2026-09-15 09:18:19.136 | INFO     | __main__:main:130 - Starting transfer learning...
2026-09-15 09:18:27.901 | INFO     | train:train_epoch:47 - Epoch 1, Step 0, Loss: 1.387357, Accuracy: 21.88%
2026-09-15 09:18:28.334 | INFO     | train:test_epoch:90 - Epoch 1, Val Loss: 0.650764, Val Accuracy: 81.20%
2026-09-15 09:18:28.335 | INFO     | train:linear_probe:190 - New best validation accuracy: 81.20 at epoch 1
2026-09-15 09:18:28.483 | INFO     | train:train_epoch:47 - Epoch 2, Step 0, Loss: 0.780261, Accuracy: 62.50%
2026-09-15 09:18:28.829 | INFO     | train:test_epoch:90 - Epoch 2, Val Loss: 0.431348, Val Accuracy: 90.98%
2026-09-15 09:18:28.830 | INFO     | train:linear_probe:190 - New best validation accuracy: 90.98 at epoch 2
2026-09-15 09:18:28.964 | INFO     | train:train_epoch:47 - Epoch 3, Step 0, Loss: 0.630139, Accuracy: 65.62%
2026-09-15 09:18:29.329 | INFO     | train:test_epoch:90 - Epoch 3, Val Loss: 0.354522, Val Accuracy: 88.72%
2026-09-15 09:18:29.473 | INFO     | train:train_epoch:47 - Epoch 4, Step 0, Loss: 0.317282, Accuracy: 90.62%
2026-09-15 09:18:29.836 | INFO     | train:test_epoch:90 - Epoch 4, Val Loss: 0.326189, Val Accuracy: 92.48%
2026-09-15 09:18:29.837 | INFO     | train:linear_probe:190 - New best validation accuracy: 92.48 at epoch 4
2026-09-15 09:18:29.970 | INFO     | train:train_epoch:47 - Epoch 5, Step 0, Loss: 0.280555, Accuracy: 93.75%
2026-09-15 09:18:30.323 | INFO     | train:test_epoch:90 - Epoch 5, Val Loss: 0.290888, Val Accuracy: 90.98%
2026-09-15 09:18:30.477 | INFO     | train:train_epoch:47 - Epoch 6, Step 0, Loss: 0.359490, Accuracy: 84.38%
2026-09-15 09:18:30.830 | INFO     | train:test_epoch:90 - Epoch 6, Val Loss: 0.266139, Val Accuracy: 93.98%
2026-09-15 09:18:30.831 | INFO     | train:linear_probe:190 - New best validation accuracy: 93.98 at epoch 6
2026-09-15 09:18:30.967 | INFO     | train:train_epoch:47 - Epoch 7, Step 0, Loss: 0.207111, Accuracy: 93.75%
2026-09-15 09:18:31.307 | INFO     | train:test_epoch:90 - Epoch 7, Val Loss: 0.255271, Val Accuracy: 93.23%
2026-09-15 09:18:31.465 | INFO     | train:train_epoch:47 - Epoch 8, Step 0, Loss: 0.305573, Accuracy: 84.38%
2026-09-15 09:18:31.813 | INFO     | train:test_epoch:90 - Epoch 8, Val Loss: 0.241137, Val Accuracy: 93.98%
2026-09-15 09:18:31.945 | INFO     | train:train_epoch:47 - Epoch 9, Step 0, Loss: 0.361165, Accuracy: 84.38%
2026-09-15 09:18:32.284 | INFO     | train:test_epoch:90 - Epoch 9, Val Loss: 0.223803, Val Accuracy: 95.49%
2026-09-15 09:18:32.285 | INFO     | train:linear_probe:190 - New best validation accuracy: 95.49 at epoch 9
2026-09-15 09:18:32.418 | INFO     | train:train_epoch:47 - Epoch 10, Step 0, Loss: 0.128261, Accuracy: 100.00%
2026-09-15 09:18:32.773 | INFO     | train:test_epoch:90 - Epoch 10, Val Loss: 0.220771, Val Accuracy: 96.24%
2026-09-15 09:18:32.774 | INFO     | train:linear_probe:190 - New best validation accuracy: 96.24 at epoch 10
2026-09-15 09:18:32.911 | INFO     | train:train_epoch:47 - Epoch 11, Step 0, Loss: 0.283468, Accuracy: 90.62%
2026-09-15 09:18:33.251 | INFO     | train:test_epoch:90 - Epoch 11, Val Loss: 0.215319, Val Accuracy: 95.49%
2026-09-15 09:18:33.385 | INFO     | train:train_epoch:47 - Epoch 12, Step 0, Loss: 0.317977, Accuracy: 87.50%
2026-09-15 09:18:33.746 | INFO     | train:test_epoch:90 - Epoch 12, Val Loss: 0.216322, Val Accuracy: 95.49%
2026-09-15 09:18:33.872 | INFO     | train:train_epoch:47 - Epoch 13, Step 0, Loss: 0.221752, Accuracy: 96.88%
2026-09-15 09:18:34.217 | INFO     | train:test_epoch:90 - Epoch 13, Val Loss: 0.213135, Val Accuracy: 95.49%
2026-09-15 09:18:34.350 | INFO     | train:train_epoch:47 - Epoch 14, Step 0, Loss: 0.371938, Accuracy: 81.25%
2026-09-15 09:18:34.719 | INFO     | train:test_epoch:90 - Epoch 14, Val Loss: 0.213992, Val Accuracy: 94.74%
2026-09-15 09:18:34.856 | INFO     | train:train_epoch:47 - Epoch 15, Step 0, Loss: 0.232650, Accuracy: 93.75%
2026-09-15 09:18:35.193 | INFO     | train:test_epoch:90 - Epoch 15, Val Loss: 0.211163, Val Accuracy: 95.49%
2026-09-15 09:18:35.427 | INFO     | train:train_epoch:47 - Epoch 16, Step 0, Loss: 0.267151, Accuracy: 90.62%
2026-09-15 09:18:35.982 | INFO     | train:test_epoch:90 - Epoch 16, Val Loss: 0.210777, Val Accuracy: 95.49%
2026-09-15 09:18:36.185 | INFO     | train:train_epoch:47 - Epoch 17, Step 0, Loss: 0.275149, Accuracy: 96.88%
2026-09-15 09:18:36.736 | INFO     | train:test_epoch:90 - Epoch 17, Val Loss: 0.211070, Val Accuracy: 94.74%
2026-09-15 09:18:36.966 | INFO     | train:train_epoch:47 - Epoch 18, Step 0, Loss: 0.259353, Accuracy: 90.62%
2026-09-15 09:18:37.518 | INFO     | train:test_epoch:90 - Epoch 18, Val Loss: 0.209074, Val Accuracy: 94.74%
2026-09-15 09:18:37.727 | INFO     | train:train_epoch:47 - Epoch 19, Step 0, Loss: 0.323526, Accuracy: 90.62%
2026-09-15 09:18:38.259 | INFO     | train:test_epoch:90 - Epoch 19, Val Loss: 0.209396, Val Accuracy: 94.74%
2026-09-15 09:18:38.455 | INFO     | train:train_epoch:47 - Epoch 20, Step 0, Loss: 0.152659, Accuracy: 96.88%
2026-09-15 09:18:38.791 | INFO     | train:test_epoch:90 - Epoch 20, Val Loss: 0.207074, Val Accuracy: 94.74%
2026-09-15 09:18:38.791 | INFO     | __main__:main:134 - Best validation accuracy for beta 0.75: 96.24%
2026-09-15 09:18:38.816 | INFO     | __main__:main:123 - Testing CT with beta: 0.76
2026-09-15 09:18:38.831 | INFO     | __main__:main:129 - Number of trainable parameters: 1539
2026-09-15 09:18:38.832 | INFO     | __main__:main:130 - Starting transfer learning...
2026-09-15 09:18:46.115 | INFO     | train:train_epoch:47 - Epoch 1, Step 0, Loss: 1.166940, Accuracy: 37.50%
2026-09-15 09:18:46.468 | INFO     | train:test_epoch:90 - Epoch 1, Val Loss: 0.651920, Val Accuracy: 83.46%
2026-09-15 09:18:46.469 | INFO     | train:linear_probe:190 - New best validation accuracy: 83.46 at epoch 1
2026-09-15 09:18:46.606 | INFO     | train:train_epoch:47 - Epoch 2, Step 0, Loss: 0.707520, Accuracy: 71.88%
2026-09-15 09:18:46.940 | INFO     | train:test_epoch:90 - Epoch 2, Val Loss: 0.434926, Val Accuracy: 84.96%
2026-09-15 09:18:46.941 | INFO     | train:linear_probe:190 - New best validation accuracy: 84.96 at epoch 2
2026-09-15 09:18:47.064 | INFO     | train:train_epoch:47 - Epoch 3, Step 0, Loss: 0.411147, Accuracy: 93.75%
2026-09-15 09:18:47.443 | INFO     | train:test_epoch:90 - Epoch 3, Val Loss: 0.359241, Val Accuracy: 88.72%
2026-09-15 09:18:47.443 | INFO     | train:linear_probe:190 - New best validation accuracy: 88.72 at epoch 3
2026-09-15 09:18:47.575 | INFO     | train:train_epoch:47 - Epoch 4, Step 0, Loss: 0.389976, Accuracy: 84.38%
2026-09-15 09:18:47.915 | INFO     | train:test_epoch:90 - Epoch 4, Val Loss: 0.321800, Val Accuracy: 91.73%
2026-09-15 09:18:47.915 | INFO     | train:linear_probe:190 - New best validation accuracy: 91.73 at epoch 4
2026-09-15 09:18:48.039 | INFO     | train:train_epoch:47 - Epoch 5, Step 0, Loss: 0.393973, Accuracy: 87.50%
2026-09-15 09:18:48.411 | INFO     | train:test_epoch:90 - Epoch 5, Val Loss: 0.288053, Val Accuracy: 92.48%
2026-09-15 09:18:48.412 | INFO     | train:linear_probe:190 - New best validation accuracy: 92.48 at epoch 5
2026-09-15 09:18:48.608 | INFO     | train:train_epoch:47 - Epoch 6, Step 0, Loss: 0.364327, Accuracy: 81.25%
2026-09-15 09:18:49.123 | INFO     | train:test_epoch:90 - Epoch 6, Val Loss: 0.292737, Val Accuracy: 90.23%
2026-09-15 09:18:49.324 | INFO     | train:train_epoch:47 - Epoch 7, Step 0, Loss: 0.350324, Accuracy: 90.62%
2026-09-15 09:18:49.908 | INFO     | train:test_epoch:90 - Epoch 7, Val Loss: 0.258077, Val Accuracy: 93.98%
2026-09-15 09:18:49.909 | INFO     | train:linear_probe:190 - New best validation accuracy: 93.98 at epoch 7
2026-09-15 09:18:50.107 | INFO     | train:train_epoch:47 - Epoch 8, Step 0, Loss: 0.512694, Accuracy: 84.38%
2026-09-15 09:18:50.644 | INFO     | train:test_epoch:90 - Epoch 8, Val Loss: 0.227040, Val Accuracy: 96.24%
2026-09-15 09:18:50.645 | INFO     | train:linear_probe:190 - New best validation accuracy: 96.24 at epoch 8
2026-09-15 09:18:50.842 | INFO     | train:train_epoch:47 - Epoch 9, Step 0, Loss: 0.272911, Accuracy: 87.50%
2026-09-15 09:18:51.354 | INFO     | train:test_epoch:90 - Epoch 9, Val Loss: 0.214884, Val Accuracy: 95.49%
2026-09-15 09:18:51.595 | INFO     | train:train_epoch:47 - Epoch 10, Step 0, Loss: 0.188834, Accuracy: 96.88%
2026-09-15 09:18:52.001 | INFO     | train:test_epoch:90 - Epoch 10, Val Loss: 0.211639, Val Accuracy: 96.24%
2026-09-15 09:18:52.136 | INFO     | train:train_epoch:47 - Epoch 11, Step 0, Loss: 0.205490, Accuracy: 93.75%
2026-09-15 09:18:52.486 | INFO     | train:test_epoch:90 - Epoch 11, Val Loss: 0.201152, Val Accuracy: 96.24%
2026-09-15 09:18:52.641 | INFO     | train:train_epoch:47 - Epoch 12, Step 0, Loss: 0.231138, Accuracy: 90.62%
2026-09-15 09:18:53.117 | INFO     | train:test_epoch:90 - Epoch 12, Val Loss: 0.202538, Val Accuracy: 95.49%
2026-09-15 09:18:53.321 | INFO     | train:train_epoch:47 - Epoch 13, Step 0, Loss: 0.117893, Accuracy: 96.88%
2026-09-15 09:18:53.688 | INFO     | train:test_epoch:90 - Epoch 13, Val Loss: 0.201352, Val Accuracy: 96.24%
2026-09-15 09:18:53.827 | INFO     | train:train_epoch:47 - Epoch 14, Step 0, Loss: 0.149888, Accuracy: 100.00%
2026-09-15 09:18:54.163 | INFO     | train:test_epoch:90 - Epoch 14, Val Loss: 0.200936, Val Accuracy: 95.49%
2026-09-15 09:18:54.294 | INFO     | train:train_epoch:47 - Epoch 15, Step 0, Loss: 0.167981, Accuracy: 96.88%
2026-09-15 09:18:54.638 | INFO     | train:test_epoch:90 - Epoch 15, Val Loss: 0.200004, Val Accuracy: 95.49%
2026-09-15 09:18:54.798 | INFO     | train:train_epoch:47 - Epoch 16, Step 0, Loss: 0.198240, Accuracy: 96.88%
2026-09-15 09:18:55.133 | INFO     | train:test_epoch:90 - Epoch 16, Val Loss: 0.199245, Val Accuracy: 96.24%
2026-09-15 09:18:55.264 | INFO     | train:train_epoch:47 - Epoch 17, Step 0, Loss: 0.180112, Accuracy: 93.75%
2026-09-15 09:18:55.619 | INFO     | train:test_epoch:90 - Epoch 17, Val Loss: 0.200358, Val Accuracy: 95.49%
2026-09-15 09:18:55.754 | INFO     | train:train_epoch:47 - Epoch 18, Step 0, Loss: 0.321493, Accuracy: 78.12%
2026-09-15 09:18:56.120 | INFO     | train:test_epoch:90 - Epoch 18, Val Loss: 0.196872, Val Accuracy: 96.24%
2026-09-15 09:18:56.257 | INFO     | train:train_epoch:47 - Epoch 19, Step 0, Loss: 0.123912, Accuracy: 100.00%
2026-09-15 09:18:56.603 | INFO     | train:test_epoch:90 - Epoch 19, Val Loss: 0.196507, Val Accuracy: 96.24%
2026-09-15 09:18:56.747 | INFO     | train:train_epoch:47 - Epoch 20, Step 0, Loss: 0.345030, Accuracy: 90.62%
2026-09-15 09:18:57.103 | INFO     | train:test_epoch:90 - Epoch 20, Val Loss: 0.195020, Val Accuracy: 96.24%
2026-09-15 09:18:57.103 | INFO     | __main__:main:134 - Best validation accuracy for beta 0.76: 96.24%
2026-09-15 09:18:57.104 | INFO     | __main__:main:123 - Testing CT with beta: 0.77
2026-09-15 09:18:57.119 | INFO     | __main__:main:129 - Number of trainable parameters: 1539
2026-09-15 09:18:57.120 | INFO     | __main__:main:130 - Starting transfer learning...
2026-09-15 09:19:05.798 | INFO     | train:train_epoch:47 - Epoch 1, Step 0, Loss: 1.035735, Accuracy: 37.50%
2026-09-15 09:19:06.140 | INFO     | train:test_epoch:90 - Epoch 1, Val Loss: 0.695094, Val Accuracy: 70.68%
2026-09-15 09:19:06.141 | INFO     | train:linear_probe:190 - New best validation accuracy: 70.68 at epoch 1
2026-09-15 09:19:06.261 | INFO     | train:train_epoch:47 - Epoch 2, Step 0, Loss: 0.766393, Accuracy: 65.62%
2026-09-15 09:19:06.636 | INFO     | train:test_epoch:90 - Epoch 2, Val Loss: 0.477293, Val Accuracy: 82.71%
2026-09-15 09:19:06.636 | INFO     | train:linear_probe:190 - New best validation accuracy: 82.71 at epoch 2
2026-09-15 09:19:06.768 | INFO     | train:train_epoch:47 - Epoch 3, Step 0, Loss: 0.468063, Accuracy: 81.25%
2026-09-15 09:19:07.121 | INFO     | train:test_epoch:90 - Epoch 3, Val Loss: 0.376095, Val Accuracy: 88.72%
2026-09-15 09:19:07.122 | INFO     | train:linear_probe:190 - New best validation accuracy: 88.72 at epoch 3
2026-09-15 09:19:07.263 | INFO     | train:train_epoch:47 - Epoch 4, Step 0, Loss: 0.353429, Accuracy: 96.88%
2026-09-15 09:19:07.627 | INFO     | train:test_epoch:90 - Epoch 4, Val Loss: 0.335649, Val Accuracy: 90.98%
2026-09-15 09:19:07.628 | INFO     | train:linear_probe:190 - New best validation accuracy: 90.98 at epoch 4
2026-09-15 09:19:07.757 | INFO     | train:train_epoch:47 - Epoch 5, Step 0, Loss: 0.471540, Accuracy: 84.38%
2026-09-15 09:19:08.096 | INFO     | train:test_epoch:90 - Epoch 5, Val Loss: 0.310345, Val Accuracy: 92.48%
2026-09-15 09:19:08.097 | INFO     | train:linear_probe:190 - New best validation accuracy: 92.48 at epoch 5
2026-09-15 09:19:08.241 | INFO     | train:train_epoch:47 - Epoch 6, Step 0, Loss: 0.328303, Accuracy: 87.50%
2026-09-15 09:19:08.605 | INFO     | train:test_epoch:90 - Epoch 6, Val Loss: 0.275107, Val Accuracy: 93.23%
2026-09-15 09:19:08.606 | INFO     | train:linear_probe:190 - New best validation accuracy: 93.23 at epoch 6
2026-09-15 09:19:08.755 | INFO     | train:train_epoch:47 - Epoch 7, Step 0, Loss: 0.208991, Accuracy: 96.88%
2026-09-15 09:19:09.096 | INFO     | train:test_epoch:90 - Epoch 7, Val Loss: 0.264157, Val Accuracy: 93.98%
2026-09-15 09:19:09.097 | INFO     | train:linear_probe:190 - New best validation accuracy: 93.98 at epoch 7
2026-09-15 09:19:09.232 | INFO     | train:train_epoch:47 - Epoch 8, Step 0, Loss: 0.183284, Accuracy: 96.88%
2026-09-15 09:19:09.581 | INFO     | train:test_epoch:90 - Epoch 8, Val Loss: 0.240304, Val Accuracy: 95.49%
2026-09-15 09:19:09.582 | INFO     | train:linear_probe:190 - New best validation accuracy: 95.49 at epoch 8
2026-09-15 09:19:09.724 | INFO     | train:train_epoch:47 - Epoch 9, Step 0, Loss: 0.176987, Accuracy: 100.00%
2026-09-15 09:19:10.067 | INFO     | train:test_epoch:90 - Epoch 9, Val Loss: 0.232134, Val Accuracy: 95.49%
2026-09-15 09:19:10.198 | INFO     | train:train_epoch:47 - Epoch 10, Step 0, Loss: 0.492449, Accuracy: 81.25%
2026-09-15 09:19:10.538 | INFO     | train:test_epoch:90 - Epoch 10, Val Loss: 0.214034, Val Accuracy: 94.74%
2026-09-15 09:19:10.680 | INFO     | train:train_epoch:47 - Epoch 11, Step 0, Loss: 0.271061, Accuracy: 84.38%
2026-09-15 09:19:11.010 | INFO     | train:test_epoch:90 - Epoch 11, Val Loss: 0.211501, Val Accuracy: 95.49%
2026-09-15 09:19:11.126 | INFO     | train:train_epoch:47 - Epoch 12, Step 0, Loss: 0.187892, Accuracy: 93.75%
2026-09-15 09:19:11.472 | INFO     | train:test_epoch:90 - Epoch 12, Val Loss: 0.212016, Val Accuracy: 96.24%
2026-09-15 09:19:11.473 | INFO     | train:linear_probe:190 - New best validation accuracy: 96.24 at epoch 12
2026-09-15 09:19:11.608 | INFO     | train:train_epoch:47 - Epoch 13, Step 0, Loss: 0.339573, Accuracy: 90.62%
2026-09-15 09:19:11.954 | INFO     | train:test_epoch:90 - Epoch 13, Val Loss: 0.209965, Val Accuracy: 96.99%
2026-09-15 09:19:11.955 | INFO     | train:linear_probe:190 - New best validation accuracy: 96.99 at epoch 13
2026-09-15 09:19:12.089 | INFO     | train:train_epoch:47 - Epoch 14, Step 0, Loss: 0.308762, Accuracy: 87.50%
2026-09-15 09:19:12.441 | INFO     | train:test_epoch:90 - Epoch 14, Val Loss: 0.210764, Val Accuracy: 96.24%
2026-09-15 09:19:12.578 | INFO     | train:train_epoch:47 - Epoch 15, Step 0, Loss: 0.371595, Accuracy: 90.62%
2026-09-15 09:19:12.948 | INFO     | train:test_epoch:90 - Epoch 15, Val Loss: 0.208429, Val Accuracy: 96.99%
2026-09-15 09:19:13.087 | INFO     | train:train_epoch:47 - Epoch 16, Step 0, Loss: 0.269580, Accuracy: 87.50%
2026-09-15 09:19:13.433 | INFO     | train:test_epoch:90 - Epoch 16, Val Loss: 0.208261, Val Accuracy: 96.24%
2026-09-15 09:19:13.550 | INFO     | train:train_epoch:47 - Epoch 17, Step 0, Loss: 0.311325, Accuracy: 87.50%
2026-09-15 09:19:13.925 | INFO     | train:test_epoch:90 - Epoch 17, Val Loss: 0.206753, Val Accuracy: 96.99%
2026-09-15 09:19:14.059 | INFO     | train:train_epoch:47 - Epoch 18, Step 0, Loss: 0.179250, Accuracy: 96.88%
2026-09-15 09:19:14.400 | INFO     | train:test_epoch:90 - Epoch 18, Val Loss: 0.206662, Val Accuracy: 96.24%
2026-09-15 09:19:14.541 | INFO     | train:train_epoch:47 - Epoch 19, Step 0, Loss: 0.282415, Accuracy: 87.50%
2026-09-15 09:19:14.912 | INFO     | train:test_epoch:90 - Epoch 19, Val Loss: 0.204881, Val Accuracy: 96.99%
2026-09-15 09:19:15.045 | INFO     | train:train_epoch:47 - Epoch 20, Step 0, Loss: 0.299525, Accuracy: 96.88%
2026-09-15 09:19:15.601 | INFO     | train:test_epoch:90 - Epoch 20, Val Loss: 0.202894, Val Accuracy: 96.24%
2026-09-15 09:19:15.602 | INFO     | __main__:main:134 - Best validation accuracy for beta 0.77: 96.99%
2026-09-15 09:19:15.620 | INFO     | __main__:main:123 - Testing CT with beta: 0.78
2026-09-15 09:19:15.642 | INFO     | __main__:main:129 - Number of trainable parameters: 1539
2026-09-15 09:19:15.643 | INFO     | __main__:main:130 - Starting transfer learning...
2026-09-15 09:19:24.049 | INFO     | train:train_epoch:47 - Epoch 1, Step 0, Loss: 1.562731, Accuracy: 37.50%
2026-09-15 09:19:24.415 | INFO     | train:test_epoch:90 - Epoch 1, Val Loss: 0.811232, Val Accuracy: 57.14%
2026-09-15 09:19:24.416 | INFO     | train:linear_probe:190 - New best validation accuracy: 57.14 at epoch 1
2026-09-15 09:19:24.543 | INFO     | train:train_epoch:47 - Epoch 2, Step 0, Loss: 0.788473, Accuracy: 65.62%
2026-09-15 09:19:24.915 | INFO     | train:test_epoch:90 - Epoch 2, Val Loss: 0.538342, Val Accuracy: 81.95%
2026-09-15 09:19:24.916 | INFO     | train:linear_probe:190 - New best validation accuracy: 81.95 at epoch 2
2026-09-15 09:19:25.051 | INFO     | train:train_epoch:47 - Epoch 3, Step 0, Loss: 0.551733, Accuracy: 75.00%
2026-09-15 09:19:25.401 | INFO     | train:test_epoch:90 - Epoch 3, Val Loss: 0.428501, Val Accuracy: 89.47%
2026-09-15 09:19:25.402 | INFO     | train:linear_probe:190 - New best validation accuracy: 89.47 at epoch 3
2026-09-15 09:19:25.553 | INFO     | train:train_epoch:47 - Epoch 4, Step 0, Loss: 0.668636, Accuracy: 75.00%
2026-09-15 09:19:25.908 | INFO     | train:test_epoch:90 - Epoch 4, Val Loss: 0.378681, Val Accuracy: 89.47%
2026-09-15 09:19:26.044 | INFO     | train:train_epoch:47 - Epoch 5, Step 0, Loss: 0.311191, Accuracy: 96.88%
2026-09-15 09:19:26.393 | INFO     | train:test_epoch:90 - Epoch 5, Val Loss: 0.333271, Val Accuracy: 91.73%
2026-09-15 09:19:26.394 | INFO     | train:linear_probe:190 - New best validation accuracy: 91.73 at epoch 5
2026-09-15 09:19:26.555 | INFO     | train:train_epoch:47 - Epoch 6, Step 0, Loss: 0.451272, Accuracy: 75.00%
2026-09-15 09:19:26.900 | INFO     | train:test_epoch:90 - Epoch 6, Val Loss: 0.300590, Val Accuracy: 93.23%
2026-09-15 09:19:26.901 | INFO     | train:linear_probe:190 - New best validation accuracy: 93.23 at epoch 6
2026-09-15 09:19:27.040 | INFO     | train:train_epoch:47 - Epoch 7, Step 0, Loss: 0.348691, Accuracy: 93.75%
2026-09-15 09:19:27.405 | INFO     | train:test_epoch:90 - Epoch 7, Val Loss: 0.315204, Val Accuracy: 88.72%
2026-09-15 09:19:27.567 | INFO     | train:train_epoch:47 - Epoch 8, Step 0, Loss: 0.291171, Accuracy: 84.38%
2026-09-15 09:19:27.924 | INFO     | train:test_epoch:90 - Epoch 8, Val Loss: 0.256927, Val Accuracy: 93.23%
2026-09-15 09:19:28.061 | INFO     | train:train_epoch:47 - Epoch 9, Step 0, Loss: 0.265574, Accuracy: 93.75%
2026-09-15 09:19:28.430 | INFO     | train:test_epoch:90 - Epoch 9, Val Loss: 0.242128, Val Accuracy: 95.49%
2026-09-15 09:19:28.432 | INFO     | train:linear_probe:190 - New best validation accuracy: 95.49 at epoch 9
2026-09-15 09:19:28.591 | INFO     | train:train_epoch:47 - Epoch 10, Step 0, Loss: 0.254924, Accuracy: 90.62%
2026-09-15 09:19:29.117 | INFO     | train:test_epoch:90 - Epoch 10, Val Loss: 0.250493, Val Accuracy: 93.98%
2026-09-15 09:19:29.347 | INFO     | train:train_epoch:47 - Epoch 11, Step 0, Loss: 0.155448, Accuracy: 100.00%
2026-09-15 09:19:29.906 | INFO     | train:test_epoch:90 - Epoch 11, Val Loss: 0.231721, Val Accuracy: 94.74%
2026-09-15 09:19:30.126 | INFO     | train:train_epoch:47 - Epoch 12, Step 0, Loss: 0.255511, Accuracy: 93.75%
2026-09-15 09:19:30.655 | INFO     | train:test_epoch:90 - Epoch 12, Val Loss: 0.229364, Val Accuracy: 94.74%
2026-09-15 09:19:30.877 | INFO     | train:train_epoch:47 - Epoch 13, Step 0, Loss: 0.225057, Accuracy: 96.88%
2026-09-15 09:19:31.355 | INFO     | train:test_epoch:90 - Epoch 13, Val Loss: 0.228171, Val Accuracy: 94.74%
2026-09-15 09:19:31.578 | INFO     | train:train_epoch:47 - Epoch 14, Step 0, Loss: 0.240923, Accuracy: 90.62%
2026-09-15 09:19:32.136 | INFO     | train:test_epoch:90 - Epoch 14, Val Loss: 0.227117, Val Accuracy: 95.49%
2026-09-15 09:19:32.289 | INFO     | train:train_epoch:47 - Epoch 15, Step 0, Loss: 0.339726, Accuracy: 93.75%
2026-09-15 09:19:32.642 | INFO     | train:test_epoch:90 - Epoch 15, Val Loss: 0.226831, Val Accuracy: 95.49%
2026-09-15 09:19:32.780 | INFO     | train:train_epoch:47 - Epoch 16, Step 0, Loss: 0.271442, Accuracy: 93.75%
2026-09-15 09:19:33.153 | INFO     | train:test_epoch:90 - Epoch 16, Val Loss: 0.223455, Val Accuracy: 95.49%
2026-09-15 09:19:33.289 | INFO     | train:train_epoch:47 - Epoch 17, Step 0, Loss: 0.177902, Accuracy: 93.75%
2026-09-15 09:19:33.650 | INFO     | train:test_epoch:90 - Epoch 17, Val Loss: 0.223850, Val Accuracy: 95.49%
2026-09-15 09:19:33.789 | INFO     | train:train_epoch:47 - Epoch 18, Step 0, Loss: 0.266667, Accuracy: 90.62%
2026-09-15 09:19:34.183 | INFO     | train:test_epoch:90 - Epoch 18, Val Loss: 0.223433, Val Accuracy: 95.49%
2026-09-15 09:19:34.339 | INFO     | train:train_epoch:47 - Epoch 19, Step 0, Loss: 0.158983, Accuracy: 100.00%
2026-09-15 09:19:34.708 | INFO     | train:test_epoch:90 - Epoch 19, Val Loss: 0.219736, Val Accuracy: 96.24%
2026-09-15 09:19:34.709 | INFO     | train:linear_probe:190 - New best validation accuracy: 96.24 at epoch 19
2026-09-15 09:19:34.835 | INFO     | train:train_epoch:47 - Epoch 20, Step 0, Loss: 0.207902, Accuracy: 96.88%
2026-09-15 09:19:35.196 | INFO     | train:test_epoch:90 - Epoch 20, Val Loss: 0.221416, Val Accuracy: 95.49%
2026-09-15 09:19:35.196 | INFO     | __main__:main:134 - Best validation accuracy for beta 0.78: 96.24%
2026-09-15 09:19:35.197 | INFO     | __main__:main:123 - Testing CT with beta: 0.79
2026-09-15 09:19:35.213 | INFO     | __main__:main:129 - Number of trainable parameters: 1539
2026-09-15 09:19:35.213 | INFO     | __main__:main:130 - Starting transfer learning...
2026-09-15 09:19:42.628 | INFO     | train:train_epoch:47 - Epoch 1, Step 0, Loss: 1.071076, Accuracy: 50.00%
2026-09-15 09:19:43.161 | INFO     | train:test_epoch:90 - Epoch 1, Val Loss: 0.667802, Val Accuracy: 81.95%
2026-09-15 09:19:43.162 | INFO     | train:linear_probe:190 - New best validation accuracy: 81.95 at epoch 1
2026-09-15 09:19:43.351 | INFO     | train:train_epoch:47 - Epoch 2, Step 0, Loss: 0.634855, Accuracy: 96.88%
2026-09-15 09:19:43.905 | INFO     | train:test_epoch:90 - Epoch 2, Val Loss: 0.456535, Val Accuracy: 86.47%
2026-09-15 09:19:43.906 | INFO     | train:linear_probe:190 - New best validation accuracy: 86.47 at epoch 2
2026-09-15 09:19:44.113 | INFO     | train:train_epoch:47 - Epoch 3, Step 0, Loss: 0.409818, Accuracy: 87.50%
2026-09-15 09:19:44.651 | INFO     | train:test_epoch:90 - Epoch 3, Val Loss: 0.388606, Val Accuracy: 87.97%
2026-09-15 09:19:44.652 | INFO     | train:linear_probe:190 - New best validation accuracy: 87.97 at epoch 3
2026-09-15 09:19:44.885 | INFO     | train:train_epoch:47 - Epoch 4, Step 0, Loss: 0.271282, Accuracy: 93.75%
2026-09-15 09:19:45.430 | INFO     | train:test_epoch:90 - Epoch 4, Val Loss: 0.320813, Val Accuracy: 93.23%
2026-09-15 09:19:45.431 | INFO     | train:linear_probe:190 - New best validation accuracy: 93.23 at epoch 4
2026-09-15 09:19:45.566 | INFO     | train:train_epoch:47 - Epoch 5, Step 0, Loss: 0.258180, Accuracy: 100.00%
2026-09-15 09:19:45.944 | INFO     | train:test_epoch:90 - Epoch 5, Val Loss: 0.290677, Val Accuracy: 93.98%
2026-09-15 09:19:45.945 | INFO     | train:linear_probe:190 - New best validation accuracy: 93.98 at epoch 5
2026-09-15 09:19:46.088 | INFO     | train:train_epoch:47 - Epoch 6, Step 0, Loss: 0.362749, Accuracy: 87.50%
2026-09-15 09:19:46.445 | INFO     | train:test_epoch:90 - Epoch 6, Val Loss: 0.263558, Val Accuracy: 93.23%
2026-09-15 09:19:46.584 | INFO     | train:train_epoch:47 - Epoch 7, Step 0, Loss: 0.420928, Accuracy: 87.50%
2026-09-15 09:19:46.952 | INFO     | train:test_epoch:90 - Epoch 7, Val Loss: 0.265652, Val Accuracy: 93.98%
2026-09-15 09:19:47.103 | INFO     | train:train_epoch:47 - Epoch 8, Step 0, Loss: 0.220773, Accuracy: 93.75%
2026-09-15 09:19:47.446 | INFO     | train:test_epoch:90 - Epoch 8, Val Loss: 0.230438, Val Accuracy: 95.49%
2026-09-15 09:19:47.447 | INFO     | train:linear_probe:190 - New best validation accuracy: 95.49 at epoch 8
2026-09-15 09:19:47.587 | INFO     | train:train_epoch:47 - Epoch 9, Step 0, Loss: 0.307875, Accuracy: 90.62%
2026-09-15 09:19:47.925 | INFO     | train:test_epoch:90 - Epoch 9, Val Loss: 0.210599, Val Accuracy: 96.24%
2026-09-15 09:19:47.926 | INFO     | train:linear_probe:190 - New best validation accuracy: 96.24 at epoch 9
2026-09-15 09:19:48.073 | INFO     | train:train_epoch:47 - Epoch 10, Step 0, Loss: 0.188161, Accuracy: 96.88%
2026-09-15 09:19:48.412 | INFO     | train:test_epoch:90 - Epoch 10, Val Loss: 0.210454, Val Accuracy: 97.74%
2026-09-15 09:19:48.413 | INFO     | train:linear_probe:190 - New best validation accuracy: 97.74 at epoch 10
2026-09-15 09:19:48.545 | INFO     | train:train_epoch:47 - Epoch 11, Step 0, Loss: 0.254869, Accuracy: 90.62%
2026-09-15 09:19:48.880 | INFO     | train:test_epoch:90 - Epoch 11, Val Loss: 0.208750, Val Accuracy: 96.24%
2026-09-15 09:19:49.031 | INFO     | train:train_epoch:47 - Epoch 12, Step 0, Loss: 0.271989, Accuracy: 96.88%
2026-09-15 09:19:49.371 | INFO     | train:test_epoch:90 - Epoch 12, Val Loss: 0.206563, Val Accuracy: 96.24%
2026-09-15 09:19:49.496 | INFO     | train:train_epoch:47 - Epoch 13, Step 0, Loss: 0.267940, Accuracy: 90.62%
2026-09-15 09:19:49.844 | INFO     | train:test_epoch:90 - Epoch 13, Val Loss: 0.205338, Val Accuracy: 96.24%
2026-09-15 09:19:49.976 | INFO     | train:train_epoch:47 - Epoch 14, Step 0, Loss: 0.317400, Accuracy: 87.50%
2026-09-15 09:19:50.336 | INFO     | train:test_epoch:90 - Epoch 14, Val Loss: 0.203873, Val Accuracy: 96.24%
2026-09-15 09:19:50.468 | INFO     | train:train_epoch:47 - Epoch 15, Step 0, Loss: 0.119774, Accuracy: 100.00%
2026-09-15 09:19:50.820 | INFO     | train:test_epoch:90 - Epoch 15, Val Loss: 0.203271, Val Accuracy: 96.24%
2026-09-15 09:19:50.957 | INFO     | train:train_epoch:47 - Epoch 16, Step 0, Loss: 0.252285, Accuracy: 93.75%
2026-09-15 09:19:51.319 | INFO     | train:test_epoch:90 - Epoch 16, Val Loss: 0.200884, Val Accuracy: 96.24%
2026-09-15 09:19:51.462 | INFO     | train:train_epoch:47 - Epoch 17, Step 0, Loss: 0.173369, Accuracy: 100.00%
2026-09-15 09:19:51.808 | INFO     | train:test_epoch:90 - Epoch 17, Val Loss: 0.200627, Val Accuracy: 96.24%
2026-09-15 09:19:51.949 | INFO     | train:train_epoch:47 - Epoch 18, Step 0, Loss: 0.275308, Accuracy: 93.75%
2026-09-15 09:19:52.328 | INFO     | train:test_epoch:90 - Epoch 18, Val Loss: 0.199637, Val Accuracy: 96.24%
2026-09-15 09:19:52.470 | INFO     | train:train_epoch:47 - Epoch 19, Step 0, Loss: 0.220796, Accuracy: 96.88%
2026-09-15 09:19:52.820 | INFO     | train:test_epoch:90 - Epoch 19, Val Loss: 0.198346, Val Accuracy: 96.24%
2026-09-15 09:19:52.953 | INFO     | train:train_epoch:47 - Epoch 20, Step 0, Loss: 0.198882, Accuracy: 96.88%
2026-09-15 09:19:53.332 | INFO     | train:test_epoch:90 - Epoch 20, Val Loss: 0.196901, Val Accuracy: 96.24%
2026-09-15 09:19:53.333 | INFO     | __main__:main:134 - Best validation accuracy for beta 0.79: 97.74%
2026-09-15 09:19:53.346 | INFO     | __main__:main:123 - Testing CT with beta: 0.80
2026-09-15 09:19:53.360 | INFO     | __main__:main:129 - Number of trainable parameters: 1539
2026-09-15 09:19:53.361 | INFO     | __main__:main:130 - Starting transfer learning...
2026-09-15 09:20:02.286 | INFO     | train:train_epoch:47 - Epoch 1, Step 0, Loss: 1.097201, Accuracy: 37.50%
2026-09-15 09:20:02.646 | INFO     | train:test_epoch:90 - Epoch 1, Val Loss: 0.670341, Val Accuracy: 78.95%
2026-09-15 09:20:02.647 | INFO     | train:linear_probe:190 - New best validation accuracy: 78.95 at epoch 1
2026-09-15 09:20:02.797 | INFO     | train:train_epoch:47 - Epoch 2, Step 0, Loss: 0.803960, Accuracy: 65.62%
2026-09-15 09:20:03.172 | INFO     | train:test_epoch:90 - Epoch 2, Val Loss: 0.445688, Val Accuracy: 87.22%
2026-09-15 09:20:03.173 | INFO     | train:linear_probe:190 - New best validation accuracy: 87.22 at epoch 2
2026-09-15 09:20:03.323 | INFO     | train:train_epoch:47 - Epoch 3, Step 0, Loss: 0.479814, Accuracy: 84.38%
2026-09-15 09:20:03.667 | INFO     | train:test_epoch:90 - Epoch 3, Val Loss: 0.372203, Val Accuracy: 90.23%
2026-09-15 09:20:03.668 | INFO     | train:linear_probe:190 - New best validation accuracy: 90.23 at epoch 3
2026-09-15 09:20:03.818 | INFO     | train:train_epoch:47 - Epoch 4, Step 0, Loss: 0.426941, Accuracy: 87.50%
2026-09-15 09:20:04.189 | INFO     | train:test_epoch:90 - Epoch 4, Val Loss: 0.310544, Val Accuracy: 93.23%
2026-09-15 09:20:04.190 | INFO     | train:linear_probe:190 - New best validation accuracy: 93.23 at epoch 4
2026-09-15 09:20:04.330 | INFO     | train:train_epoch:47 - Epoch 5, Step 0, Loss: 0.269866, Accuracy: 93.75%
2026-09-15 09:20:04.683 | INFO     | train:test_epoch:90 - Epoch 5, Val Loss: 0.285073, Val Accuracy: 93.98%
2026-09-15 09:20:04.684 | INFO     | train:linear_probe:190 - New best validation accuracy: 93.98 at epoch 5
2026-09-15 09:20:04.813 | INFO     | train:train_epoch:47 - Epoch 6, Step 0, Loss: 0.340698, Accuracy: 84.38%
2026-09-15 09:20:05.182 | INFO     | train:test_epoch:90 - Epoch 6, Val Loss: 0.252066, Val Accuracy: 94.74%
2026-09-15 09:20:05.183 | INFO     | train:linear_probe:190 - New best validation accuracy: 94.74 at epoch 6
2026-09-15 09:20:05.320 | INFO     | train:train_epoch:47 - Epoch 7, Step 0, Loss: 0.165396, Accuracy: 100.00%
2026-09-15 09:20:05.677 | INFO     | train:test_epoch:90 - Epoch 7, Val Loss: 0.232235, Val Accuracy: 96.24%
2026-09-15 09:20:05.678 | INFO     | train:linear_probe:190 - New best validation accuracy: 96.24 at epoch 7
2026-09-15 09:20:05.811 | INFO     | train:train_epoch:47 - Epoch 8, Step 0, Loss: 0.344084, Accuracy: 90.62%
2026-09-15 09:20:06.178 | INFO     | train:test_epoch:90 - Epoch 8, Val Loss: 0.233539, Val Accuracy: 95.49%
2026-09-15 09:20:06.318 | INFO     | train:train_epoch:47 - Epoch 9, Step 0, Loss: 0.185970, Accuracy: 96.88%
2026-09-15 09:20:06.662 | INFO     | train:test_epoch:90 - Epoch 9, Val Loss: 0.203751, Val Accuracy: 96.99%
2026-09-15 09:20:06.663 | INFO     | train:linear_probe:190 - New best validation accuracy: 96.99 at epoch 9
2026-09-15 09:20:06.811 | INFO     | train:train_epoch:47 - Epoch 10, Step 0, Loss: 0.242018, Accuracy: 93.75%
2026-09-15 09:20:07.190 | INFO     | train:test_epoch:90 - Epoch 10, Val Loss: 0.213931, Val Accuracy: 94.74%
2026-09-15 09:20:07.318 | INFO     | train:train_epoch:47 - Epoch 11, Step 0, Loss: 0.489543, Accuracy: 90.62%
2026-09-15 09:20:07.669 | INFO     | train:test_epoch:90 - Epoch 11, Val Loss: 0.194325, Val Accuracy: 96.99%
2026-09-15 09:20:07.805 | INFO     | train:train_epoch:47 - Epoch 12, Step 0, Loss: 0.207838, Accuracy: 93.75%
2026-09-15 09:20:08.164 | INFO     | train:test_epoch:90 - Epoch 12, Val Loss: 0.195231, Val Accuracy: 96.99%
2026-09-15 09:20:08.294 | INFO     | train:train_epoch:47 - Epoch 13, Step 0, Loss: 0.157687, Accuracy: 96.88%
2026-09-15 09:20:08.649 | INFO     | train:test_epoch:90 - Epoch 13, Val Loss: 0.194041, Val Accuracy: 96.99%
2026-09-15 09:20:08.783 | INFO     | train:train_epoch:47 - Epoch 14, Step 0, Loss: 0.193017, Accuracy: 93.75%
2026-09-15 09:20:09.133 | INFO     | train:test_epoch:90 - Epoch 14, Val Loss: 0.193474, Val Accuracy: 96.99%
2026-09-15 09:20:09.279 | INFO     | train:train_epoch:47 - Epoch 15, Step 0, Loss: 0.340518, Accuracy: 93.75%
2026-09-15 09:20:09.784 | INFO     | train:test_epoch:90 - Epoch 15, Val Loss: 0.192693, Val Accuracy: 96.24%
2026-09-15 09:20:09.979 | INFO     | train:train_epoch:47 - Epoch 16, Step 0, Loss: 0.362025, Accuracy: 93.75%
2026-09-15 09:20:10.552 | INFO     | train:test_epoch:90 - Epoch 16, Val Loss: 0.190160, Val Accuracy: 96.99%
2026-09-15 09:20:10.765 | INFO     | train:train_epoch:47 - Epoch 17, Step 0, Loss: 0.204209, Accuracy: 96.88%
2026-09-15 09:20:11.314 | INFO     | train:test_epoch:90 - Epoch 17, Val Loss: 0.190485, Val Accuracy: 97.74%
2026-09-15 09:20:11.315 | INFO     | train:linear_probe:190 - New best validation accuracy: 97.74 at epoch 17
2026-09-15 09:20:11.533 | INFO     | train:train_epoch:47 - Epoch 18, Step 0, Loss: 0.172487, Accuracy: 96.88%
2026-09-15 09:20:12.064 | INFO     | train:test_epoch:90 - Epoch 18, Val Loss: 0.189453, Val Accuracy: 97.74%
2026-09-15 09:20:12.256 | INFO     | train:train_epoch:47 - Epoch 19, Step 0, Loss: 0.216831, Accuracy: 90.62%
2026-09-15 09:20:12.790 | INFO     | train:test_epoch:90 - Epoch 19, Val Loss: 0.188730, Val Accuracy: 96.24%
2026-09-15 09:20:12.923 | INFO     | train:train_epoch:47 - Epoch 20, Step 0, Loss: 0.157003, Accuracy: 100.00%
2026-09-15 09:20:13.248 | INFO     | train:test_epoch:90 - Epoch 20, Val Loss: 0.187918, Val Accuracy: 96.24%
2026-09-15 09:20:13.249 | INFO     | __main__:main:134 - Best validation accuracy for beta 0.80: 97.74%
2026-09-15 09:20:13.249 | INFO     | __main__:main:123 - Testing CT with beta: 0.81
2026-09-15 09:20:13.271 | INFO     | __main__:main:129 - Number of trainable parameters: 1539
2026-09-15 09:20:13.271 | INFO     | __main__:main:130 - Starting transfer learning...
2026-09-15 09:20:20.512 | INFO     | train:train_epoch:47 - Epoch 1, Step 0, Loss: 1.545308, Accuracy: 21.88%
2026-09-15 09:20:20.879 | INFO     | train:test_epoch:90 - Epoch 1, Val Loss: 0.817820, Val Accuracy: 69.92%
2026-09-15 09:20:20.880 | INFO     | train:linear_probe:190 - New best validation accuracy: 69.92 at epoch 1
2026-09-15 09:20:21.013 | INFO     | train:train_epoch:47 - Epoch 2, Step 0, Loss: 0.828703, Accuracy: 71.88%
2026-09-15 09:20:21.356 | INFO     | train:test_epoch:90 - Epoch 2, Val Loss: 0.511314, Val Accuracy: 81.20%
2026-09-15 09:20:21.357 | INFO     | train:linear_probe:190 - New best validation accuracy: 81.20 at epoch 2
2026-09-15 09:20:21.489 | INFO     | train:train_epoch:47 - Epoch 3, Step 0, Loss: 0.573642, Accuracy: 84.38%
2026-09-15 09:20:21.842 | INFO     | train:test_epoch:90 - Epoch 3, Val Loss: 0.409151, Val Accuracy: 90.23%
2026-09-15 09:20:21.844 | INFO     | train:linear_probe:190 - New best validation accuracy: 90.23 at epoch 3
2026-09-15 09:20:21.981 | INFO     | train:train_epoch:47 - Epoch 4, Step 0, Loss: 0.509345, Accuracy: 84.38%
2026-09-15 09:20:22.322 | INFO     | train:test_epoch:90 - Epoch 4, Val Loss: 0.373689, Val Accuracy: 88.72%
2026-09-15 09:20:22.465 | INFO     | train:train_epoch:47 - Epoch 5, Step 0, Loss: 0.373323, Accuracy: 90.62%
2026-09-15 09:20:22.831 | INFO     | train:test_epoch:90 - Epoch 5, Val Loss: 0.317650, Val Accuracy: 92.48%
2026-09-15 09:20:22.832 | INFO     | train:linear_probe:190 - New best validation accuracy: 92.48 at epoch 5
2026-09-15 09:20:23.060 | INFO     | train:train_epoch:47 - Epoch 6, Step 0, Loss: 0.294936, Accuracy: 90.62%
2026-09-15 09:20:23.576 | INFO     | train:test_epoch:90 - Epoch 6, Val Loss: 0.311534, Val Accuracy: 90.98%
2026-09-15 09:20:23.793 | INFO     | train:train_epoch:47 - Epoch 7, Step 0, Loss: 0.352377, Accuracy: 90.62%
2026-09-15 09:20:24.304 | INFO     | train:test_epoch:90 - Epoch 7, Val Loss: 0.268276, Val Accuracy: 92.48%
2026-09-15 09:20:24.501 | INFO     | train:train_epoch:47 - Epoch 8, Step 0, Loss: 0.260735, Accuracy: 93.75%
2026-09-15 09:20:25.079 | INFO     | train:test_epoch:90 - Epoch 8, Val Loss: 0.264735, Val Accuracy: 93.98%
2026-09-15 09:20:25.080 | INFO     | train:linear_probe:190 - New best validation accuracy: 93.98 at epoch 8
2026-09-15 09:20:25.323 | INFO     | train:train_epoch:47 - Epoch 9, Step 0, Loss: 0.340383, Accuracy: 87.50%
2026-09-15 09:20:25.837 | INFO     | train:test_epoch:90 - Epoch 9, Val Loss: 0.245997, Val Accuracy: 91.73%
2026-09-15 09:20:26.059 | INFO     | train:train_epoch:47 - Epoch 10, Step 0, Loss: 0.276098, Accuracy: 90.62%
2026-09-15 09:20:26.437 | INFO     | train:test_epoch:90 - Epoch 10, Val Loss: 0.225353, Val Accuracy: 93.23%
2026-09-15 09:20:26.568 | INFO     | train:train_epoch:47 - Epoch 11, Step 0, Loss: 0.178388, Accuracy: 93.75%
2026-09-15 09:20:26.906 | INFO     | train:test_epoch:90 - Epoch 11, Val Loss: 0.222163, Val Accuracy: 94.74%
2026-09-15 09:20:26.907 | INFO     | train:linear_probe:190 - New best validation accuracy: 94.74 at epoch 11
2026-09-15 09:20:27.043 | INFO     | train:train_epoch:47 - Epoch 12, Step 0, Loss: 0.267979, Accuracy: 90.62%
2026-09-15 09:20:27.414 | INFO     | train:test_epoch:90 - Epoch 12, Val Loss: 0.221716, Val Accuracy: 93.23%
2026-09-15 09:20:27.556 | INFO     | train:train_epoch:47 - Epoch 13, Step 0, Loss: 0.231834, Accuracy: 93.75%
2026-09-15 09:20:27.909 | INFO     | train:test_epoch:90 - Epoch 13, Val Loss: 0.219816, Val Accuracy: 95.49%
2026-09-15 09:20:27.910 | INFO     | train:linear_probe:190 - New best validation accuracy: 95.49 at epoch 13
2026-09-15 09:20:28.040 | INFO     | train:train_epoch:47 - Epoch 14, Step 0, Loss: 0.154727, Accuracy: 96.88%
2026-09-15 09:20:28.392 | INFO     | train:test_epoch:90 - Epoch 14, Val Loss: 0.219331, Val Accuracy: 94.74%
2026-09-15 09:20:28.517 | INFO     | train:train_epoch:47 - Epoch 15, Step 0, Loss: 0.212277, Accuracy: 90.62%
2026-09-15 09:20:28.858 | INFO     | train:test_epoch:90 - Epoch 15, Val Loss: 0.218252, Val Accuracy: 94.74%
2026-09-15 09:20:28.995 | INFO     | train:train_epoch:47 - Epoch 16, Step 0, Loss: 0.148686, Accuracy: 100.00%
2026-09-15 09:20:29.364 | INFO     | train:test_epoch:90 - Epoch 16, Val Loss: 0.216085, Val Accuracy: 95.49%
2026-09-15 09:20:29.504 | INFO     | train:train_epoch:47 - Epoch 17, Step 0, Loss: 0.214442, Accuracy: 100.00%
2026-09-15 09:20:29.852 | INFO     | train:test_epoch:90 - Epoch 17, Val Loss: 0.215497, Val Accuracy: 94.74%
2026-09-15 09:20:29.993 | INFO     | train:train_epoch:47 - Epoch 18, Step 0, Loss: 0.231140, Accuracy: 93.75%
2026-09-15 09:20:30.423 | INFO     | train:test_epoch:90 - Epoch 18, Val Loss: 0.215162, Val Accuracy: 95.49%
2026-09-15 09:20:30.551 | INFO     | train:train_epoch:47 - Epoch 19, Step 0, Loss: 0.199859, Accuracy: 100.00%
2026-09-15 09:20:30.905 | INFO     | train:test_epoch:90 - Epoch 19, Val Loss: 0.212890, Val Accuracy: 95.49%
2026-09-15 09:20:31.054 | INFO     | train:train_epoch:47 - Epoch 20, Step 0, Loss: 0.160358, Accuracy: 96.88%
2026-09-15 09:20:31.422 | INFO     | train:test_epoch:90 - Epoch 20, Val Loss: 0.212174, Val Accuracy: 95.49%
2026-09-15 09:20:31.424 | INFO     | __main__:main:134 - Best validation accuracy for beta 0.81: 95.49%
2026-09-15 09:20:31.424 | INFO     | __main__:main:123 - Testing CT with beta: 0.82
2026-09-15 09:20:31.448 | INFO     | __main__:main:129 - Number of trainable parameters: 1539
2026-09-15 09:20:31.449 | INFO     | __main__:main:130 - Starting transfer learning...
2026-09-15 09:20:40.056 | INFO     | train:train_epoch:47 - Epoch 1, Step 0, Loss: 1.006106, Accuracy: 59.38%
2026-09-15 09:20:40.412 | INFO     | train:test_epoch:90 - Epoch 1, Val Loss: 0.666601, Val Accuracy: 80.45%
2026-09-15 09:20:40.413 | INFO     | train:linear_probe:190 - New best validation accuracy: 80.45 at epoch 1
2026-09-15 09:20:40.548 | INFO     | train:train_epoch:47 - Epoch 2, Step 0, Loss: 0.705693, Accuracy: 71.88%
2026-09-15 09:20:40.901 | INFO     | train:test_epoch:90 - Epoch 2, Val Loss: 0.444142, Val Accuracy: 87.97%
2026-09-15 09:20:40.902 | INFO     | train:linear_probe:190 - New best validation accuracy: 87.97 at epoch 2
2026-09-15 09:20:41.049 | INFO     | train:train_epoch:47 - Epoch 3, Step 0, Loss: 0.562386, Accuracy: 81.25%
2026-09-15 09:20:41.396 | INFO     | train:test_epoch:90 - Epoch 3, Val Loss: 0.367942, Val Accuracy: 90.23%
2026-09-15 09:20:41.397 | INFO     | train:linear_probe:190 - New best validation accuracy: 90.23 at epoch 3
2026-09-15 09:20:41.526 | INFO     | train:train_epoch:47 - Epoch 4, Step 0, Loss: 0.462786, Accuracy: 84.38%
2026-09-15 09:20:41.877 | INFO     | train:test_epoch:90 - Epoch 4, Val Loss: 0.334218, Val Accuracy: 90.98%
2026-09-15 09:20:41.878 | INFO     | train:linear_probe:190 - New best validation accuracy: 90.98 at epoch 4
2026-09-15 09:20:42.026 | INFO     | train:train_epoch:47 - Epoch 5, Step 0, Loss: 0.321691, Accuracy: 87.50%
2026-09-15 09:20:42.383 | INFO     | train:test_epoch:90 - Epoch 5, Val Loss: 0.304778, Val Accuracy: 90.98%
2026-09-15 09:20:42.525 | INFO     | train:train_epoch:47 - Epoch 6, Step 0, Loss: 0.327388, Accuracy: 90.62%
2026-09-15 09:20:42.875 | INFO     | train:test_epoch:90 - Epoch 6, Val Loss: 0.271294, Val Accuracy: 95.49%
2026-09-15 09:20:42.876 | INFO     | train:linear_probe:190 - New best validation accuracy: 95.49 at epoch 6
2026-09-15 09:20:43.019 | INFO     | train:train_epoch:47 - Epoch 7, Step 0, Loss: 0.314060, Accuracy: 87.50%
2026-09-15 09:20:43.373 | INFO     | train:test_epoch:90 - Epoch 7, Val Loss: 0.248274, Val Accuracy: 95.49%
2026-09-15 09:20:43.508 | INFO     | train:train_epoch:47 - Epoch 8, Step 0, Loss: 0.325875, Accuracy: 87.50%
2026-09-15 09:20:43.867 | INFO     | train:test_epoch:90 - Epoch 8, Val Loss: 0.235824, Val Accuracy: 93.98%
2026-09-15 09:20:44.005 | INFO     | train:train_epoch:47 - Epoch 9, Step 0, Loss: 0.239998, Accuracy: 93.75%
2026-09-15 09:20:44.364 | INFO     | train:test_epoch:90 - Epoch 9, Val Loss: 0.226293, Val Accuracy: 96.24%
2026-09-15 09:20:44.365 | INFO     | train:linear_probe:190 - New best validation accuracy: 96.24 at epoch 9
2026-09-15 09:20:44.514 | INFO     | train:train_epoch:47 - Epoch 10, Step 0, Loss: 0.215225, Accuracy: 93.75%
2026-09-15 09:20:44.872 | INFO     | train:test_epoch:90 - Epoch 10, Val Loss: 0.223741, Val Accuracy: 93.23%
2026-09-15 09:20:45.008 | INFO     | train:train_epoch:47 - Epoch 11, Step 0, Loss: 0.360554, Accuracy: 87.50%
2026-09-15 09:20:45.381 | INFO     | train:test_epoch:90 - Epoch 11, Val Loss: 0.214499, Val Accuracy: 95.49%
2026-09-15 09:20:45.520 | INFO     | train:train_epoch:47 - Epoch 12, Step 0, Loss: 0.301882, Accuracy: 84.38%
2026-09-15 09:20:45.876 | INFO     | train:test_epoch:90 - Epoch 12, Val Loss: 0.213136, Val Accuracy: 96.24%
2026-09-15 09:20:46.018 | INFO     | train:train_epoch:47 - Epoch 13, Step 0, Loss: 0.145275, Accuracy: 100.00%
2026-09-15 09:20:46.392 | INFO     | train:test_epoch:90 - Epoch 13, Val Loss: 0.211341, Val Accuracy: 95.49%
2026-09-15 09:20:46.525 | INFO     | train:train_epoch:47 - Epoch 14, Step 0, Loss: 0.201200, Accuracy: 90.62%
2026-09-15 09:20:46.880 | INFO     | train:test_epoch:90 - Epoch 14, Val Loss: 0.211207, Val Accuracy: 96.24%
2026-09-15 09:20:47.016 | INFO     | train:train_epoch:47 - Epoch 15, Step 0, Loss: 0.112282, Accuracy: 96.88%
2026-09-15 09:20:47.379 | INFO     | train:test_epoch:90 - Epoch 15, Val Loss: 0.209896, Val Accuracy: 96.24%
2026-09-15 09:20:47.513 | INFO     | train:train_epoch:47 - Epoch 16, Step 0, Loss: 0.216078, Accuracy: 93.75%
2026-09-15 09:20:47.858 | INFO     | train:test_epoch:90 - Epoch 16, Val Loss: 0.208560, Val Accuracy: 96.24%
2026-09-15 09:20:47.998 | INFO     | train:train_epoch:47 - Epoch 17, Step 0, Loss: 0.254465, Accuracy: 93.75%
2026-09-15 09:20:48.354 | INFO     | train:test_epoch:90 - Epoch 17, Val Loss: 0.207942, Val Accuracy: 96.24%
2026-09-15 09:20:48.502 | INFO     | train:train_epoch:47 - Epoch 18, Step 0, Loss: 0.226811, Accuracy: 90.62%
2026-09-15 09:20:48.850 | INFO     | train:test_epoch:90 - Epoch 18, Val Loss: 0.207096, Val Accuracy: 96.24%
2026-09-15 09:20:48.989 | INFO     | train:train_epoch:47 - Epoch 19, Step 0, Loss: 0.251237, Accuracy: 87.50%
2026-09-15 09:20:49.342 | INFO     | train:test_epoch:90 - Epoch 19, Val Loss: 0.205799, Val Accuracy: 96.24%
2026-09-15 09:20:49.539 | INFO     | train:train_epoch:47 - Epoch 20, Step 0, Loss: 0.197755, Accuracy: 96.88%
2026-09-15 09:20:50.116 | INFO     | train:test_epoch:90 - Epoch 20, Val Loss: 0.204889, Val Accuracy: 96.24%
2026-09-15 09:20:50.116 | INFO     | __main__:main:134 - Best validation accuracy for beta 0.82: 96.24%
2026-09-15 09:20:50.117 | INFO     | __main__:main:123 - Testing CT with beta: 0.83
2026-09-15 09:20:50.140 | INFO     | __main__:main:129 - Number of trainable parameters: 1539
2026-09-15 09:20:50.140 | INFO     | __main__:main:130 - Starting transfer learning...
2026-09-15 09:20:58.820 | INFO     | train:train_epoch:47 - Epoch 1, Step 0, Loss: 1.117803, Accuracy: 43.75%
2026-09-15 09:20:59.183 | INFO     | train:test_epoch:90 - Epoch 1, Val Loss: 0.696871, Val Accuracy: 75.94%
2026-09-15 09:20:59.183 | INFO     | train:linear_probe:190 - New best validation accuracy: 75.94 at epoch 1
2026-09-15 09:20:59.314 | INFO     | train:train_epoch:47 - Epoch 2, Step 0, Loss: 0.801156, Accuracy: 75.00%
2026-09-15 09:20:59.662 | INFO     | train:test_epoch:90 - Epoch 2, Val Loss: 0.496124, Val Accuracy: 81.95%
2026-09-15 09:20:59.663 | INFO     | train:linear_probe:190 - New best validation accuracy: 81.95 at epoch 2
2026-09-15 09:20:59.802 | INFO     | train:train_epoch:47 - Epoch 3, Step 0, Loss: 0.674734, Accuracy: 65.62%
2026-09-15 09:21:00.161 | INFO     | train:test_epoch:90 - Epoch 3, Val Loss: 0.388551, Val Accuracy: 88.72%
2026-09-15 09:21:00.162 | INFO     | train:linear_probe:190 - New best validation accuracy: 88.72 at epoch 3
2026-09-15 09:21:00.300 | INFO     | train:train_epoch:47 - Epoch 4, Step 0, Loss: 0.446619, Accuracy: 81.25%
2026-09-15 09:21:00.703 | INFO     | train:test_epoch:90 - Epoch 4, Val Loss: 0.341077, Val Accuracy: 90.23%
2026-09-15 09:21:00.704 | INFO     | train:linear_probe:190 - New best validation accuracy: 90.23 at epoch 4
2026-09-15 09:21:00.844 | INFO     | train:train_epoch:47 - Epoch 5, Step 0, Loss: 0.296030, Accuracy: 96.88%
2026-09-15 09:21:01.212 | INFO     | train:test_epoch:90 - Epoch 5, Val Loss: 0.319751, Val Accuracy: 90.98%
2026-09-15 09:21:01.213 | INFO     | train:linear_probe:190 - New best validation accuracy: 90.98 at epoch 5
2026-09-15 09:21:01.347 | INFO     | train:train_epoch:47 - Epoch 6, Step 0, Loss: 0.223357, Accuracy: 96.88%
2026-09-15 09:21:01.715 | INFO     | train:test_epoch:90 - Epoch 6, Val Loss: 0.287782, Val Accuracy: 90.98%
2026-09-15 09:21:01.858 | INFO     | train:train_epoch:47 - Epoch 7, Step 0, Loss: 0.358146, Accuracy: 84.38%
2026-09-15 09:21:02.221 | INFO     | train:test_epoch:90 - Epoch 7, Val Loss: 0.269403, Val Accuracy: 92.48%
2026-09-15 09:21:02.222 | INFO     | train:linear_probe:190 - New best validation accuracy: 92.48 at epoch 7
2026-09-15 09:21:02.361 | INFO     | train:train_epoch:47 - Epoch 8, Step 0, Loss: 0.235458, Accuracy: 93.75%
2026-09-15 09:21:02.727 | INFO     | train:test_epoch:90 - Epoch 8, Val Loss: 0.249708, Val Accuracy: 93.23%
2026-09-15 09:21:02.728 | INFO     | train:linear_probe:190 - New best validation accuracy: 93.23 at epoch 8
2026-09-15 09:21:02.866 | INFO     | train:train_epoch:47 - Epoch 9, Step 0, Loss: 0.163338, Accuracy: 100.00%
2026-09-15 09:21:03.223 | INFO     | train:test_epoch:90 - Epoch 9, Val Loss: 0.247183, Val Accuracy: 93.23%
2026-09-15 09:21:03.464 | INFO     | train:train_epoch:47 - Epoch 10, Step 0, Loss: 0.365050, Accuracy: 84.38%
2026-09-15 09:21:04.012 | INFO     | train:test_epoch:90 - Epoch 10, Val Loss: 0.228711, Val Accuracy: 95.49%
2026-09-15 09:21:04.013 | INFO     | train:linear_probe:190 - New best validation accuracy: 95.49 at epoch 10
2026-09-15 09:21:04.233 | INFO     | train:train_epoch:47 - Epoch 11, Step 0, Loss: 0.337596, Accuracy: 87.50%
2026-09-15 09:21:04.787 | INFO     | train:test_epoch:90 - Epoch 11, Val Loss: 0.225563, Val Accuracy: 95.49%
2026-09-15 09:21:04.995 | INFO     | train:train_epoch:47 - Epoch 12, Step 0, Loss: 0.281917, Accuracy: 87.50%
2026-09-15 09:21:05.583 | INFO     | train:test_epoch:90 - Epoch 12, Val Loss: 0.224474, Val Accuracy: 94.74%
2026-09-15 09:21:05.811 | INFO     | train:train_epoch:47 - Epoch 13, Step 0, Loss: 0.221868, Accuracy: 93.75%
2026-09-15 09:21:06.294 | INFO     | train:test_epoch:90 - Epoch 13, Val Loss: 0.222771, Val Accuracy: 95.49%
2026-09-15 09:21:06.526 | INFO     | train:train_epoch:47 - Epoch 14, Step 0, Loss: 0.194509, Accuracy: 100.00%
2026-09-15 09:21:06.945 | INFO     | train:test_epoch:90 - Epoch 14, Val Loss: 0.222315, Val Accuracy: 94.74%
2026-09-15 09:21:07.079 | INFO     | train:train_epoch:47 - Epoch 15, Step 0, Loss: 0.165440, Accuracy: 96.88%
2026-09-15 09:21:07.413 | INFO     | train:test_epoch:90 - Epoch 15, Val Loss: 0.221452, Val Accuracy: 94.74%
2026-09-15 09:21:07.563 | INFO     | train:train_epoch:47 - Epoch 16, Step 0, Loss: 0.201340, Accuracy: 93.75%
2026-09-15 09:21:07.918 | INFO     | train:test_epoch:90 - Epoch 16, Val Loss: 0.219775, Val Accuracy: 94.74%
2026-09-15 09:21:08.048 | INFO     | train:train_epoch:47 - Epoch 17, Step 0, Loss: 0.202093, Accuracy: 90.62%
2026-09-15 09:21:08.394 | INFO     | train:test_epoch:90 - Epoch 17, Val Loss: 0.218413, Val Accuracy: 94.74%
2026-09-15 09:21:08.531 | INFO     | train:train_epoch:47 - Epoch 18, Step 0, Loss: 0.254947, Accuracy: 90.62%
2026-09-15 09:21:08.891 | INFO     | train:test_epoch:90 - Epoch 18, Val Loss: 0.218698, Val Accuracy: 94.74%
2026-09-15 09:21:09.027 | INFO     | train:train_epoch:47 - Epoch 19, Step 0, Loss: 0.204793, Accuracy: 93.75%
2026-09-15 09:21:09.370 | INFO     | train:test_epoch:90 - Epoch 19, Val Loss: 0.216731, Val Accuracy: 94.74%
2026-09-15 09:21:09.512 | INFO     | train:train_epoch:47 - Epoch 20, Step 0, Loss: 0.194429, Accuracy: 93.75%
2026-09-15 09:21:09.866 | INFO     | train:test_epoch:90 - Epoch 20, Val Loss: 0.216288, Val Accuracy: 94.74%
2026-09-15 09:21:09.867 | INFO     | __main__:main:134 - Best validation accuracy for beta 0.83: 95.49%
2026-09-15 09:21:09.867 | INFO     | __main__:main:123 - Testing CT with beta: 0.84
2026-09-15 09:21:09.883 | INFO     | __main__:main:129 - Number of trainable parameters: 1539
2026-09-15 09:21:09.884 | INFO     | __main__:main:130 - Starting transfer learning...
2026-09-15 09:21:17.232 | INFO     | train:train_epoch:47 - Epoch 1, Step 0, Loss: 1.115530, Accuracy: 46.88%
2026-09-15 09:21:17.787 | INFO     | train:test_epoch:90 - Epoch 1, Val Loss: 0.831235, Val Accuracy: 61.65%
2026-09-15 09:21:17.788 | INFO     | train:linear_probe:190 - New best validation accuracy: 61.65 at epoch 1
2026-09-15 09:21:17.996 | INFO     | train:train_epoch:47 - Epoch 2, Step 0, Loss: 0.806195, Accuracy: 62.50%
2026-09-15 09:21:18.520 | INFO     | train:test_epoch:90 - Epoch 2, Val Loss: 0.555983, Val Accuracy: 77.44%
2026-09-15 09:21:18.522 | INFO     | train:linear_probe:190 - New best validation accuracy: 77.44 at epoch 2
2026-09-15 09:21:18.728 | INFO     | train:train_epoch:47 - Epoch 3, Step 0, Loss: 0.550258, Accuracy: 81.25%
2026-09-15 09:21:19.254 | INFO     | train:test_epoch:90 - Epoch 3, Val Loss: 0.453329, Val Accuracy: 84.96%
2026-09-15 09:21:19.255 | INFO     | train:linear_probe:190 - New best validation accuracy: 84.96 at epoch 3
2026-09-15 09:21:19.471 | INFO     | train:train_epoch:47 - Epoch 4, Step 0, Loss: 0.420414, Accuracy: 90.62%
2026-09-15 09:21:20.015 | INFO     | train:test_epoch:90 - Epoch 4, Val Loss: 0.392735, Val Accuracy: 86.47%
2026-09-15 09:21:20.016 | INFO     | train:linear_probe:190 - New best validation accuracy: 86.47 at epoch 4
2026-09-15 09:21:20.152 | INFO     | train:train_epoch:47 - Epoch 5, Step 0, Loss: 0.358690, Accuracy: 87.50%
2026-09-15 09:21:20.508 | INFO     | train:test_epoch:90 - Epoch 5, Val Loss: 0.353234, Val Accuracy: 87.97%
2026-09-15 09:21:20.509 | INFO     | train:linear_probe:190 - New best validation accuracy: 87.97 at epoch 5
2026-09-15 09:21:20.636 | INFO     | train:train_epoch:47 - Epoch 6, Step 0, Loss: 0.251313, Accuracy: 96.88%
2026-09-15 09:21:20.990 | INFO     | train:test_epoch:90 - Epoch 6, Val Loss: 0.330197, Val Accuracy: 87.97%
2026-09-15 09:21:21.128 | INFO     | train:train_epoch:47 - Epoch 7, Step 0, Loss: 0.186132, Accuracy: 96.88%
2026-09-15 09:21:21.475 | INFO     | train:test_epoch:90 - Epoch 7, Val Loss: 0.334222, Val Accuracy: 87.97%
2026-09-15 09:21:21.603 | INFO     | train:train_epoch:47 - Epoch 8, Step 0, Loss: 0.249121, Accuracy: 90.62%
2026-09-15 09:21:21.940 | INFO     | train:test_epoch:90 - Epoch 8, Val Loss: 0.280493, Val Accuracy: 90.98%
2026-09-15 09:21:21.941 | INFO     | train:linear_probe:190 - New best validation accuracy: 90.98 at epoch 8
2026-09-15 09:21:22.074 | INFO     | train:train_epoch:47 - Epoch 9, Step 0, Loss: 0.241633, Accuracy: 93.75%
2026-09-15 09:21:22.436 | INFO     | train:test_epoch:90 - Epoch 9, Val Loss: 0.265492, Val Accuracy: 91.73%
2026-09-15 09:21:22.437 | INFO     | train:linear_probe:190 - New best validation accuracy: 91.73 at epoch 9
2026-09-15 09:21:22.574 | INFO     | train:train_epoch:47 - Epoch 10, Step 0, Loss: 0.258568, Accuracy: 90.62%
2026-09-15 09:21:22.910 | INFO     | train:test_epoch:90 - Epoch 10, Val Loss: 0.253478, Val Accuracy: 92.48%
2026-09-15 09:21:22.911 | INFO     | train:linear_probe:190 - New best validation accuracy: 92.48 at epoch 10
2026-09-15 09:21:23.046 | INFO     | train:train_epoch:47 - Epoch 11, Step 0, Loss: 0.276617, Accuracy: 87.50%
2026-09-15 09:21:23.385 | INFO     | train:test_epoch:90 - Epoch 11, Val Loss: 0.251235, Val Accuracy: 93.98%
2026-09-15 09:21:23.386 | INFO     | train:linear_probe:190 - New best validation accuracy: 93.98 at epoch 11
2026-09-15 09:21:23.526 | INFO     | train:train_epoch:47 - Epoch 12, Step 0, Loss: 0.199350, Accuracy: 96.88%
2026-09-15 09:21:23.872 | INFO     | train:test_epoch:90 - Epoch 12, Val Loss: 0.250104, Val Accuracy: 94.74%
2026-09-15 09:21:23.873 | INFO     | train:linear_probe:190 - New best validation accuracy: 94.74 at epoch 12
2026-09-15 09:21:24.013 | INFO     | train:train_epoch:47 - Epoch 13, Step 0, Loss: 0.132129, Accuracy: 100.00%
2026-09-15 09:21:24.355 | INFO     | train:test_epoch:90 - Epoch 13, Val Loss: 0.248747, Val Accuracy: 93.98%
2026-09-15 09:21:24.500 | INFO     | train:train_epoch:47 - Epoch 14, Step 0, Loss: 0.192062, Accuracy: 93.75%
2026-09-15 09:21:24.846 | INFO     | train:test_epoch:90 - Epoch 14, Val Loss: 0.247031, Val Accuracy: 93.98%
2026-09-15 09:21:24.979 | INFO     | train:train_epoch:47 - Epoch 15, Step 0, Loss: 0.220022, Accuracy: 93.75%
2026-09-15 09:21:25.333 | INFO     | train:test_epoch:90 - Epoch 15, Val Loss: 0.245423, Val Accuracy: 94.74%
2026-09-15 09:21:25.488 | INFO     | train:train_epoch:47 - Epoch 16, Step 0, Loss: 0.214499, Accuracy: 96.88%
2026-09-15 09:21:25.835 | INFO     | train:test_epoch:90 - Epoch 16, Val Loss: 0.245227, Val Accuracy: 94.74%
2026-09-15 09:21:25.967 | INFO     | train:train_epoch:47 - Epoch 17, Step 0, Loss: 0.188488, Accuracy: 93.75%
2026-09-15 09:21:26.317 | INFO     | train:test_epoch:90 - Epoch 17, Val Loss: 0.244257, Val Accuracy: 94.74%
2026-09-15 09:21:26.462 | INFO     | train:train_epoch:47 - Epoch 18, Step 0, Loss: 0.156418, Accuracy: 100.00%
2026-09-15 09:21:26.819 | INFO     | train:test_epoch:90 - Epoch 18, Val Loss: 0.242176, Val Accuracy: 94.74%
2026-09-15 09:21:26.939 | INFO     | train:train_epoch:47 - Epoch 19, Step 0, Loss: 0.277967, Accuracy: 96.88%
2026-09-15 09:21:27.297 | INFO     | train:test_epoch:90 - Epoch 19, Val Loss: 0.242456, Val Accuracy: 94.74%
2026-09-15 09:21:27.438 | INFO     | train:train_epoch:47 - Epoch 20, Step 0, Loss: 0.160905, Accuracy: 96.88%
2026-09-15 09:21:27.793 | INFO     | train:test_epoch:90 - Epoch 20, Val Loss: 0.240490, Val Accuracy: 94.74%
2026-09-15 09:21:27.794 | INFO     | __main__:main:134 - Best validation accuracy for beta 0.84: 94.74%
2026-09-15 09:21:27.794 | INFO     | __main__:main:123 - Testing CT with beta: 0.85
2026-09-15 09:21:27.810 | INFO     | __main__:main:129 - Number of trainable parameters: 1539
2026-09-15 09:21:27.811 | INFO     | __main__:main:130 - Starting transfer learning...
2026-09-15 09:21:36.838 | INFO     | train:train_epoch:47 - Epoch 1, Step 0, Loss: 1.326340, Accuracy: 6.25%
2026-09-15 09:21:37.175 | INFO     | train:test_epoch:90 - Epoch 1, Val Loss: 0.828236, Val Accuracy: 69.92%
2026-09-15 09:21:37.176 | INFO     | train:linear_probe:190 - New best validation accuracy: 69.92 at epoch 1
2026-09-15 09:21:37.327 | INFO     | train:train_epoch:47 - Epoch 2, Step 0, Loss: 0.812888, Accuracy: 59.38%
2026-09-15 09:21:37.673 | INFO     | train:test_epoch:90 - Epoch 2, Val Loss: 0.554269, Val Accuracy: 78.20%
2026-09-15 09:21:37.674 | INFO     | train:linear_probe:190 - New best validation accuracy: 78.20 at epoch 2
2026-09-15 09:21:37.803 | INFO     | train:train_epoch:47 - Epoch 3, Step 0, Loss: 0.593005, Accuracy: 84.38%
2026-09-15 09:21:38.157 | INFO     | train:test_epoch:90 - Epoch 3, Val Loss: 0.422396, Val Accuracy: 87.97%
2026-09-15 09:21:38.158 | INFO     | train:linear_probe:190 - New best validation accuracy: 87.97 at epoch 3
2026-09-15 09:21:38.308 | INFO     | train:train_epoch:47 - Epoch 4, Step 0, Loss: 0.428928, Accuracy: 84.38%
2026-09-15 09:21:38.655 | INFO     | train:test_epoch:90 - Epoch 4, Val Loss: 0.393706, Val Accuracy: 86.47%
2026-09-15 09:21:38.787 | INFO     | train:train_epoch:47 - Epoch 5, Step 0, Loss: 0.282068, Accuracy: 96.88%
2026-09-15 09:21:39.139 | INFO     | train:test_epoch:90 - Epoch 5, Val Loss: 0.331917, Val Accuracy: 89.47%
2026-09-15 09:21:39.140 | INFO     | train:linear_probe:190 - New best validation accuracy: 89.47 at epoch 5
2026-09-15 09:21:39.291 | INFO     | train:train_epoch:47 - Epoch 6, Step 0, Loss: 0.402385, Accuracy: 90.62%
2026-09-15 09:21:39.643 | INFO     | train:test_epoch:90 - Epoch 6, Val Loss: 0.304777, Val Accuracy: 91.73%
2026-09-15 09:21:39.644 | INFO     | train:linear_probe:190 - New best validation accuracy: 91.73 at epoch 6
2026-09-15 09:21:39.776 | INFO     | train:train_epoch:47 - Epoch 7, Step 0, Loss: 0.267094, Accuracy: 90.62%
2026-09-15 09:21:40.122 | INFO     | train:test_epoch:90 - Epoch 7, Val Loss: 0.285936, Val Accuracy: 92.48%
2026-09-15 09:21:40.123 | INFO     | train:linear_probe:190 - New best validation accuracy: 92.48 at epoch 7
2026-09-15 09:21:40.260 | INFO     | train:train_epoch:47 - Epoch 8, Step 0, Loss: 0.269816, Accuracy: 90.62%
2026-09-15 09:21:40.620 | INFO     | train:test_epoch:90 - Epoch 8, Val Loss: 0.275532, Val Accuracy: 92.48%
2026-09-15 09:21:40.762 | INFO     | train:train_epoch:47 - Epoch 9, Step 0, Loss: 0.182857, Accuracy: 96.88%
2026-09-15 09:21:41.100 | INFO     | train:test_epoch:90 - Epoch 9, Val Loss: 0.257872, Val Accuracy: 92.48%
2026-09-15 09:21:41.245 | INFO     | train:train_epoch:47 - Epoch 10, Step 0, Loss: 0.267186, Accuracy: 93.75%
2026-09-15 09:21:41.612 | INFO     | train:test_epoch:90 - Epoch 10, Val Loss: 0.247385, Val Accuracy: 94.74%
2026-09-15 09:21:41.613 | INFO     | train:linear_probe:190 - New best validation accuracy: 94.74 at epoch 10
2026-09-15 09:21:41.745 | INFO     | train:train_epoch:47 - Epoch 11, Step 0, Loss: 0.241149, Accuracy: 90.62%
2026-09-15 09:21:42.098 | INFO     | train:test_epoch:90 - Epoch 11, Val Loss: 0.245828, Val Accuracy: 92.48%
2026-09-15 09:21:42.241 | INFO     | train:train_epoch:47 - Epoch 12, Step 0, Loss: 0.182817, Accuracy: 96.88%
2026-09-15 09:21:42.605 | INFO     | train:test_epoch:90 - Epoch 12, Val Loss: 0.243992, Val Accuracy: 93.23%
2026-09-15 09:21:42.744 | INFO     | train:train_epoch:47 - Epoch 13, Step 0, Loss: 0.224747, Accuracy: 90.62%
2026-09-15 09:21:43.100 | INFO     | train:test_epoch:90 - Epoch 13, Val Loss: 0.242473, Val Accuracy: 93.23%
2026-09-15 09:21:43.231 | INFO     | train:train_epoch:47 - Epoch 14, Step 0, Loss: 0.266443, Accuracy: 90.62%
2026-09-15 09:21:43.585 | INFO     | train:test_epoch:90 - Epoch 14, Val Loss: 0.241449, Val Accuracy: 93.23%
2026-09-15 09:21:43.727 | INFO     | train:train_epoch:47 - Epoch 15, Step 0, Loss: 0.155516, Accuracy: 96.88%
2026-09-15 09:21:44.070 | INFO     | train:test_epoch:90 - Epoch 15, Val Loss: 0.241571, Val Accuracy: 93.23%
2026-09-15 09:21:44.215 | INFO     | train:train_epoch:47 - Epoch 16, Step 0, Loss: 0.179231, Accuracy: 100.00%
2026-09-15 09:21:44.583 | INFO     | train:test_epoch:90 - Epoch 16, Val Loss: 0.239500, Val Accuracy: 93.23%
2026-09-15 09:21:44.819 | INFO     | train:train_epoch:47 - Epoch 17, Step 0, Loss: 0.194975, Accuracy: 93.75%
2026-09-15 09:21:45.399 | INFO     | train:test_epoch:90 - Epoch 17, Val Loss: 0.239526, Val Accuracy: 93.23%
2026-09-15 09:21:45.619 | INFO     | train:train_epoch:47 - Epoch 18, Step 0, Loss: 0.324511, Accuracy: 84.38%
2026-09-15 09:21:46.215 | INFO     | train:test_epoch:90 - Epoch 18, Val Loss: 0.238460, Val Accuracy: 93.98%
2026-09-15 09:21:46.461 | INFO     | train:train_epoch:47 - Epoch 19, Step 0, Loss: 0.170641, Accuracy: 96.88%
2026-09-15 09:21:47.011 | INFO     | train:test_epoch:90 - Epoch 19, Val Loss: 0.236923, Val Accuracy: 93.23%
2026-09-15 09:21:47.240 | INFO     | train:train_epoch:47 - Epoch 20, Step 0, Loss: 0.227661, Accuracy: 90.62%
2026-09-15 09:21:47.804 | INFO     | train:test_epoch:90 - Epoch 20, Val Loss: 0.236085, Val Accuracy: 93.98%
2026-09-15 09:21:47.805 | INFO     | __main__:main:134 - Best validation accuracy for beta 0.85: 94.74%
2026-09-15 09:21:47.805 | INFO     | __main__:main:123 - Testing CT with beta: 0.86
2026-09-15 09:21:47.829 | INFO     | __main__:main:129 - Number of trainable parameters: 1539
2026-09-15 09:21:47.829 | INFO     | __main__:main:130 - Starting transfer learning...
2026-09-15 09:21:55.074 | INFO     | train:train_epoch:47 - Epoch 1, Step 0, Loss: 1.216578, Accuracy: 21.88%
2026-09-15 09:21:55.430 | INFO     | train:test_epoch:90 - Epoch 1, Val Loss: 0.780466, Val Accuracy: 72.18%
2026-09-15 09:21:55.431 | INFO     | train:linear_probe:190 - New best validation accuracy: 72.18 at epoch 1
2026-09-15 09:21:55.568 | INFO     | train:train_epoch:47 - Epoch 2, Step 0, Loss: 0.701772, Accuracy: 87.50%
2026-09-15 09:21:55.923 | INFO     | train:test_epoch:90 - Epoch 2, Val Loss: 0.513099, Val Accuracy: 84.21%
2026-09-15 09:21:55.924 | INFO     | train:linear_probe:190 - New best validation accuracy: 84.21 at epoch 2
2026-09-15 09:21:56.069 | INFO     | train:train_epoch:47 - Epoch 3, Step 0, Loss: 0.487337, Accuracy: 78.12%
2026-09-15 09:21:56.430 | INFO     | train:test_epoch:90 - Epoch 3, Val Loss: 0.415870, Val Accuracy: 87.22%
2026-09-15 09:21:56.431 | INFO     | train:linear_probe:190 - New best validation accuracy: 87.22 at epoch 3
2026-09-15 09:21:56.567 | INFO     | train:train_epoch:47 - Epoch 4, Step 0, Loss: 0.507037, Accuracy: 78.12%
2026-09-15 09:21:56.923 | INFO     | train:test_epoch:90 - Epoch 4, Val Loss: 0.367994, Val Accuracy: 90.23%
2026-09-15 09:21:56.924 | INFO     | train:linear_probe:190 - New best validation accuracy: 90.23 at epoch 4
2026-09-15 09:21:57.059 | INFO     | train:train_epoch:47 - Epoch 5, Step 0, Loss: 0.480010, Accuracy: 84.38%
2026-09-15 09:21:57.417 | INFO     | train:test_epoch:90 - Epoch 5, Val Loss: 0.333664, Val Accuracy: 90.98%
2026-09-15 09:21:57.418 | INFO     | train:linear_probe:190 - New best validation accuracy: 90.98 at epoch 5
2026-09-15 09:21:57.551 | INFO     | train:train_epoch:47 - Epoch 6, Step 0, Loss: 0.363013, Accuracy: 90.62%
2026-09-15 09:21:57.925 | INFO     | train:test_epoch:90 - Epoch 6, Val Loss: 0.306793, Val Accuracy: 91.73%
2026-09-15 09:21:57.927 | INFO     | train:linear_probe:190 - New best validation accuracy: 91.73 at epoch 6
2026-09-15 09:21:58.152 | INFO     | train:train_epoch:47 - Epoch 7, Step 0, Loss: 0.283341, Accuracy: 93.75%
2026-09-15 09:21:58.725 | INFO     | train:test_epoch:90 - Epoch 7, Val Loss: 0.287196, Val Accuracy: 92.48%
2026-09-15 09:21:58.726 | INFO     | train:linear_probe:190 - New best validation accuracy: 92.48 at epoch 7
2026-09-15 09:21:58.946 | INFO     | train:train_epoch:47 - Epoch 8, Step 0, Loss: 0.319541, Accuracy: 90.62%
2026-09-15 09:21:59.482 | INFO     | train:test_epoch:90 - Epoch 8, Val Loss: 0.293117, Val Accuracy: 90.23%
2026-09-15 09:21:59.710 | INFO     | train:train_epoch:47 - Epoch 9, Step 0, Loss: 0.206802, Accuracy: 96.88%
2026-09-15 09:22:00.304 | INFO     | train:test_epoch:90 - Epoch 9, Val Loss: 0.259832, Val Accuracy: 92.48%
2026-09-15 09:22:00.573 | INFO     | train:train_epoch:47 - Epoch 10, Step 0, Loss: 0.249431, Accuracy: 90.62%
2026-09-15 09:22:01.138 | INFO     | train:test_epoch:90 - Epoch 10, Val Loss: 0.261553, Val Accuracy: 93.23%
2026-09-15 09:22:01.139 | INFO     | train:linear_probe:190 - New best validation accuracy: 93.23 at epoch 10
2026-09-15 09:22:01.283 | INFO     | train:train_epoch:47 - Epoch 11, Step 0, Loss: 0.429144, Accuracy: 87.50%
2026-09-15 09:22:01.721 | INFO     | train:test_epoch:90 - Epoch 11, Val Loss: 0.243163, Val Accuracy: 93.23%
2026-09-15 09:22:01.859 | INFO     | train:train_epoch:47 - Epoch 12, Step 0, Loss: 0.253470, Accuracy: 87.50%
2026-09-15 09:22:02.210 | INFO     | train:test_epoch:90 - Epoch 12, Val Loss: 0.241448, Val Accuracy: 93.98%
2026-09-15 09:22:02.211 | INFO     | train:linear_probe:190 - New best validation accuracy: 93.98 at epoch 12
2026-09-15 09:22:02.344 | INFO     | train:train_epoch:47 - Epoch 13, Step 0, Loss: 0.355910, Accuracy: 87.50%
2026-09-15 09:22:02.705 | INFO     | train:test_epoch:90 - Epoch 13, Val Loss: 0.240256, Val Accuracy: 93.98%
2026-09-15 09:22:02.836 | INFO     | train:train_epoch:47 - Epoch 14, Step 0, Loss: 0.204654, Accuracy: 93.75%
2026-09-15 09:22:03.184 | INFO     | train:test_epoch:90 - Epoch 14, Val Loss: 0.239433, Val Accuracy: 93.23%
2026-09-15 09:22:03.321 | INFO     | train:train_epoch:47 - Epoch 15, Step 0, Loss: 0.155477, Accuracy: 96.88%
2026-09-15 09:22:03.675 | INFO     | train:test_epoch:90 - Epoch 15, Val Loss: 0.238779, Val Accuracy: 93.98%
2026-09-15 09:22:03.814 | INFO     | train:train_epoch:47 - Epoch 16, Step 0, Loss: 0.262740, Accuracy: 87.50%
2026-09-15 09:22:04.172 | INFO     | train:test_epoch:90 - Epoch 16, Val Loss: 0.237616, Val Accuracy: 93.23%
2026-09-15 09:22:04.311 | INFO     | train:train_epoch:47 - Epoch 17, Step 0, Loss: 0.185912, Accuracy: 93.75%
2026-09-15 09:22:04.676 | INFO     | train:test_epoch:90 - Epoch 17, Val Loss: 0.238111, Val Accuracy: 93.98%
2026-09-15 09:22:04.836 | INFO     | train:train_epoch:47 - Epoch 18, Step 0, Loss: 0.250690, Accuracy: 87.50%
2026-09-15 09:22:05.185 | INFO     | train:test_epoch:90 - Epoch 18, Val Loss: 0.236002, Val Accuracy: 93.98%
2026-09-15 09:22:05.325 | INFO     | train:train_epoch:47 - Epoch 19, Step 0, Loss: 0.206477, Accuracy: 93.75%
2026-09-15 09:22:05.677 | INFO     | train:test_epoch:90 - Epoch 19, Val Loss: 0.235934, Val Accuracy: 93.98%
2026-09-15 09:22:05.825 | INFO     | train:train_epoch:47 - Epoch 20, Step 0, Loss: 0.155150, Accuracy: 100.00%
2026-09-15 09:22:06.186 | INFO     | train:test_epoch:90 - Epoch 20, Val Loss: 0.234376, Val Accuracy: 93.98%
2026-09-15 09:22:06.187 | INFO     | __main__:main:134 - Best validation accuracy for beta 0.86: 93.98%
2026-09-15 09:22:06.187 | INFO     | __main__:main:123 - Testing CT with beta: 0.87
2026-09-15 09:22:06.204 | INFO     | __main__:main:129 - Number of trainable parameters: 1539
2026-09-15 09:22:06.204 | INFO     | __main__:main:130 - Starting transfer learning...
2026-09-15 09:22:14.529 | INFO     | train:train_epoch:47 - Epoch 1, Step 0, Loss: 1.199240, Accuracy: 28.12%
2026-09-15 09:22:14.871 | INFO     | train:test_epoch:90 - Epoch 1, Val Loss: 0.783942, Val Accuracy: 70.68%
2026-09-15 09:22:14.872 | INFO     | train:linear_probe:190 - New best validation accuracy: 70.68 at epoch 1
2026-09-15 09:22:15.013 | INFO     | train:train_epoch:47 - Epoch 2, Step 0, Loss: 0.720398, Accuracy: 75.00%
2026-09-15 09:22:15.393 | INFO     | train:test_epoch:90 - Epoch 2, Val Loss: 0.525450, Val Accuracy: 81.95%
2026-09-15 09:22:15.395 | INFO     | train:linear_probe:190 - New best validation accuracy: 81.95 at epoch 2
2026-09-15 09:22:15.536 | INFO     | train:train_epoch:47 - Epoch 3, Step 0, Loss: 0.658744, Accuracy: 71.88%
2026-09-15 09:22:15.877 | INFO     | train:test_epoch:90 - Epoch 3, Val Loss: 0.435391, Val Accuracy: 84.96%
2026-09-15 09:22:15.878 | INFO     | train:linear_probe:190 - New best validation accuracy: 84.96 at epoch 3
2026-09-15 09:22:16.008 | INFO     | train:train_epoch:47 - Epoch 4, Step 0, Loss: 0.431999, Accuracy: 87.50%
2026-09-15 09:22:16.363 | INFO     | train:test_epoch:90 - Epoch 4, Val Loss: 0.388090, Val Accuracy: 87.97%
2026-09-15 09:22:16.364 | INFO     | train:linear_probe:190 - New best validation accuracy: 87.97 at epoch 4
2026-09-15 09:22:16.525 | INFO     | train:train_epoch:47 - Epoch 5, Step 0, Loss: 0.396358, Accuracy: 90.62%
2026-09-15 09:22:16.871 | INFO     | train:test_epoch:90 - Epoch 5, Val Loss: 0.359949, Val Accuracy: 87.97%
2026-09-15 09:22:17.002 | INFO     | train:train_epoch:47 - Epoch 6, Step 0, Loss: 0.373399, Accuracy: 90.62%
2026-09-15 09:22:17.362 | INFO     | train:test_epoch:90 - Epoch 6, Val Loss: 0.319547, Val Accuracy: 90.23%
2026-09-15 09:22:17.363 | INFO     | train:linear_probe:190 - New best validation accuracy: 90.23 at epoch 6
2026-09-15 09:22:17.533 | INFO     | train:train_epoch:47 - Epoch 7, Step 0, Loss: 0.280937, Accuracy: 93.75%
2026-09-15 09:22:17.878 | INFO     | train:test_epoch:90 - Epoch 7, Val Loss: 0.302932, Val Accuracy: 91.73%
2026-09-15 09:22:17.879 | INFO     | train:linear_probe:190 - New best validation accuracy: 91.73 at epoch 7
2026-09-15 09:22:18.015 | INFO     | train:train_epoch:47 - Epoch 8, Step 0, Loss: 0.281343, Accuracy: 90.62%
2026-09-15 09:22:18.374 | INFO     | train:test_epoch:90 - Epoch 8, Val Loss: 0.295644, Val Accuracy: 89.47%
2026-09-15 09:22:18.513 | INFO     | train:train_epoch:47 - Epoch 9, Step 0, Loss: 0.227646, Accuracy: 96.88%
2026-09-15 09:22:18.898 | INFO     | train:test_epoch:90 - Epoch 9, Val Loss: 0.281511, Val Accuracy: 92.48%
2026-09-15 09:22:18.899 | INFO     | train:linear_probe:190 - New best validation accuracy: 92.48 at epoch 9
2026-09-15 09:22:19.032 | INFO     | train:train_epoch:47 - Epoch 10, Step 0, Loss: 0.111831, Accuracy: 100.00%
2026-09-15 09:22:19.373 | INFO     | train:test_epoch:90 - Epoch 10, Val Loss: 0.260079, Val Accuracy: 92.48%
2026-09-15 09:22:19.511 | INFO     | train:train_epoch:47 - Epoch 11, Step 0, Loss: 0.336357, Accuracy: 87.50%
2026-09-15 09:22:19.862 | INFO     | train:test_epoch:90 - Epoch 11, Val Loss: 0.261494, Val Accuracy: 91.73%
2026-09-15 09:22:19.990 | INFO     | train:train_epoch:47 - Epoch 12, Step 0, Loss: 0.301214, Accuracy: 93.75%
2026-09-15 09:22:20.335 | INFO     | train:test_epoch:90 - Epoch 12, Val Loss: 0.258955, Val Accuracy: 92.48%
2026-09-15 09:22:20.466 | INFO     | train:train_epoch:47 - Epoch 13, Step 0, Loss: 0.370426, Accuracy: 87.50%
2026-09-15 09:22:20.832 | INFO     | train:test_epoch:90 - Epoch 13, Val Loss: 0.258212, Val Accuracy: 91.73%
2026-09-15 09:22:20.967 | INFO     | train:train_epoch:47 - Epoch 14, Step 0, Loss: 0.228744, Accuracy: 93.75%
2026-09-15 09:22:21.315 | INFO     | train:test_epoch:90 - Epoch 14, Val Loss: 0.257683, Val Accuracy: 91.73%
2026-09-15 09:22:21.453 | INFO     | train:train_epoch:47 - Epoch 15, Step 0, Loss: 0.164971, Accuracy: 100.00%
2026-09-15 09:22:21.814 | INFO     | train:test_epoch:90 - Epoch 15, Val Loss: 0.257707, Val Accuracy: 91.73%
2026-09-15 09:22:21.944 | INFO     | train:train_epoch:47 - Epoch 16, Step 0, Loss: 0.246191, Accuracy: 90.62%
2026-09-15 09:22:22.293 | INFO     | train:test_epoch:90 - Epoch 16, Val Loss: 0.255159, Val Accuracy: 92.48%
2026-09-15 09:22:22.423 | INFO     | train:train_epoch:47 - Epoch 17, Step 0, Loss: 0.274906, Accuracy: 90.62%
2026-09-15 09:22:22.800 | INFO     | train:test_epoch:90 - Epoch 17, Val Loss: 0.254386, Val Accuracy: 91.73%
2026-09-15 09:22:22.927 | INFO     | train:train_epoch:47 - Epoch 18, Step 0, Loss: 0.208661, Accuracy: 100.00%
2026-09-15 09:22:23.276 | INFO     | train:test_epoch:90 - Epoch 18, Val Loss: 0.253000, Val Accuracy: 91.73%
2026-09-15 09:22:23.407 | INFO     | train:train_epoch:47 - Epoch 19, Step 0, Loss: 0.276903, Accuracy: 96.88%
2026-09-15 09:22:23.749 | INFO     | train:test_epoch:90 - Epoch 19, Val Loss: 0.253955, Val Accuracy: 91.73%
2026-09-15 09:22:23.894 | INFO     | train:train_epoch:47 - Epoch 20, Step 0, Loss: 0.209431, Accuracy: 96.88%
2026-09-15 09:22:24.268 | INFO     | train:test_epoch:90 - Epoch 20, Val Loss: 0.251302, Val Accuracy: 92.48%
2026-09-15 09:22:24.269 | INFO     | __main__:main:134 - Best validation accuracy for beta 0.87: 92.48%
2026-09-15 09:22:24.269 | INFO     | __main__:main:123 - Testing CT with beta: 0.88
2026-09-15 09:22:24.285 | INFO     | __main__:main:129 - Number of trainable parameters: 1539
2026-09-15 09:22:24.285 | INFO     | __main__:main:130 - Starting transfer learning...
2026-09-15 09:22:33.207 | INFO     | train:train_epoch:47 - Epoch 1, Step 0, Loss: 1.411329, Accuracy: 28.12%
2026-09-15 09:22:33.557 | INFO     | train:test_epoch:90 - Epoch 1, Val Loss: 0.842519, Val Accuracy: 59.40%
2026-09-15 09:22:33.557 | INFO     | train:linear_probe:190 - New best validation accuracy: 59.40 at epoch 1
2026-09-15 09:22:33.697 | INFO     | train:train_epoch:47 - Epoch 2, Step 0, Loss: 0.763925, Accuracy: 68.75%
2026-09-15 09:22:34.041 | INFO     | train:test_epoch:90 - Epoch 2, Val Loss: 0.548068, Val Accuracy: 78.20%
2026-09-15 09:22:34.042 | INFO     | train:linear_probe:190 - New best validation accuracy: 78.20 at epoch 2
2026-09-15 09:22:34.180 | INFO     | train:train_epoch:47 - Epoch 3, Step 0, Loss: 0.657523, Accuracy: 75.00%
2026-09-15 09:22:34.534 | INFO     | train:test_epoch:90 - Epoch 3, Val Loss: 0.455641, Val Accuracy: 82.71%
2026-09-15 09:22:34.534 | INFO     | train:linear_probe:190 - New best validation accuracy: 82.71 at epoch 3
2026-09-15 09:22:34.679 | INFO     | train:train_epoch:47 - Epoch 4, Step 0, Loss: 0.392663, Accuracy: 90.62%
2026-09-15 09:22:35.024 | INFO     | train:test_epoch:90 - Epoch 4, Val Loss: 0.399437, Val Accuracy: 86.47%
2026-09-15 09:22:35.025 | INFO     | train:linear_probe:190 - New best validation accuracy: 86.47 at epoch 4
2026-09-15 09:22:35.161 | INFO     | train:train_epoch:47 - Epoch 5, Step 0, Loss: 0.255397, Accuracy: 96.88%
2026-09-15 09:22:35.512 | INFO     | train:test_epoch:90 - Epoch 5, Val Loss: 0.361684, Val Accuracy: 89.47%
2026-09-15 09:22:35.513 | INFO     | train:linear_probe:190 - New best validation accuracy: 89.47 at epoch 5
2026-09-15 09:22:35.658 | INFO     | train:train_epoch:47 - Epoch 6, Step 0, Loss: 0.335598, Accuracy: 93.75%
2026-09-15 09:22:36.016 | INFO     | train:test_epoch:90 - Epoch 6, Val Loss: 0.333572, Val Accuracy: 89.47%
2026-09-15 09:22:36.176 | INFO     | train:train_epoch:47 - Epoch 7, Step 0, Loss: 0.356385, Accuracy: 87.50%
2026-09-15 09:22:36.548 | INFO     | train:test_epoch:90 - Epoch 7, Val Loss: 0.312888, Val Accuracy: 90.23%
2026-09-15 09:22:36.549 | INFO     | train:linear_probe:190 - New best validation accuracy: 90.23 at epoch 7
2026-09-15 09:22:36.692 | INFO     | train:train_epoch:47 - Epoch 8, Step 0, Loss: 0.203977, Accuracy: 96.88%
2026-09-15 09:22:37.066 | INFO     | train:test_epoch:90 - Epoch 8, Val Loss: 0.300053, Val Accuracy: 90.98%
2026-09-15 09:22:37.067 | INFO     | train:linear_probe:190 - New best validation accuracy: 90.98 at epoch 8
2026-09-15 09:22:37.217 | INFO     | train:train_epoch:47 - Epoch 9, Step 0, Loss: 0.324936, Accuracy: 84.38%
2026-09-15 09:22:37.590 | INFO     | train:test_epoch:90 - Epoch 9, Val Loss: 0.284520, Val Accuracy: 93.23%
2026-09-15 09:22:37.591 | INFO     | train:linear_probe:190 - New best validation accuracy: 93.23 at epoch 9
2026-09-15 09:22:37.732 | INFO     | train:train_epoch:47 - Epoch 10, Step 0, Loss: 0.453480, Accuracy: 81.25%
2026-09-15 09:22:38.075 | INFO     | train:test_epoch:90 - Epoch 10, Val Loss: 0.279854, Val Accuracy: 90.98%
2026-09-15 09:22:38.209 | INFO     | train:train_epoch:47 - Epoch 11, Step 0, Loss: 0.209263, Accuracy: 96.88%
2026-09-15 09:22:38.795 | INFO     | train:test_epoch:90 - Epoch 11, Val Loss: 0.274741, Val Accuracy: 90.98%
2026-09-15 09:22:39.018 | INFO     | train:train_epoch:47 - Epoch 12, Step 0, Loss: 0.298609, Accuracy: 90.62%
2026-09-15 09:22:39.572 | INFO     | train:test_epoch:90 - Epoch 12, Val Loss: 0.272078, Val Accuracy: 90.98%
2026-09-15 09:22:39.796 | INFO     | train:train_epoch:47 - Epoch 13, Step 0, Loss: 0.129673, Accuracy: 100.00%
2026-09-15 09:22:40.320 | INFO     | train:test_epoch:90 - Epoch 13, Val Loss: 0.272166, Val Accuracy: 90.98%
2026-09-15 09:22:40.521 | INFO     | train:train_epoch:47 - Epoch 14, Step 0, Loss: 0.293588, Accuracy: 90.62%
2026-09-15 09:22:41.112 | INFO     | train:test_epoch:90 - Epoch 14, Val Loss: 0.270192, Val Accuracy: 90.98%
2026-09-15 09:22:41.340 | INFO     | train:train_epoch:47 - Epoch 15, Step 0, Loss: 0.128306, Accuracy: 100.00%
2026-09-15 09:22:41.762 | INFO     | train:test_epoch:90 - Epoch 15, Val Loss: 0.270044, Val Accuracy: 90.98%
2026-09-15 09:22:41.921 | INFO     | train:train_epoch:47 - Epoch 16, Step 0, Loss: 0.157409, Accuracy: 96.88%
2026-09-15 09:22:42.285 | INFO     | train:test_epoch:90 - Epoch 16, Val Loss: 0.268942, Val Accuracy: 90.98%
2026-09-15 09:22:42.424 | INFO     | train:train_epoch:47 - Epoch 17, Step 0, Loss: 0.183083, Accuracy: 96.88%
2026-09-15 09:22:42.771 | INFO     | train:test_epoch:90 - Epoch 17, Val Loss: 0.267466, Val Accuracy: 90.98%
2026-09-15 09:22:42.918 | INFO     | train:train_epoch:47 - Epoch 18, Step 0, Loss: 0.225802, Accuracy: 96.88%
2026-09-15 09:22:43.282 | INFO     | train:test_epoch:90 - Epoch 18, Val Loss: 0.266337, Val Accuracy: 90.98%
2026-09-15 09:22:43.415 | INFO     | train:train_epoch:47 - Epoch 19, Step 0, Loss: 0.292316, Accuracy: 87.50%
2026-09-15 09:22:43.764 | INFO     | train:test_epoch:90 - Epoch 19, Val Loss: 0.264812, Val Accuracy: 90.98%
2026-09-15 09:22:43.897 | INFO     | train:train_epoch:47 - Epoch 20, Step 0, Loss: 0.171943, Accuracy: 96.88%
2026-09-15 09:22:44.252 | INFO     | train:test_epoch:90 - Epoch 20, Val Loss: 0.263978, Val Accuracy: 90.98%
2026-09-15 09:22:44.253 | INFO     | __main__:main:134 - Best validation accuracy for beta 0.88: 93.23%
2026-09-15 09:22:44.253 | INFO     | __main__:main:123 - Testing CT with beta: 0.89
2026-09-15 09:22:44.269 | INFO     | __main__:main:129 - Number of trainable parameters: 1539
2026-09-15 09:22:44.270 | INFO     | __main__:main:130 - Starting transfer learning...
2026-09-15 09:22:51.568 | INFO     | train:train_epoch:47 - Epoch 1, Step 0, Loss: 1.215837, Accuracy: 34.38%
2026-09-15 09:22:52.136 | INFO     | train:test_epoch:90 - Epoch 1, Val Loss: 0.736415, Val Accuracy: 72.18%
2026-09-15 09:22:52.138 | INFO     | train:linear_probe:190 - New best validation accuracy: 72.18 at epoch 1
2026-09-15 09:22:52.374 | INFO     | train:train_epoch:47 - Epoch 2, Step 0, Loss: 0.698439, Accuracy: 71.88%
2026-09-15 09:22:52.922 | INFO     | train:test_epoch:90 - Epoch 2, Val Loss: 0.522306, Val Accuracy: 82.71%
2026-09-15 09:22:52.923 | INFO     | train:linear_probe:190 - New best validation accuracy: 82.71 at epoch 2
2026-09-15 09:22:53.145 | INFO     | train:train_epoch:47 - Epoch 3, Step 0, Loss: 0.511679, Accuracy: 81.25%
2026-09-15 09:22:53.701 | INFO     | train:test_epoch:90 - Epoch 3, Val Loss: 0.431562, Val Accuracy: 87.97%
2026-09-15 09:22:53.702 | INFO     | train:linear_probe:190 - New best validation accuracy: 87.97 at epoch 3
2026-09-15 09:22:53.918 | INFO     | train:train_epoch:47 - Epoch 4, Step 0, Loss: 0.297820, Accuracy: 100.00%
2026-09-15 09:22:54.605 | INFO     | train:test_epoch:90 - Epoch 4, Val Loss: 0.406689, Val Accuracy: 84.96%
2026-09-15 09:22:54.832 | INFO     | train:train_epoch:47 - Epoch 5, Step 0, Loss: 0.499467, Accuracy: 81.25%
2026-09-15 09:22:55.353 | INFO     | train:test_epoch:90 - Epoch 5, Val Loss: 0.353593, Val Accuracy: 88.72%
2026-09-15 09:22:55.354 | INFO     | train:linear_probe:190 - New best validation accuracy: 88.72 at epoch 5
2026-09-15 09:22:55.494 | INFO     | train:train_epoch:47 - Epoch 6, Step 0, Loss: 0.254916, Accuracy: 96.88%
2026-09-15 09:22:55.866 | INFO     | train:test_epoch:90 - Epoch 6, Val Loss: 0.324615, Val Accuracy: 90.98%
2026-09-15 09:22:55.867 | INFO     | train:linear_probe:190 - New best validation accuracy: 90.98 at epoch 6
2026-09-15 09:22:55.994 | INFO     | train:train_epoch:47 - Epoch 7, Step 0, Loss: 0.143988, Accuracy: 96.88%
2026-09-15 09:22:56.335 | INFO     | train:test_epoch:90 - Epoch 7, Val Loss: 0.309606, Val Accuracy: 89.47%
2026-09-15 09:22:56.477 | INFO     | train:train_epoch:47 - Epoch 8, Step 0, Loss: 0.169129, Accuracy: 100.00%
2026-09-15 09:22:56.851 | INFO     | train:test_epoch:90 - Epoch 8, Val Loss: 0.286018, Val Accuracy: 90.98%
2026-09-15 09:22:56.985 | INFO     | train:train_epoch:47 - Epoch 9, Step 0, Loss: 0.154393, Accuracy: 96.88%
2026-09-15 09:22:57.348 | INFO     | train:test_epoch:90 - Epoch 9, Val Loss: 0.274821, Val Accuracy: 90.98%
2026-09-15 09:22:57.489 | INFO     | train:train_epoch:47 - Epoch 10, Step 0, Loss: 0.203254, Accuracy: 93.75%
2026-09-15 09:22:57.840 | INFO     | train:test_epoch:90 - Epoch 10, Val Loss: 0.275274, Val Accuracy: 89.47%
2026-09-15 09:22:57.976 | INFO     | train:train_epoch:47 - Epoch 11, Step 0, Loss: 0.178589, Accuracy: 93.75%
2026-09-15 09:22:58.321 | INFO     | train:test_epoch:90 - Epoch 11, Val Loss: 0.260028, Val Accuracy: 90.98%
2026-09-15 09:22:58.459 | INFO     | train:train_epoch:47 - Epoch 12, Step 0, Loss: 0.204487, Accuracy: 96.88%
2026-09-15 09:22:58.830 | INFO     | train:test_epoch:90 - Epoch 12, Val Loss: 0.260513, Val Accuracy: 91.73%
2026-09-15 09:22:58.832 | INFO     | train:linear_probe:190 - New best validation accuracy: 91.73 at epoch 12
2026-09-15 09:22:58.964 | INFO     | train:train_epoch:47 - Epoch 13, Step 0, Loss: 0.241044, Accuracy: 90.62%
2026-09-15 09:22:59.307 | INFO     | train:test_epoch:90 - Epoch 13, Val Loss: 0.258310, Val Accuracy: 90.98%
2026-09-15 09:22:59.455 | INFO     | train:train_epoch:47 - Epoch 14, Step 0, Loss: 0.181215, Accuracy: 96.88%
2026-09-15 09:22:59.819 | INFO     | train:test_epoch:90 - Epoch 14, Val Loss: 0.257887, Val Accuracy: 90.98%
2026-09-15 09:22:59.962 | INFO     | train:train_epoch:47 - Epoch 15, Step 0, Loss: 0.282143, Accuracy: 90.62%
2026-09-15 09:23:00.307 | INFO     | train:test_epoch:90 - Epoch 15, Val Loss: 0.256454, Val Accuracy: 90.98%
2026-09-15 09:23:00.457 | INFO     | train:train_epoch:47 - Epoch 16, Step 0, Loss: 0.172687, Accuracy: 96.88%
2026-09-15 09:23:00.803 | INFO     | train:test_epoch:90 - Epoch 16, Val Loss: 0.255816, Val Accuracy: 90.98%
2026-09-15 09:23:00.972 | INFO     | train:train_epoch:47 - Epoch 17, Step 0, Loss: 0.265154, Accuracy: 93.75%
2026-09-15 09:23:01.308 | INFO     | train:test_epoch:90 - Epoch 17, Val Loss: 0.254654, Val Accuracy: 91.73%
2026-09-15 09:23:01.457 | INFO     | train:train_epoch:47 - Epoch 18, Step 0, Loss: 0.236222, Accuracy: 90.62%
2026-09-15 09:23:01.792 | INFO     | train:test_epoch:90 - Epoch 18, Val Loss: 0.253653, Val Accuracy: 90.98%
2026-09-15 09:23:01.921 | INFO     | train:train_epoch:47 - Epoch 19, Step 0, Loss: 0.208869, Accuracy: 90.62%
2026-09-15 09:23:02.279 | INFO     | train:test_epoch:90 - Epoch 19, Val Loss: 0.251592, Val Accuracy: 91.73%
2026-09-15 09:23:02.503 | INFO     | train:train_epoch:47 - Epoch 20, Step 0, Loss: 0.267939, Accuracy: 90.62%
2026-09-15 09:23:02.877 | INFO     | train:test_epoch:90 - Epoch 20, Val Loss: 0.252459, Val Accuracy: 92.48%
2026-09-15 09:23:02.878 | INFO     | train:linear_probe:190 - New best validation accuracy: 92.48 at epoch 20
2026-09-15 09:23:02.879 | INFO     | __main__:main:134 - Best validation accuracy for beta 0.89: 92.48%
2026-09-15 09:23:02.879 | INFO     | __main__:main:123 - Testing CT with beta: 0.90
2026-09-15 09:23:02.900 | INFO     | __main__:main:129 - Number of trainable parameters: 1539
2026-09-15 09:23:02.900 | INFO     | __main__:main:130 - Starting transfer learning...
2026-09-15 09:23:11.765 | INFO     | train:train_epoch:47 - Epoch 1, Step 0, Loss: 1.322160, Accuracy: 28.12%
2026-09-15 09:23:12.114 | INFO     | train:test_epoch:90 - Epoch 1, Val Loss: 0.766497, Val Accuracy: 75.94%
2026-09-15 09:23:12.115 | INFO     | train:linear_probe:190 - New best validation accuracy: 75.94 at epoch 1
2026-09-15 09:23:12.248 | INFO     | train:train_epoch:47 - Epoch 2, Step 0, Loss: 0.713221, Accuracy: 75.00%
2026-09-15 09:23:12.612 | INFO     | train:test_epoch:90 - Epoch 2, Val Loss: 0.519359, Val Accuracy: 84.21%
2026-09-15 09:23:12.613 | INFO     | train:linear_probe:190 - New best validation accuracy: 84.21 at epoch 2
2026-09-15 09:23:12.757 | INFO     | train:train_epoch:47 - Epoch 3, Step 0, Loss: 0.457799, Accuracy: 93.75%
2026-09-15 09:23:13.106 | INFO     | train:test_epoch:90 - Epoch 3, Val Loss: 0.427073, Val Accuracy: 87.22%
2026-09-15 09:23:13.107 | INFO     | train:linear_probe:190 - New best validation accuracy: 87.22 at epoch 3
2026-09-15 09:23:13.239 | INFO     | train:train_epoch:47 - Epoch 4, Step 0, Loss: 0.329129, Accuracy: 93.75%
2026-09-15 09:23:13.588 | INFO     | train:test_epoch:90 - Epoch 4, Val Loss: 0.379605, Val Accuracy: 86.47%
2026-09-15 09:23:13.733 | INFO     | train:train_epoch:47 - Epoch 5, Step 0, Loss: 0.303454, Accuracy: 90.62%
2026-09-15 09:23:14.075 | INFO     | train:test_epoch:90 - Epoch 5, Val Loss: 0.345742, Val Accuracy: 87.97%
2026-09-15 09:23:14.076 | INFO     | train:linear_probe:190 - New best validation accuracy: 87.97 at epoch 5
2026-09-15 09:23:14.209 | INFO     | train:train_epoch:47 - Epoch 6, Step 0, Loss: 0.434763, Accuracy: 81.25%
2026-09-15 09:23:14.544 | INFO     | train:test_epoch:90 - Epoch 6, Val Loss: 0.333321, Val Accuracy: 88.72%
2026-09-15 09:23:14.545 | INFO     | train:linear_probe:190 - New best validation accuracy: 88.72 at epoch 6
2026-09-15 09:23:14.709 | INFO     | train:train_epoch:47 - Epoch 7, Step 0, Loss: 0.297766, Accuracy: 90.62%
2026-09-15 09:23:15.045 | INFO     | train:test_epoch:90 - Epoch 7, Val Loss: 0.294665, Val Accuracy: 91.73%
2026-09-15 09:23:15.046 | INFO     | train:linear_probe:190 - New best validation accuracy: 91.73 at epoch 7
2026-09-15 09:23:15.179 | INFO     | train:train_epoch:47 - Epoch 8, Step 0, Loss: 0.313065, Accuracy: 84.38%
2026-09-15 09:23:15.522 | INFO     | train:test_epoch:90 - Epoch 8, Val Loss: 0.285771, Val Accuracy: 90.98%
2026-09-15 09:23:15.648 | INFO     | train:train_epoch:47 - Epoch 9, Step 0, Loss: 0.226097, Accuracy: 93.75%
2026-09-15 09:23:16.000 | INFO     | train:test_epoch:90 - Epoch 9, Val Loss: 0.266305, Val Accuracy: 93.23%
2026-09-15 09:23:16.001 | INFO     | train:linear_probe:190 - New best validation accuracy: 93.23 at epoch 9
2026-09-15 09:23:16.140 | INFO     | train:train_epoch:47 - Epoch 10, Step 0, Loss: 0.252414, Accuracy: 93.75%
2026-09-15 09:23:16.485 | INFO     | train:test_epoch:90 - Epoch 10, Val Loss: 0.256990, Val Accuracy: 91.73%
2026-09-15 09:23:16.620 | INFO     | train:train_epoch:47 - Epoch 11, Step 0, Loss: 0.215971, Accuracy: 93.75%
2026-09-15 09:23:16.993 | INFO     | train:test_epoch:90 - Epoch 11, Val Loss: 0.254293, Val Accuracy: 93.98%
2026-09-15 09:23:16.994 | INFO     | train:linear_probe:190 - New best validation accuracy: 93.98 at epoch 11
2026-09-15 09:23:17.149 | INFO     | train:train_epoch:47 - Epoch 12, Step 0, Loss: 0.134637, Accuracy: 96.88%
2026-09-15 09:23:17.503 | INFO     | train:test_epoch:90 - Epoch 12, Val Loss: 0.254231, Val Accuracy: 93.23%
2026-09-15 09:23:17.645 | INFO     | train:train_epoch:47 - Epoch 13, Step 0, Loss: 0.202140, Accuracy: 96.88%
2026-09-15 09:23:18.040 | INFO     | train:test_epoch:90 - Epoch 13, Val Loss: 0.253403, Val Accuracy: 92.48%
2026-09-15 09:23:18.183 | INFO     | train:train_epoch:47 - Epoch 14, Step 0, Loss: 0.239600, Accuracy: 90.62%
2026-09-15 09:23:18.541 | INFO     | train:test_epoch:90 - Epoch 14, Val Loss: 0.253114, Val Accuracy: 92.48%
2026-09-15 09:23:18.679 | INFO     | train:train_epoch:47 - Epoch 15, Step 0, Loss: 0.215499, Accuracy: 96.88%
2026-09-15 09:23:19.046 | INFO     | train:test_epoch:90 - Epoch 15, Val Loss: 0.250903, Val Accuracy: 93.98%
2026-09-15 09:23:19.205 | INFO     | train:train_epoch:47 - Epoch 16, Step 0, Loss: 0.191286, Accuracy: 93.75%
2026-09-15 09:23:19.753 | INFO     | train:test_epoch:90 - Epoch 16, Val Loss: 0.252968, Val Accuracy: 91.73%
2026-09-15 09:23:19.969 | INFO     | train:train_epoch:47 - Epoch 17, Step 0, Loss: 0.224498, Accuracy: 93.75%
2026-09-15 09:23:20.493 | INFO     | train:test_epoch:90 - Epoch 17, Val Loss: 0.250598, Val Accuracy: 92.48%
2026-09-15 09:23:20.694 | INFO     | train:train_epoch:47 - Epoch 18, Step 0, Loss: 0.302185, Accuracy: 90.62%
2026-09-15 09:23:21.207 | INFO     | train:test_epoch:90 - Epoch 18, Val Loss: 0.250447, Val Accuracy: 92.48%
2026-09-15 09:23:21.421 | INFO     | train:train_epoch:47 - Epoch 19, Step 0, Loss: 0.235170, Accuracy: 93.75%
2026-09-15 09:23:21.946 | INFO     | train:test_epoch:90 - Epoch 19, Val Loss: 0.246722, Val Accuracy: 93.98%
2026-09-15 09:23:22.151 | INFO     | train:train_epoch:47 - Epoch 20, Step 0, Loss: 0.186626, Accuracy: 96.88%
2026-09-15 09:23:22.660 | INFO     | train:test_epoch:90 - Epoch 20, Val Loss: 0.247343, Val Accuracy: 93.23%
2026-09-15 09:23:22.661 | INFO     | __main__:main:134 - Best validation accuracy for beta 0.90: 93.98%
2026-09-15 09:23:22.661 | INFO     | __main__:main:123 - Testing CT with beta: 0.91
2026-09-15 09:23:22.681 | INFO     | __main__:main:129 - Number of trainable parameters: 1539
2026-09-15 09:23:22.681 | INFO     | __main__:main:130 - Starting transfer learning...
2026-09-15 09:23:29.976 | INFO     | train:train_epoch:47 - Epoch 1, Step 0, Loss: 1.180518, Accuracy: 37.50%
2026-09-15 09:23:30.344 | INFO     | train:test_epoch:90 - Epoch 1, Val Loss: 0.827186, Val Accuracy: 64.66%
2026-09-15 09:23:30.345 | INFO     | train:linear_probe:190 - New best validation accuracy: 64.66 at epoch 1
2026-09-15 09:23:30.492 | INFO     | train:train_epoch:47 - Epoch 2, Step 0, Loss: 0.865618, Accuracy: 62.50%
2026-09-15 09:23:30.856 | INFO     | train:test_epoch:90 - Epoch 2, Val Loss: 0.550545, Val Accuracy: 81.95%
2026-09-15 09:23:30.857 | INFO     | train:linear_probe:190 - New best validation accuracy: 81.95 at epoch 2
2026-09-15 09:23:30.991 | INFO     | train:train_epoch:47 - Epoch 3, Step 0, Loss: 0.599593, Accuracy: 84.38%
2026-09-15 09:23:31.331 | INFO     | train:test_epoch:90 - Epoch 3, Val Loss: 0.456844, Val Accuracy: 87.22%
2026-09-15 09:23:31.332 | INFO     | train:linear_probe:190 - New best validation accuracy: 87.22 at epoch 3
2026-09-15 09:23:31.466 | INFO     | train:train_epoch:47 - Epoch 4, Step 0, Loss: 0.527283, Accuracy: 81.25%
2026-09-15 09:23:31.821 | INFO     | train:test_epoch:90 - Epoch 4, Val Loss: 0.399036, Val Accuracy: 89.47%
2026-09-15 09:23:31.822 | INFO     | train:linear_probe:190 - New best validation accuracy: 89.47 at epoch 4
2026-09-15 09:23:31.958 | INFO     | train:train_epoch:47 - Epoch 5, Step 0, Loss: 0.420772, Accuracy: 87.50%
2026-09-15 09:23:32.303 | INFO     | train:test_epoch:90 - Epoch 5, Val Loss: 0.366609, Val Accuracy: 90.23%
2026-09-15 09:23:32.304 | INFO     | train:linear_probe:190 - New best validation accuracy: 90.23 at epoch 5
2026-09-15 09:23:32.437 | INFO     | train:train_epoch:47 - Epoch 6, Step 0, Loss: 0.365434, Accuracy: 87.50%
2026-09-15 09:23:32.965 | INFO     | train:test_epoch:90 - Epoch 6, Val Loss: 0.344512, Val Accuracy: 87.22%
2026-09-15 09:23:33.155 | INFO     | train:train_epoch:47 - Epoch 7, Step 0, Loss: 0.261695, Accuracy: 93.75%
2026-09-15 09:23:33.699 | INFO     | train:test_epoch:90 - Epoch 7, Val Loss: 0.322325, Val Accuracy: 89.47%
2026-09-15 09:23:33.922 | INFO     | train:train_epoch:47 - Epoch 8, Step 0, Loss: 0.172447, Accuracy: 96.88%
2026-09-15 09:23:34.462 | INFO     | train:test_epoch:90 - Epoch 8, Val Loss: 0.300591, Val Accuracy: 90.23%
2026-09-15 09:23:34.717 | INFO     | train:train_epoch:47 - Epoch 9, Step 0, Loss: 0.253951, Accuracy: 93.75%
2026-09-15 09:23:35.296 | INFO     | train:test_epoch:90 - Epoch 9, Val Loss: 0.296428, Val Accuracy: 89.47%
2026-09-15 09:23:35.550 | INFO     | train:train_epoch:47 - Epoch 10, Step 0, Loss: 0.310766, Accuracy: 90.62%
2026-09-15 09:23:36.124 | INFO     | train:test_epoch:90 - Epoch 10, Val Loss: 0.280081, Val Accuracy: 91.73%
2026-09-15 09:23:36.125 | INFO     | train:linear_probe:190 - New best validation accuracy: 91.73 at epoch 10
2026-09-15 09:23:36.284 | INFO     | train:train_epoch:47 - Epoch 11, Step 0, Loss: 0.242003, Accuracy: 90.62%
2026-09-15 09:23:36.645 | INFO     | train:test_epoch:90 - Epoch 11, Val Loss: 0.274024, Val Accuracy: 91.73%
2026-09-15 09:23:36.778 | INFO     | train:train_epoch:47 - Epoch 12, Step 0, Loss: 0.312129, Accuracy: 87.50%
2026-09-15 09:23:37.140 | INFO     | train:test_epoch:90 - Epoch 12, Val Loss: 0.272107, Val Accuracy: 92.48%
2026-09-15 09:23:37.141 | INFO     | train:linear_probe:190 - New best validation accuracy: 92.48 at epoch 12
2026-09-15 09:23:37.277 | INFO     | train:train_epoch:47 - Epoch 13, Step 0, Loss: 0.263879, Accuracy: 90.62%
2026-09-15 09:23:37.635 | INFO     | train:test_epoch:90 - Epoch 13, Val Loss: 0.272718, Val Accuracy: 91.73%
2026-09-15 09:23:37.777 | INFO     | train:train_epoch:47 - Epoch 14, Step 0, Loss: 0.171464, Accuracy: 100.00%
2026-09-15 09:23:38.170 | INFO     | train:test_epoch:90 - Epoch 14, Val Loss: 0.271075, Val Accuracy: 91.73%
2026-09-15 09:23:38.332 | INFO     | train:train_epoch:47 - Epoch 15, Step 0, Loss: 0.246784, Accuracy: 90.62%
2026-09-15 09:23:38.709 | INFO     | train:test_epoch:90 - Epoch 15, Val Loss: 0.268447, Val Accuracy: 92.48%
2026-09-15 09:23:38.872 | INFO     | train:train_epoch:47 - Epoch 16, Step 0, Loss: 0.199422, Accuracy: 93.75%
2026-09-15 09:23:39.270 | INFO     | train:test_epoch:90 - Epoch 16, Val Loss: 0.268616, Val Accuracy: 92.48%
2026-09-15 09:23:39.433 | INFO     | train:train_epoch:47 - Epoch 17, Step 0, Loss: 0.179862, Accuracy: 96.88%
2026-09-15 09:23:39.817 | INFO     | train:test_epoch:90 - Epoch 17, Val Loss: 0.266902, Val Accuracy: 92.48%
2026-09-15 09:23:39.977 | INFO     | train:train_epoch:47 - Epoch 18, Step 0, Loss: 0.285626, Accuracy: 93.75%
2026-09-15 09:23:40.375 | INFO     | train:test_epoch:90 - Epoch 18, Val Loss: 0.265444, Val Accuracy: 92.48%
2026-09-15 09:23:40.538 | INFO     | train:train_epoch:47 - Epoch 19, Step 0, Loss: 0.140625, Accuracy: 100.00%
2026-09-15 09:23:40.909 | INFO     | train:test_epoch:90 - Epoch 19, Val Loss: 0.265037, Val Accuracy: 92.48%
2026-09-15 09:23:41.064 | INFO     | train:train_epoch:47 - Epoch 20, Step 0, Loss: 0.222346, Accuracy: 96.88%
2026-09-15 09:23:41.447 | INFO     | train:test_epoch:90 - Epoch 20, Val Loss: 0.263353, Val Accuracy: 92.48%
2026-09-15 09:23:41.448 | INFO     | __main__:main:134 - Best validation accuracy for beta 0.91: 92.48%
2026-09-15 09:23:41.448 | INFO     | __main__:main:123 - Testing CT with beta: 0.92
2026-09-15 09:23:41.465 | INFO     | __main__:main:129 - Number of trainable parameters: 1539
2026-09-15 09:23:41.465 | INFO     | __main__:main:130 - Starting transfer learning...
2026-09-15 09:23:50.249 | INFO     | train:train_epoch:47 - Epoch 1, Step 0, Loss: 1.186921, Accuracy: 18.75%
2026-09-15 09:23:50.628 | INFO     | train:test_epoch:90 - Epoch 1, Val Loss: 0.755246, Val Accuracy: 76.69%
2026-09-15 09:23:50.629 | INFO     | train:linear_probe:190 - New best validation accuracy: 76.69 at epoch 1
2026-09-15 09:23:50.810 | INFO     | train:train_epoch:47 - Epoch 2, Step 0, Loss: 0.732145, Accuracy: 78.12%
2026-09-15 09:23:51.188 | INFO     | train:test_epoch:90 - Epoch 2, Val Loss: 0.515415, Val Accuracy: 83.46%
2026-09-15 09:23:51.189 | INFO     | train:linear_probe:190 - New best validation accuracy: 83.46 at epoch 2
2026-09-15 09:23:51.353 | INFO     | train:train_epoch:47 - Epoch 3, Step 0, Loss: 0.668248, Accuracy: 75.00%
2026-09-15 09:23:51.731 | INFO     | train:test_epoch:90 - Epoch 3, Val Loss: 0.426435, Val Accuracy: 85.71%
2026-09-15 09:23:51.732 | INFO     | train:linear_probe:190 - New best validation accuracy: 85.71 at epoch 3
2026-09-15 09:23:51.906 | INFO     | train:train_epoch:47 - Epoch 4, Step 0, Loss: 0.418123, Accuracy: 90.62%
2026-09-15 09:23:52.279 | INFO     | train:test_epoch:90 - Epoch 4, Val Loss: 0.401867, Val Accuracy: 86.47%
2026-09-15 09:23:52.280 | INFO     | train:linear_probe:190 - New best validation accuracy: 86.47 at epoch 4
2026-09-15 09:23:52.438 | INFO     | train:train_epoch:47 - Epoch 5, Step 0, Loss: 0.484672, Accuracy: 75.00%
2026-09-15 09:23:52.812 | INFO     | train:test_epoch:90 - Epoch 5, Val Loss: 0.395214, Val Accuracy: 83.46%
2026-09-15 09:23:52.985 | INFO     | train:train_epoch:47 - Epoch 6, Step 0, Loss: 0.336272, Accuracy: 90.62%
2026-09-15 09:23:53.373 | INFO     | train:test_epoch:90 - Epoch 6, Val Loss: 0.319925, Val Accuracy: 87.97%
2026-09-15 09:23:53.374 | INFO     | train:linear_probe:190 - New best validation accuracy: 87.97 at epoch 6
2026-09-15 09:23:53.554 | INFO     | train:train_epoch:47 - Epoch 7, Step 0, Loss: 0.194636, Accuracy: 96.88%
2026-09-15 09:23:53.930 | INFO     | train:test_epoch:90 - Epoch 7, Val Loss: 0.308266, Val Accuracy: 89.47%
2026-09-15 09:23:53.931 | INFO     | train:linear_probe:190 - New best validation accuracy: 89.47 at epoch 7
2026-09-15 09:23:54.093 | INFO     | train:train_epoch:47 - Epoch 8, Step 0, Loss: 0.229538, Accuracy: 90.62%
2026-09-15 09:23:54.462 | INFO     | train:test_epoch:90 - Epoch 8, Val Loss: 0.300737, Val Accuracy: 90.23%
2026-09-15 09:23:54.463 | INFO     | train:linear_probe:190 - New best validation accuracy: 90.23 at epoch 8
2026-09-15 09:23:54.594 | INFO     | train:train_epoch:47 - Epoch 9, Step 0, Loss: 0.246547, Accuracy: 93.75%
2026-09-15 09:23:54.953 | INFO     | train:test_epoch:90 - Epoch 9, Val Loss: 0.273976, Val Accuracy: 91.73%
2026-09-15 09:23:54.954 | INFO     | train:linear_probe:190 - New best validation accuracy: 91.73 at epoch 9
2026-09-15 09:23:55.103 | INFO     | train:train_epoch:47 - Epoch 10, Step 0, Loss: 0.213997, Accuracy: 96.88%
2026-09-15 09:23:55.453 | INFO     | train:test_epoch:90 - Epoch 10, Val Loss: 0.263854, Val Accuracy: 93.23%
2026-09-15 09:23:55.454 | INFO     | train:linear_probe:190 - New best validation accuracy: 93.23 at epoch 10
2026-09-15 09:23:55.602 | INFO     | train:train_epoch:47 - Epoch 11, Step 0, Loss: 0.376254, Accuracy: 84.38%
2026-09-15 09:23:55.973 | INFO     | train:test_epoch:90 - Epoch 11, Val Loss: 0.261314, Val Accuracy: 93.23%
2026-09-15 09:23:56.147 | INFO     | train:train_epoch:47 - Epoch 12, Step 0, Loss: 0.221368, Accuracy: 93.75%
2026-09-15 09:23:56.508 | INFO     | train:test_epoch:90 - Epoch 12, Val Loss: 0.259945, Val Accuracy: 92.48%
2026-09-15 09:23:56.652 | INFO     | train:train_epoch:47 - Epoch 13, Step 0, Loss: 0.285195, Accuracy: 96.88%
2026-09-15 09:23:57.031 | INFO     | train:test_epoch:90 - Epoch 13, Val Loss: 0.259421, Val Accuracy: 93.23%
2026-09-15 09:23:57.210 | INFO     | train:train_epoch:47 - Epoch 14, Step 0, Loss: 0.243435, Accuracy: 93.75%
2026-09-15 09:23:57.587 | INFO     | train:test_epoch:90 - Epoch 14, Val Loss: 0.259368, Val Accuracy: 93.23%
2026-09-15 09:23:57.757 | INFO     | train:train_epoch:47 - Epoch 15, Step 0, Loss: 0.235984, Accuracy: 90.62%
2026-09-15 09:23:58.173 | INFO     | train:test_epoch:90 - Epoch 15, Val Loss: 0.256848, Val Accuracy: 92.48%
2026-09-15 09:23:58.333 | INFO     | train:train_epoch:47 - Epoch 16, Step 0, Loss: 0.284064, Accuracy: 90.62%
2026-09-15 09:23:58.709 | INFO     | train:test_epoch:90 - Epoch 16, Val Loss: 0.257051, Val Accuracy: 93.23%
2026-09-15 09:23:58.865 | INFO     | train:train_epoch:47 - Epoch 17, Step 0, Loss: 0.212380, Accuracy: 100.00%
2026-09-15 09:23:59.257 | INFO     | train:test_epoch:90 - Epoch 17, Val Loss: 0.256941, Val Accuracy: 93.98%
2026-09-15 09:23:59.258 | INFO     | train:linear_probe:190 - New best validation accuracy: 93.98 at epoch 17
2026-09-15 09:23:59.414 | INFO     | train:train_epoch:47 - Epoch 18, Step 0, Loss: 0.115456, Accuracy: 100.00%
2026-09-15 09:23:59.950 | INFO     | train:test_epoch:90 - Epoch 18, Val Loss: 0.254863, Val Accuracy: 93.98%
2026-09-15 09:24:00.192 | INFO     | train:train_epoch:47 - Epoch 19, Step 0, Loss: 0.205218, Accuracy: 93.75%
2026-09-15 09:24:00.798 | INFO     | train:test_epoch:90 - Epoch 19, Val Loss: 0.254894, Val Accuracy: 93.23%
2026-09-15 09:24:01.051 | INFO     | train:train_epoch:47 - Epoch 20, Step 0, Loss: 0.182308, Accuracy: 96.88%
2026-09-15 09:24:01.635 | INFO     | train:test_epoch:90 - Epoch 20, Val Loss: 0.253520, Val Accuracy: 93.98%
2026-09-15 09:24:01.637 | INFO     | __main__:main:134 - Best validation accuracy for beta 0.92: 93.98%
2026-09-15 09:24:01.638 | INFO     | __main__:main:123 - Testing CT with beta: 0.93
2026-09-15 09:24:01.662 | INFO     | __main__:main:129 - Number of trainable parameters: 1539
2026-09-15 09:24:01.662 | INFO     | __main__:main:130 - Starting transfer learning...
2026-09-15 09:24:09.721 | INFO     | train:train_epoch:47 - Epoch 1, Step 0, Loss: 1.425829, Accuracy: 21.88%
2026-09-15 09:24:10.089 | INFO     | train:test_epoch:90 - Epoch 1, Val Loss: 0.790034, Val Accuracy: 66.17%
2026-09-15 09:24:10.090 | INFO     | train:linear_probe:190 - New best validation accuracy: 66.17 at epoch 1
2026-09-15 09:24:10.234 | INFO     | train:train_epoch:47 - Epoch 2, Step 0, Loss: 0.843545, Accuracy: 68.75%
2026-09-15 09:24:10.594 | INFO     | train:test_epoch:90 - Epoch 2, Val Loss: 0.544368, Val Accuracy: 82.71%
2026-09-15 09:24:10.595 | INFO     | train:linear_probe:190 - New best validation accuracy: 82.71 at epoch 2
2026-09-15 09:24:10.734 | INFO     | train:train_epoch:47 - Epoch 3, Step 0, Loss: 0.503372, Accuracy: 87.50%
2026-09-15 09:24:11.110 | INFO     | train:test_epoch:90 - Epoch 3, Val Loss: 0.443737, Val Accuracy: 87.22%
2026-09-15 09:24:11.111 | INFO     | train:linear_probe:190 - New best validation accuracy: 87.22 at epoch 3
2026-09-15 09:24:11.255 | INFO     | train:train_epoch:47 - Epoch 4, Step 0, Loss: 0.280438, Accuracy: 100.00%
2026-09-15 09:24:11.629 | INFO     | train:test_epoch:90 - Epoch 4, Val Loss: 0.389502, Val Accuracy: 87.22%
2026-09-15 09:24:11.781 | INFO     | train:train_epoch:47 - Epoch 5, Step 0, Loss: 0.362990, Accuracy: 90.62%
2026-09-15 09:24:12.140 | INFO     | train:test_epoch:90 - Epoch 5, Val Loss: 0.353084, Val Accuracy: 87.97%
2026-09-15 09:24:12.141 | INFO     | train:linear_probe:190 - New best validation accuracy: 87.97 at epoch 5
2026-09-15 09:24:12.280 | INFO     | train:train_epoch:47 - Epoch 6, Step 0, Loss: 0.407035, Accuracy: 81.25%
2026-09-15 09:24:12.620 | INFO     | train:test_epoch:90 - Epoch 6, Val Loss: 0.330557, Val Accuracy: 90.23%
2026-09-15 09:24:12.621 | INFO     | train:linear_probe:190 - New best validation accuracy: 90.23 at epoch 6
2026-09-15 09:24:12.757 | INFO     | train:train_epoch:47 - Epoch 7, Step 0, Loss: 0.447578, Accuracy: 87.50%
2026-09-15 09:24:13.131 | INFO     | train:test_epoch:90 - Epoch 7, Val Loss: 0.302669, Val Accuracy: 90.23%
2026-09-15 09:24:13.339 | INFO     | train:train_epoch:47 - Epoch 8, Step 0, Loss: 0.425885, Accuracy: 87.50%
2026-09-15 09:24:13.900 | INFO     | train:test_epoch:90 - Epoch 8, Val Loss: 0.289388, Val Accuracy: 93.23%
2026-09-15 09:24:13.902 | INFO     | train:linear_probe:190 - New best validation accuracy: 93.23 at epoch 8
2026-09-15 09:24:14.143 | INFO     | train:train_epoch:47 - Epoch 9, Step 0, Loss: 0.398648, Accuracy: 87.50%
2026-09-15 09:24:14.680 | INFO     | train:test_epoch:90 - Epoch 9, Val Loss: 0.271636, Val Accuracy: 93.23%
2026-09-15 09:24:14.892 | INFO     | train:train_epoch:47 - Epoch 10, Step 0, Loss: 0.304552, Accuracy: 96.88%
2026-09-15 09:24:15.441 | INFO     | train:test_epoch:90 - Epoch 10, Val Loss: 0.262116, Val Accuracy: 93.23%
2026-09-15 09:24:15.672 | INFO     | train:train_epoch:47 - Epoch 11, Step 0, Loss: 0.140954, Accuracy: 100.00%
2026-09-15 09:24:16.145 | INFO     | train:test_epoch:90 - Epoch 11, Val Loss: 0.262055, Val Accuracy: 93.98%
2026-09-15 09:24:16.147 | INFO     | train:linear_probe:190 - New best validation accuracy: 93.98 at epoch 11
2026-09-15 09:24:16.388 | INFO     | train:train_epoch:47 - Epoch 12, Step 0, Loss: 0.250402, Accuracy: 93.75%
2026-09-15 09:24:16.794 | INFO     | train:test_epoch:90 - Epoch 12, Val Loss: 0.259409, Val Accuracy: 93.98%
2026-09-15 09:24:16.934 | INFO     | train:train_epoch:47 - Epoch 13, Step 0, Loss: 0.310936, Accuracy: 87.50%
2026-09-15 09:24:17.278 | INFO     | train:test_epoch:90 - Epoch 13, Val Loss: 0.258596, Val Accuracy: 93.98%
2026-09-15 09:24:17.435 | INFO     | train:train_epoch:47 - Epoch 14, Step 0, Loss: 0.275142, Accuracy: 90.62%
2026-09-15 09:24:17.781 | INFO     | train:test_epoch:90 - Epoch 14, Val Loss: 0.258870, Val Accuracy: 93.98%
2026-09-15 09:24:17.913 | INFO     | train:train_epoch:47 - Epoch 15, Step 0, Loss: 0.165408, Accuracy: 100.00%
2026-09-15 09:24:18.255 | INFO     | train:test_epoch:90 - Epoch 15, Val Loss: 0.257188, Val Accuracy: 93.98%
2026-09-15 09:24:18.397 | INFO     | train:train_epoch:47 - Epoch 16, Step 0, Loss: 0.161090, Accuracy: 100.00%
2026-09-15 09:24:18.750 | INFO     | train:test_epoch:90 - Epoch 16, Val Loss: 0.257669, Val Accuracy: 93.98%
2026-09-15 09:24:18.890 | INFO     | train:train_epoch:47 - Epoch 17, Step 0, Loss: 0.183334, Accuracy: 100.00%
2026-09-15 09:24:19.244 | INFO     | train:test_epoch:90 - Epoch 17, Val Loss: 0.254524, Val Accuracy: 93.98%
2026-09-15 09:24:19.379 | INFO     | train:train_epoch:47 - Epoch 18, Step 0, Loss: 0.293515, Accuracy: 87.50%
2026-09-15 09:24:19.727 | INFO     | train:test_epoch:90 - Epoch 18, Val Loss: 0.254341, Val Accuracy: 93.98%
2026-09-15 09:24:19.864 | INFO     | train:train_epoch:47 - Epoch 19, Step 0, Loss: 0.278301, Accuracy: 90.62%
2026-09-15 09:24:20.221 | INFO     | train:test_epoch:90 - Epoch 19, Val Loss: 0.254196, Val Accuracy: 93.98%
2026-09-15 09:24:20.362 | INFO     | train:train_epoch:47 - Epoch 20, Step 0, Loss: 0.241735, Accuracy: 93.75%
2026-09-15 09:24:20.733 | INFO     | train:test_epoch:90 - Epoch 20, Val Loss: 0.252634, Val Accuracy: 93.98%
2026-09-15 09:24:20.734 | INFO     | __main__:main:134 - Best validation accuracy for beta 0.93: 93.98%
2026-09-15 09:24:20.734 | INFO     | __main__:main:123 - Testing CT with beta: 0.94
2026-09-15 09:24:20.751 | INFO     | __main__:main:129 - Number of trainable parameters: 1539
2026-09-15 09:24:20.751 | INFO     | __main__:main:130 - Starting transfer learning...
2026-09-15 09:24:28.696 | INFO     | train:train_epoch:47 - Epoch 1, Step 0, Loss: 1.534690, Accuracy: 40.62%
2026-09-15 09:24:29.228 | INFO     | train:test_epoch:90 - Epoch 1, Val Loss: 0.871005, Val Accuracy: 53.38%
2026-09-15 09:24:29.230 | INFO     | train:linear_probe:190 - New best validation accuracy: 53.38 at epoch 1
2026-09-15 09:24:29.427 | INFO     | train:train_epoch:47 - Epoch 2, Step 0, Loss: 1.056300, Accuracy: 40.62%
2026-09-15 09:24:29.944 | INFO     | train:test_epoch:90 - Epoch 2, Val Loss: 0.563253, Val Accuracy: 79.70%
2026-09-15 09:24:29.945 | INFO     | train:linear_probe:190 - New best validation accuracy: 79.70 at epoch 2
2026-09-15 09:24:30.071 | INFO     | train:train_epoch:47 - Epoch 3, Step 0, Loss: 0.588103, Accuracy: 81.25%
2026-09-15 09:24:30.444 | INFO     | train:test_epoch:90 - Epoch 3, Val Loss: 0.464025, Val Accuracy: 81.95%
2026-09-15 09:24:30.445 | INFO     | train:linear_probe:190 - New best validation accuracy: 81.95 at epoch 3
2026-09-15 09:24:30.577 | INFO     | train:train_epoch:47 - Epoch 4, Step 0, Loss: 0.629197, Accuracy: 78.12%
2026-09-15 09:24:30.957 | INFO     | train:test_epoch:90 - Epoch 4, Val Loss: 0.413356, Val Accuracy: 84.21%
2026-09-15 09:24:30.958 | INFO     | train:linear_probe:190 - New best validation accuracy: 84.21 at epoch 4
2026-09-15 09:24:31.100 | INFO     | train:train_epoch:47 - Epoch 5, Step 0, Loss: 0.385260, Accuracy: 90.62%
2026-09-15 09:24:31.487 | INFO     | train:test_epoch:90 - Epoch 5, Val Loss: 0.380956, Val Accuracy: 84.21%
2026-09-15 09:24:31.631 | INFO     | train:train_epoch:47 - Epoch 6, Step 0, Loss: 0.338549, Accuracy: 90.62%
2026-09-15 09:24:31.999 | INFO     | train:test_epoch:90 - Epoch 6, Val Loss: 0.341051, Val Accuracy: 87.97%
2026-09-15 09:24:32.001 | INFO     | train:linear_probe:190 - New best validation accuracy: 87.97 at epoch 6
2026-09-15 09:24:32.137 | INFO     | train:train_epoch:47 - Epoch 7, Step 0, Loss: 0.265512, Accuracy: 90.62%
2026-09-15 09:24:32.514 | INFO     | train:test_epoch:90 - Epoch 7, Val Loss: 0.322214, Val Accuracy: 88.72%
2026-09-15 09:24:32.515 | INFO     | train:linear_probe:190 - New best validation accuracy: 88.72 at epoch 7
2026-09-15 09:24:32.659 | INFO     | train:train_epoch:47 - Epoch 8, Step 0, Loss: 0.297825, Accuracy: 90.62%
2026-09-15 09:24:33.000 | INFO     | train:test_epoch:90 - Epoch 8, Val Loss: 0.297400, Val Accuracy: 89.47%
2026-09-15 09:24:33.001 | INFO     | train:linear_probe:190 - New best validation accuracy: 89.47 at epoch 8
2026-09-15 09:24:33.153 | INFO     | train:train_epoch:47 - Epoch 9, Step 0, Loss: 0.300565, Accuracy: 90.62%
2026-09-15 09:24:33.537 | INFO     | train:test_epoch:90 - Epoch 9, Val Loss: 0.284391, Val Accuracy: 89.47%
2026-09-15 09:24:33.690 | INFO     | train:train_epoch:47 - Epoch 10, Step 0, Loss: 0.405758, Accuracy: 90.62%
2026-09-15 09:24:34.130 | INFO     | train:test_epoch:90 - Epoch 10, Val Loss: 0.274673, Val Accuracy: 91.73%
2026-09-15 09:24:34.132 | INFO     | train:linear_probe:190 - New best validation accuracy: 91.73 at epoch 10
2026-09-15 09:24:34.296 | INFO     | train:train_epoch:47 - Epoch 11, Step 0, Loss: 0.225589, Accuracy: 93.75%
2026-09-15 09:24:34.647 | INFO     | train:test_epoch:90 - Epoch 11, Val Loss: 0.271691, Val Accuracy: 92.48%
2026-09-15 09:24:34.648 | INFO     | train:linear_probe:190 - New best validation accuracy: 92.48 at epoch 11
2026-09-15 09:24:34.806 | INFO     | train:train_epoch:47 - Epoch 12, Step 0, Loss: 0.249896, Accuracy: 90.62%
2026-09-15 09:24:35.168 | INFO     | train:test_epoch:90 - Epoch 12, Val Loss: 0.271156, Val Accuracy: 92.48%
2026-09-15 09:24:35.340 | INFO     | train:train_epoch:47 - Epoch 13, Step 0, Loss: 0.254899, Accuracy: 93.75%
2026-09-15 09:24:35.716 | INFO     | train:test_epoch:90 - Epoch 13, Val Loss: 0.269385, Val Accuracy: 92.48%
2026-09-15 09:24:35.868 | INFO     | train:train_epoch:47 - Epoch 14, Step 0, Loss: 0.294899, Accuracy: 87.50%
2026-09-15 09:24:36.219 | INFO     | train:test_epoch:90 - Epoch 14, Val Loss: 0.269021, Val Accuracy: 92.48%
2026-09-15 09:24:36.374 | INFO     | train:train_epoch:47 - Epoch 15, Step 0, Loss: 0.280026, Accuracy: 90.62%
2026-09-15 09:24:36.739 | INFO     | train:test_epoch:90 - Epoch 15, Val Loss: 0.266903, Val Accuracy: 92.48%
2026-09-15 09:24:36.878 | INFO     | train:train_epoch:47 - Epoch 16, Step 0, Loss: 0.238092, Accuracy: 90.62%
2026-09-15 09:24:37.214 | INFO     | train:test_epoch:90 - Epoch 16, Val Loss: 0.265694, Val Accuracy: 92.48%
2026-09-15 09:24:37.353 | INFO     | train:train_epoch:47 - Epoch 17, Step 0, Loss: 0.181568, Accuracy: 100.00%
2026-09-15 09:24:37.718 | INFO     | train:test_epoch:90 - Epoch 17, Val Loss: 0.265462, Val Accuracy: 92.48%
2026-09-15 09:24:37.862 | INFO     | train:train_epoch:47 - Epoch 18, Step 0, Loss: 0.339458, Accuracy: 90.62%
2026-09-15 09:24:38.207 | INFO     | train:test_epoch:90 - Epoch 18, Val Loss: 0.265355, Val Accuracy: 91.73%
2026-09-15 09:24:38.341 | INFO     | train:train_epoch:47 - Epoch 19, Step 0, Loss: 0.325451, Accuracy: 93.75%
2026-09-15 09:24:38.705 | INFO     | train:test_epoch:90 - Epoch 19, Val Loss: 0.262524, Val Accuracy: 93.23%
2026-09-15 09:24:38.706 | INFO     | train:linear_probe:190 - New best validation accuracy: 93.23 at epoch 19
2026-09-15 09:24:38.844 | INFO     | train:train_epoch:47 - Epoch 20, Step 0, Loss: 0.266369, Accuracy: 96.88%
2026-09-15 09:24:39.191 | INFO     | train:test_epoch:90 - Epoch 20, Val Loss: 0.261069, Val Accuracy: 93.23%
2026-09-15 09:24:39.191 | INFO     | __main__:main:134 - Best validation accuracy for beta 0.94: 93.23%
2026-09-15 09:24:39.192 | INFO     | __main__:main:123 - Testing CT with beta: 0.95
2026-09-15 09:24:39.208 | INFO     | __main__:main:129 - Number of trainable parameters: 1539
2026-09-15 09:24:39.209 | INFO     | __main__:main:130 - Starting transfer learning...
2026-09-15 09:24:48.106 | INFO     | train:train_epoch:47 - Epoch 1, Step 0, Loss: 1.159349, Accuracy: 18.75%
2026-09-15 09:24:48.460 | INFO     | train:test_epoch:90 - Epoch 1, Val Loss: 0.794951, Val Accuracy: 69.17%
2026-09-15 09:24:48.461 | INFO     | train:linear_probe:190 - New best validation accuracy: 69.17 at epoch 1
2026-09-15 09:24:48.592 | INFO     | train:train_epoch:47 - Epoch 2, Step 0, Loss: 0.806337, Accuracy: 75.00%
2026-09-15 09:24:48.955 | INFO     | train:test_epoch:90 - Epoch 2, Val Loss: 0.605869, Val Accuracy: 78.20%
2026-09-15 09:24:48.956 | INFO     | train:linear_probe:190 - New best validation accuracy: 78.20 at epoch 2
2026-09-15 09:24:49.090 | INFO     | train:train_epoch:47 - Epoch 3, Step 0, Loss: 0.700982, Accuracy: 71.88%
2026-09-15 09:24:49.473 | INFO     | train:test_epoch:90 - Epoch 3, Val Loss: 0.462860, Val Accuracy: 81.95%
2026-09-15 09:24:49.474 | INFO     | train:linear_probe:190 - New best validation accuracy: 81.95 at epoch 3
2026-09-15 09:24:49.621 | INFO     | train:train_epoch:47 - Epoch 4, Step 0, Loss: 0.449879, Accuracy: 87.50%
2026-09-15 09:24:49.984 | INFO     | train:test_epoch:90 - Epoch 4, Val Loss: 0.411605, Val Accuracy: 84.96%
2026-09-15 09:24:49.985 | INFO     | train:linear_probe:190 - New best validation accuracy: 84.96 at epoch 4
2026-09-15 09:24:50.127 | INFO     | train:train_epoch:47 - Epoch 5, Step 0, Loss: 0.340889, Accuracy: 96.88%
2026-09-15 09:24:50.488 | INFO     | train:test_epoch:90 - Epoch 5, Val Loss: 0.372353, Val Accuracy: 88.72%
2026-09-15 09:24:50.489 | INFO     | train:linear_probe:190 - New best validation accuracy: 88.72 at epoch 5
2026-09-15 09:24:50.621 | INFO     | train:train_epoch:47 - Epoch 6, Step 0, Loss: 0.374420, Accuracy: 90.62%
2026-09-15 09:24:50.978 | INFO     | train:test_epoch:90 - Epoch 6, Val Loss: 0.354563, Val Accuracy: 86.47%
2026-09-15 09:24:51.124 | INFO     | train:train_epoch:47 - Epoch 7, Step 0, Loss: 0.301712, Accuracy: 93.75%
2026-09-15 09:24:51.490 | INFO     | train:test_epoch:90 - Epoch 7, Val Loss: 0.328918, Val Accuracy: 87.22%
2026-09-15 09:24:51.624 | INFO     | train:train_epoch:47 - Epoch 8, Step 0, Loss: 0.333800, Accuracy: 96.88%
2026-09-15 09:24:51.975 | INFO     | train:test_epoch:90 - Epoch 8, Val Loss: 0.320742, Val Accuracy: 89.47%
2026-09-15 09:24:51.976 | INFO     | train:linear_probe:190 - New best validation accuracy: 89.47 at epoch 8
2026-09-15 09:24:52.128 | INFO     | train:train_epoch:47 - Epoch 9, Step 0, Loss: 0.265579, Accuracy: 90.62%
2026-09-15 09:24:52.503 | INFO     | train:test_epoch:90 - Epoch 9, Val Loss: 0.298155, Val Accuracy: 90.98%
2026-09-15 09:24:52.504 | INFO     | train:linear_probe:190 - New best validation accuracy: 90.98 at epoch 9
2026-09-15 09:24:52.642 | INFO     | train:train_epoch:47 - Epoch 10, Step 0, Loss: 0.425891, Accuracy: 84.38%
2026-09-15 09:24:53.001 | INFO     | train:test_epoch:90 - Epoch 10, Val Loss: 0.284619, Val Accuracy: 90.23%
2026-09-15 09:24:53.158 | INFO     | train:train_epoch:47 - Epoch 11, Step 0, Loss: 0.145241, Accuracy: 96.88%
2026-09-15 09:24:53.539 | INFO     | train:test_epoch:90 - Epoch 11, Val Loss: 0.280194, Val Accuracy: 90.98%
2026-09-15 09:24:53.687 | INFO     | train:train_epoch:47 - Epoch 12, Step 0, Loss: 0.227344, Accuracy: 87.50%
2026-09-15 09:24:54.103 | INFO     | train:test_epoch:90 - Epoch 12, Val Loss: 0.279903, Val Accuracy: 90.98%
2026-09-15 09:24:54.331 | INFO     | train:train_epoch:47 - Epoch 13, Step 0, Loss: 0.299935, Accuracy: 90.62%
2026-09-15 09:24:55.003 | INFO     | train:test_epoch:90 - Epoch 13, Val Loss: 0.278235, Val Accuracy: 90.98%
2026-09-15 09:24:55.245 | INFO     | train:train_epoch:47 - Epoch 14, Step 0, Loss: 0.194605, Accuracy: 96.88%
2026-09-15 09:24:55.785 | INFO     | train:test_epoch:90 - Epoch 14, Val Loss: 0.277308, Val Accuracy: 90.98%
2026-09-15 09:24:55.998 | INFO     | train:train_epoch:47 - Epoch 15, Step 0, Loss: 0.213930, Accuracy: 93.75%
2026-09-15 09:24:56.574 | INFO     | train:test_epoch:90 - Epoch 15, Val Loss: 0.276219, Val Accuracy: 90.98%
2026-09-15 09:24:56.818 | INFO     | train:train_epoch:47 - Epoch 16, Step 0, Loss: 0.201467, Accuracy: 100.00%
2026-09-15 09:24:57.355 | INFO     | train:test_epoch:90 - Epoch 16, Val Loss: 0.275444, Val Accuracy: 90.98%
2026-09-15 09:24:57.588 | INFO     | train:train_epoch:47 - Epoch 17, Step 0, Loss: 0.242034, Accuracy: 93.75%
2026-09-15 09:24:57.945 | INFO     | train:test_epoch:90 - Epoch 17, Val Loss: 0.273521, Val Accuracy: 90.98%
2026-09-15 09:24:58.095 | INFO     | train:train_epoch:47 - Epoch 18, Step 0, Loss: 0.280366, Accuracy: 90.62%
2026-09-15 09:24:58.438 | INFO     | train:test_epoch:90 - Epoch 18, Val Loss: 0.274730, Val Accuracy: 91.73%
2026-09-15 09:24:58.439 | INFO     | train:linear_probe:190 - New best validation accuracy: 91.73 at epoch 18
2026-09-15 09:24:58.600 | INFO     | train:train_epoch:47 - Epoch 19, Step 0, Loss: 0.303661, Accuracy: 90.62%
2026-09-15 09:24:58.984 | INFO     | train:test_epoch:90 - Epoch 19, Val Loss: 0.271255, Val Accuracy: 90.98%
2026-09-15 09:24:59.139 | INFO     | train:train_epoch:47 - Epoch 20, Step 0, Loss: 0.233849, Accuracy: 93.75%
2026-09-15 09:24:59.488 | INFO     | train:test_epoch:90 - Epoch 20, Val Loss: 0.270581, Val Accuracy: 91.73%
2026-09-15 09:24:59.489 | INFO     | __main__:main:134 - Best validation accuracy for beta 0.95: 91.73%
2026-09-15 09:24:59.489 | INFO     | __main__:main:123 - Testing CT with beta: 0.96
2026-09-15 09:24:59.506 | INFO     | __main__:main:129 - Number of trainable parameters: 1539
2026-09-15 09:24:59.507 | INFO     | __main__:main:130 - Starting transfer learning...
2026-09-15 09:25:07.096 | INFO     | train:train_epoch:47 - Epoch 1, Step 0, Loss: 1.580285, Accuracy: 34.38%
2026-09-15 09:25:07.445 | INFO     | train:test_epoch:90 - Epoch 1, Val Loss: 0.915323, Val Accuracy: 52.63%
2026-09-15 09:25:07.447 | INFO     | train:linear_probe:190 - New best validation accuracy: 52.63 at epoch 1
2026-09-15 09:25:07.613 | INFO     | train:train_epoch:47 - Epoch 2, Step 0, Loss: 0.893194, Accuracy: 56.25%
2026-09-15 09:25:08.179 | INFO     | train:test_epoch:90 - Epoch 2, Val Loss: 0.617103, Val Accuracy: 81.20%
2026-09-15 09:25:08.180 | INFO     | train:linear_probe:190 - New best validation accuracy: 81.20 at epoch 2
2026-09-15 09:25:08.390 | INFO     | train:train_epoch:47 - Epoch 3, Step 0, Loss: 0.605232, Accuracy: 75.00%
2026-09-15 09:25:08.922 | INFO     | train:test_epoch:90 - Epoch 3, Val Loss: 0.502885, Val Accuracy: 83.46%
2026-09-15 09:25:08.924 | INFO     | train:linear_probe:190 - New best validation accuracy: 83.46 at epoch 3
2026-09-15 09:25:09.136 | INFO     | train:train_epoch:47 - Epoch 4, Step 0, Loss: 0.470771, Accuracy: 90.62%
2026-09-15 09:25:09.708 | INFO     | train:test_epoch:90 - Epoch 4, Val Loss: 0.451883, Val Accuracy: 85.71%
2026-09-15 09:25:09.709 | INFO     | train:linear_probe:190 - New best validation accuracy: 85.71 at epoch 4
2026-09-15 09:25:09.951 | INFO     | train:train_epoch:47 - Epoch 5, Step 0, Loss: 0.475595, Accuracy: 90.62%
2026-09-15 09:25:10.499 | INFO     | train:test_epoch:90 - Epoch 5, Val Loss: 0.422667, Val Accuracy: 84.96%
2026-09-15 09:25:10.732 | INFO     | train:train_epoch:47 - Epoch 6, Step 0, Loss: 0.419126, Accuracy: 81.25%
2026-09-15 09:25:11.210 | INFO     | train:test_epoch:90 - Epoch 6, Val Loss: 0.371148, Val Accuracy: 85.71%
2026-09-15 09:25:11.355 | INFO     | train:train_epoch:47 - Epoch 7, Step 0, Loss: 0.412177, Accuracy: 81.25%
2026-09-15 09:25:11.724 | INFO     | train:test_epoch:90 - Epoch 7, Val Loss: 0.347064, Val Accuracy: 87.22%
2026-09-15 09:25:11.725 | INFO     | train:linear_probe:190 - New best validation accuracy: 87.22 at epoch 7
2026-09-15 09:25:11.875 | INFO     | train:train_epoch:47 - Epoch 8, Step 0, Loss: 0.289821, Accuracy: 96.88%
2026-09-15 09:25:12.241 | INFO     | train:test_epoch:90 - Epoch 8, Val Loss: 0.329218, Val Accuracy: 87.97%
2026-09-15 09:25:12.241 | INFO     | train:linear_probe:190 - New best validation accuracy: 87.97 at epoch 8
2026-09-15 09:25:12.376 | INFO     | train:train_epoch:47 - Epoch 9, Step 0, Loss: 0.311363, Accuracy: 90.62%
2026-09-15 09:25:12.731 | INFO     | train:test_epoch:90 - Epoch 9, Val Loss: 0.312394, Val Accuracy: 87.97%
2026-09-15 09:25:12.861 | INFO     | train:train_epoch:47 - Epoch 10, Step 0, Loss: 0.382262, Accuracy: 93.75%
2026-09-15 09:25:13.211 | INFO     | train:test_epoch:90 - Epoch 10, Val Loss: 0.293763, Val Accuracy: 89.47%
2026-09-15 09:25:13.212 | INFO     | train:linear_probe:190 - New best validation accuracy: 89.47 at epoch 10
2026-09-15 09:25:13.344 | INFO     | train:train_epoch:47 - Epoch 11, Step 0, Loss: 0.320950, Accuracy: 90.62%
2026-09-15 09:25:13.714 | INFO     | train:test_epoch:90 - Epoch 11, Val Loss: 0.293204, Val Accuracy: 90.23%
2026-09-15 09:25:13.715 | INFO     | train:linear_probe:190 - New best validation accuracy: 90.23 at epoch 11
2026-09-15 09:25:13.866 | INFO     | train:train_epoch:47 - Epoch 12, Step 0, Loss: 0.270266, Accuracy: 90.62%
2026-09-15 09:25:14.223 | INFO     | train:test_epoch:90 - Epoch 12, Val Loss: 0.291828, Val Accuracy: 90.23%
2026-09-15 09:25:14.364 | INFO     | train:train_epoch:47 - Epoch 13, Step 0, Loss: 0.214597, Accuracy: 93.75%
2026-09-15 09:25:14.742 | INFO     | train:test_epoch:90 - Epoch 13, Val Loss: 0.290044, Val Accuracy: 89.47%
2026-09-15 09:25:14.874 | INFO     | train:train_epoch:47 - Epoch 14, Step 0, Loss: 0.284800, Accuracy: 93.75%
2026-09-15 09:25:15.233 | INFO     | train:test_epoch:90 - Epoch 14, Val Loss: 0.289653, Val Accuracy: 89.47%
2026-09-15 09:25:15.371 | INFO     | train:train_epoch:47 - Epoch 15, Step 0, Loss: 0.339162, Accuracy: 84.38%
2026-09-15 09:25:15.745 | INFO     | train:test_epoch:90 - Epoch 15, Val Loss: 0.287753, Val Accuracy: 89.47%
2026-09-15 09:25:15.880 | INFO     | train:train_epoch:47 - Epoch 16, Step 0, Loss: 0.331884, Accuracy: 90.62%
2026-09-15 09:25:16.232 | INFO     | train:test_epoch:90 - Epoch 16, Val Loss: 0.288352, Val Accuracy: 89.47%
2026-09-15 09:25:16.385 | INFO     | train:train_epoch:47 - Epoch 17, Step 0, Loss: 0.210017, Accuracy: 93.75%
2026-09-15 09:25:16.762 | INFO     | train:test_epoch:90 - Epoch 17, Val Loss: 0.286291, Val Accuracy: 90.98%
2026-09-15 09:25:16.763 | INFO     | train:linear_probe:190 - New best validation accuracy: 90.98 at epoch 17
2026-09-15 09:25:16.904 | INFO     | train:train_epoch:47 - Epoch 18, Step 0, Loss: 0.300003, Accuracy: 87.50%
2026-09-15 09:25:17.259 | INFO     | train:test_epoch:90 - Epoch 18, Val Loss: 0.284056, Val Accuracy: 89.47%
2026-09-15 09:25:17.401 | INFO     | train:train_epoch:47 - Epoch 19, Step 0, Loss: 0.277800, Accuracy: 90.62%
2026-09-15 09:25:17.780 | INFO     | train:test_epoch:90 - Epoch 19, Val Loss: 0.283240, Val Accuracy: 90.98%
2026-09-15 09:25:17.925 | INFO     | train:train_epoch:47 - Epoch 20, Step 0, Loss: 0.343412, Accuracy: 84.38%
2026-09-15 09:25:18.281 | INFO     | train:test_epoch:90 - Epoch 20, Val Loss: 0.282139, Val Accuracy: 90.98%
2026-09-15 09:25:18.281 | INFO     | __main__:main:134 - Best validation accuracy for beta 0.96: 90.98%
2026-09-15 09:25:18.282 | INFO     | __main__:main:123 - Testing CT with beta: 0.97
2026-09-15 09:25:18.297 | INFO     | __main__:main:129 - Number of trainable parameters: 1539
2026-09-15 09:25:18.298 | INFO     | __main__:main:130 - Starting transfer learning...
2026-09-15 09:25:27.249 | INFO     | train:train_epoch:47 - Epoch 1, Step 0, Loss: 1.024488, Accuracy: 50.00%
2026-09-15 09:25:27.619 | INFO     | train:test_epoch:90 - Epoch 1, Val Loss: 0.774275, Val Accuracy: 69.17%
2026-09-15 09:25:27.620 | INFO     | train:linear_probe:190 - New best validation accuracy: 69.17 at epoch 1
2026-09-15 09:25:27.768 | INFO     | train:train_epoch:47 - Epoch 2, Step 0, Loss: 0.668567, Accuracy: 81.25%
2026-09-15 09:25:28.114 | INFO     | train:test_epoch:90 - Epoch 2, Val Loss: 0.533314, Val Accuracy: 82.71%
2026-09-15 09:25:28.115 | INFO     | train:linear_probe:190 - New best validation accuracy: 82.71 at epoch 2
2026-09-15 09:25:28.247 | INFO     | train:train_epoch:47 - Epoch 3, Step 0, Loss: 0.390930, Accuracy: 93.75%
2026-09-15 09:25:28.608 | INFO     | train:test_epoch:90 - Epoch 3, Val Loss: 0.460770, Val Accuracy: 81.20%
2026-09-15 09:25:28.755 | INFO     | train:train_epoch:47 - Epoch 4, Step 0, Loss: 0.448832, Accuracy: 87.50%
2026-09-15 09:25:29.106 | INFO     | train:test_epoch:90 - Epoch 4, Val Loss: 0.406330, Val Accuracy: 84.21%
2026-09-15 09:25:29.107 | INFO     | train:linear_probe:190 - New best validation accuracy: 84.21 at epoch 4
2026-09-15 09:25:29.248 | INFO     | train:train_epoch:47 - Epoch 5, Step 0, Loss: 0.419435, Accuracy: 87.50%
2026-09-15 09:25:29.636 | INFO     | train:test_epoch:90 - Epoch 5, Val Loss: 0.362380, Val Accuracy: 86.47%
2026-09-15 09:25:29.637 | INFO     | train:linear_probe:190 - New best validation accuracy: 86.47 at epoch 5
2026-09-15 09:25:29.786 | INFO     | train:train_epoch:47 - Epoch 6, Step 0, Loss: 0.432766, Accuracy: 81.25%
2026-09-15 09:25:30.141 | INFO     | train:test_epoch:90 - Epoch 6, Val Loss: 0.340496, Val Accuracy: 87.97%
2026-09-15 09:25:30.142 | INFO     | train:linear_probe:190 - New best validation accuracy: 87.97 at epoch 6
2026-09-15 09:25:30.285 | INFO     | train:train_epoch:47 - Epoch 7, Step 0, Loss: 0.254672, Accuracy: 93.75%
2026-09-15 09:25:30.653 | INFO     | train:test_epoch:90 - Epoch 7, Val Loss: 0.320412, Val Accuracy: 87.97%
2026-09-15 09:25:30.787 | INFO     | train:train_epoch:47 - Epoch 8, Step 0, Loss: 0.240350, Accuracy: 93.75%
2026-09-15 09:25:31.139 | INFO     | train:test_epoch:90 - Epoch 8, Val Loss: 0.301665, Val Accuracy: 87.97%
2026-09-15 09:25:31.291 | INFO     | train:train_epoch:47 - Epoch 9, Step 0, Loss: 0.297134, Accuracy: 96.88%
2026-09-15 09:25:31.660 | INFO     | train:test_epoch:90 - Epoch 9, Val Loss: 0.286820, Val Accuracy: 90.23%
2026-09-15 09:25:31.661 | INFO     | train:linear_probe:190 - New best validation accuracy: 90.23 at epoch 9
2026-09-15 09:25:31.806 | INFO     | train:train_epoch:47 - Epoch 10, Step 0, Loss: 0.239772, Accuracy: 90.62%
2026-09-15 09:25:32.165 | INFO     | train:test_epoch:90 - Epoch 10, Val Loss: 0.285796, Val Accuracy: 89.47%
2026-09-15 09:25:32.304 | INFO     | train:train_epoch:47 - Epoch 11, Step 0, Loss: 0.194090, Accuracy: 93.75%
2026-09-15 09:25:32.678 | INFO     | train:test_epoch:90 - Epoch 11, Val Loss: 0.275245, Val Accuracy: 90.23%
2026-09-15 09:25:32.834 | INFO     | train:train_epoch:47 - Epoch 12, Step 0, Loss: 0.231228, Accuracy: 96.88%
2026-09-15 09:25:33.184 | INFO     | train:test_epoch:90 - Epoch 12, Val Loss: 0.271923, Val Accuracy: 90.98%
2026-09-15 09:25:33.185 | INFO     | train:linear_probe:190 - New best validation accuracy: 90.98 at epoch 12
2026-09-15 09:25:33.322 | INFO     | train:train_epoch:47 - Epoch 13, Step 0, Loss: 0.320502, Accuracy: 87.50%
2026-09-15 09:25:33.694 | INFO     | train:test_epoch:90 - Epoch 13, Val Loss: 0.270461, Val Accuracy: 91.73%
2026-09-15 09:25:33.695 | INFO     | train:linear_probe:190 - New best validation accuracy: 91.73 at epoch 13
2026-09-15 09:25:33.861 | INFO     | train:train_epoch:47 - Epoch 14, Step 0, Loss: 0.177038, Accuracy: 96.88%
2026-09-15 09:25:34.223 | INFO     | train:test_epoch:90 - Epoch 14, Val Loss: 0.269920, Val Accuracy: 91.73%
2026-09-15 09:25:34.378 | INFO     | train:train_epoch:47 - Epoch 15, Step 0, Loss: 0.169371, Accuracy: 93.75%
2026-09-15 09:25:34.784 | INFO     | train:test_epoch:90 - Epoch 15, Val Loss: 0.268821, Val Accuracy: 90.98%
2026-09-15 09:25:35.042 | INFO     | train:train_epoch:47 - Epoch 16, Step 0, Loss: 0.180542, Accuracy: 96.88%
2026-09-15 09:25:35.633 | INFO     | train:test_epoch:90 - Epoch 16, Val Loss: 0.268859, Val Accuracy: 90.23%
2026-09-15 09:25:35.867 | INFO     | train:train_epoch:47 - Epoch 17, Step 0, Loss: 0.222551, Accuracy: 87.50%
2026-09-15 09:25:36.434 | INFO     | train:test_epoch:90 - Epoch 17, Val Loss: 0.265666, Val Accuracy: 91.73%
2026-09-15 09:25:36.664 | INFO     | train:train_epoch:47 - Epoch 18, Step 0, Loss: 0.185998, Accuracy: 93.75%
2026-09-15 09:25:37.277 | INFO     | train:test_epoch:90 - Epoch 18, Val Loss: 0.266185, Val Accuracy: 90.98%
2026-09-15 09:25:37.528 | INFO     | train:train_epoch:47 - Epoch 19, Step 0, Loss: 0.186087, Accuracy: 96.88%
2026-09-15 09:25:38.082 | INFO     | train:test_epoch:90 - Epoch 19, Val Loss: 0.265953, Val Accuracy: 90.98%
2026-09-15 09:25:38.281 | INFO     | train:train_epoch:47 - Epoch 20, Step 0, Loss: 0.233231, Accuracy: 96.88%
2026-09-15 09:25:38.634 | INFO     | train:test_epoch:90 - Epoch 20, Val Loss: 0.265122, Val Accuracy: 90.98%
2026-09-15 09:25:38.635 | INFO     | __main__:main:134 - Best validation accuracy for beta 0.97: 91.73%
2026-09-15 09:25:38.635 | INFO     | __main__:main:123 - Testing CT with beta: 0.98
2026-09-15 09:25:38.654 | INFO     | __main__:main:129 - Number of trainable parameters: 1539
2026-09-15 09:25:38.654 | INFO     | __main__:main:130 - Starting transfer learning...
2026-09-15 09:25:45.959 | INFO     | train:train_epoch:47 - Epoch 1, Step 0, Loss: 1.143913, Accuracy: 40.62%
2026-09-15 09:25:46.346 | INFO     | train:test_epoch:90 - Epoch 1, Val Loss: 0.814143, Val Accuracy: 75.94%
2026-09-15 09:25:46.347 | INFO     | train:linear_probe:190 - New best validation accuracy: 75.94 at epoch 1
2026-09-15 09:25:46.485 | INFO     | train:train_epoch:47 - Epoch 2, Step 0, Loss: 0.837122, Accuracy: 62.50%
2026-09-15 09:25:46.846 | INFO     | train:test_epoch:90 - Epoch 2, Val Loss: 0.551953, Val Accuracy: 80.45%
2026-09-15 09:25:46.847 | INFO     | train:linear_probe:190 - New best validation accuracy: 80.45 at epoch 2
2026-09-15 09:25:46.990 | INFO     | train:train_epoch:47 - Epoch 3, Step 0, Loss: 0.596504, Accuracy: 68.75%
2026-09-15 09:25:47.359 | INFO     | train:test_epoch:90 - Epoch 3, Val Loss: 0.458917, Val Accuracy: 84.21%
2026-09-15 09:25:47.360 | INFO     | train:linear_probe:190 - New best validation accuracy: 84.21 at epoch 3
2026-09-15 09:25:47.515 | INFO     | train:train_epoch:47 - Epoch 4, Step 0, Loss: 0.431294, Accuracy: 84.38%
2026-09-15 09:25:47.865 | INFO     | train:test_epoch:90 - Epoch 4, Val Loss: 0.397629, Val Accuracy: 87.22%
2026-09-15 09:25:47.866 | INFO     | train:linear_probe:190 - New best validation accuracy: 87.22 at epoch 4
2026-09-15 09:25:48.014 | INFO     | train:train_epoch:47 - Epoch 5, Step 0, Loss: 0.479508, Accuracy: 84.38%
2026-09-15 09:25:48.476 | INFO     | train:test_epoch:90 - Epoch 5, Val Loss: 0.374608, Val Accuracy: 85.71%
2026-09-15 09:25:48.686 | INFO     | train:train_epoch:47 - Epoch 6, Step 0, Loss: 0.278999, Accuracy: 90.62%
2026-09-15 09:25:49.243 | INFO     | train:test_epoch:90 - Epoch 6, Val Loss: 0.340420, Val Accuracy: 86.47%
2026-09-15 09:25:49.440 | INFO     | train:train_epoch:47 - Epoch 7, Step 0, Loss: 0.442063, Accuracy: 84.38%
2026-09-15 09:25:49.991 | INFO     | train:test_epoch:90 - Epoch 7, Val Loss: 0.326376, Val Accuracy: 86.47%
2026-09-15 09:25:50.239 | INFO     | train:train_epoch:47 - Epoch 8, Step 0, Loss: 0.423149, Accuracy: 84.38%
2026-09-15 09:25:50.824 | INFO     | train:test_epoch:90 - Epoch 8, Val Loss: 0.305390, Val Accuracy: 87.97%
2026-09-15 09:25:50.826 | INFO     | train:linear_probe:190 - New best validation accuracy: 87.97 at epoch 8
2026-09-15 09:25:51.051 | INFO     | train:train_epoch:47 - Epoch 9, Step 0, Loss: 0.239690, Accuracy: 93.75%
2026-09-15 09:25:51.591 | INFO     | train:test_epoch:90 - Epoch 9, Val Loss: 0.281068, Val Accuracy: 90.23%
2026-09-15 09:25:51.594 | INFO     | train:linear_probe:190 - New best validation accuracy: 90.23 at epoch 9
2026-09-15 09:25:51.747 | INFO     | train:train_epoch:47 - Epoch 10, Step 0, Loss: 0.307698, Accuracy: 90.62%
2026-09-15 09:25:52.115 | INFO     | train:test_epoch:90 - Epoch 10, Val Loss: 0.270187, Val Accuracy: 91.73%
2026-09-15 09:25:52.116 | INFO     | train:linear_probe:190 - New best validation accuracy: 91.73 at epoch 10
2026-09-15 09:25:52.260 | INFO     | train:train_epoch:47 - Epoch 11, Step 0, Loss: 0.218647, Accuracy: 93.75%
2026-09-15 09:25:52.602 | INFO     | train:test_epoch:90 - Epoch 11, Val Loss: 0.271487, Val Accuracy: 89.47%
2026-09-15 09:25:52.739 | INFO     | train:train_epoch:47 - Epoch 12, Step 0, Loss: 0.292528, Accuracy: 87.50%
2026-09-15 09:25:53.099 | INFO     | train:test_epoch:90 - Epoch 12, Val Loss: 0.269745, Val Accuracy: 90.98%
2026-09-15 09:25:53.241 | INFO     | train:train_epoch:47 - Epoch 13, Step 0, Loss: 0.276976, Accuracy: 96.88%
2026-09-15 09:25:53.594 | INFO     | train:test_epoch:90 - Epoch 13, Val Loss: 0.269888, Val Accuracy: 90.98%
2026-09-15 09:25:53.742 | INFO     | train:train_epoch:47 - Epoch 14, Step 0, Loss: 0.207747, Accuracy: 96.88%
2026-09-15 09:25:54.092 | INFO     | train:test_epoch:90 - Epoch 14, Val Loss: 0.267513, Val Accuracy: 90.23%
2026-09-15 09:25:54.219 | INFO     | train:train_epoch:47 - Epoch 15, Step 0, Loss: 0.144163, Accuracy: 100.00%
2026-09-15 09:25:54.570 | INFO     | train:test_epoch:90 - Epoch 15, Val Loss: 0.266246, Val Accuracy: 90.98%
2026-09-15 09:25:54.705 | INFO     | train:train_epoch:47 - Epoch 16, Step 0, Loss: 0.237509, Accuracy: 84.38%
2026-09-15 09:25:55.054 | INFO     | train:test_epoch:90 - Epoch 16, Val Loss: 0.265293, Val Accuracy: 90.23%
2026-09-15 09:25:55.197 | INFO     | train:train_epoch:47 - Epoch 17, Step 0, Loss: 0.235658, Accuracy: 93.75%
2026-09-15 09:25:55.533 | INFO     | train:test_epoch:90 - Epoch 17, Val Loss: 0.265669, Val Accuracy: 90.98%
2026-09-15 09:25:55.672 | INFO     | train:train_epoch:47 - Epoch 18, Step 0, Loss: 0.266676, Accuracy: 93.75%
2026-09-15 09:25:56.029 | INFO     | train:test_epoch:90 - Epoch 18, Val Loss: 0.263717, Val Accuracy: 90.98%
2026-09-15 09:25:56.189 | INFO     | train:train_epoch:47 - Epoch 19, Step 0, Loss: 0.211241, Accuracy: 100.00%
2026-09-15 09:25:56.561 | INFO     | train:test_epoch:90 - Epoch 19, Val Loss: 0.263030, Val Accuracy: 90.23%
2026-09-15 09:25:56.713 | INFO     | train:train_epoch:47 - Epoch 20, Step 0, Loss: 0.321779, Accuracy: 87.50%
2026-09-15 09:25:57.084 | INFO     | train:test_epoch:90 - Epoch 20, Val Loss: 0.262016, Val Accuracy: 90.98%
2026-09-15 09:25:57.085 | INFO     | __main__:main:134 - Best validation accuracy for beta 0.98: 91.73%
2026-09-15 09:25:57.085 | INFO     | __main__:main:123 - Testing CT with beta: 0.99
2026-09-15 09:25:57.102 | INFO     | __main__:main:129 - Number of trainable parameters: 1539
2026-09-15 09:25:57.102 | INFO     | __main__:main:130 - Starting transfer learning...
2026-09-15 09:26:05.732 | INFO     | train:train_epoch:47 - Epoch 1, Step 0, Loss: 1.352069, Accuracy: 34.38%
2026-09-15 09:26:06.074 | INFO     | train:test_epoch:90 - Epoch 1, Val Loss: 0.884261, Val Accuracy: 59.40%
2026-09-15 09:26:06.075 | INFO     | train:linear_probe:190 - New best validation accuracy: 59.40 at epoch 1
2026-09-15 09:26:06.212 | INFO     | train:train_epoch:47 - Epoch 2, Step 0, Loss: 0.866857, Accuracy: 62.50%
2026-09-15 09:26:06.575 | INFO     | train:test_epoch:90 - Epoch 2, Val Loss: 0.585180, Val Accuracy: 80.45%
2026-09-15 09:26:06.576 | INFO     | train:linear_probe:190 - New best validation accuracy: 80.45 at epoch 2
2026-09-15 09:26:06.728 | INFO     | train:train_epoch:47 - Epoch 3, Step 0, Loss: 0.473552, Accuracy: 90.62%
2026-09-15 09:26:07.071 | INFO     | train:test_epoch:90 - Epoch 3, Val Loss: 0.479626, Val Accuracy: 83.46%
2026-09-15 09:26:07.072 | INFO     | train:linear_probe:190 - New best validation accuracy: 83.46 at epoch 3
2026-09-15 09:26:07.211 | INFO     | train:train_epoch:47 - Epoch 4, Step 0, Loss: 0.391976, Accuracy: 90.62%
2026-09-15 09:26:07.587 | INFO     | train:test_epoch:90 - Epoch 4, Val Loss: 0.418688, Val Accuracy: 84.96%
2026-09-15 09:26:07.588 | INFO     | train:linear_probe:190 - New best validation accuracy: 84.96 at epoch 4
2026-09-15 09:26:07.736 | INFO     | train:train_epoch:47 - Epoch 5, Step 0, Loss: 0.401087, Accuracy: 84.38%
2026-09-15 09:26:08.086 | INFO     | train:test_epoch:90 - Epoch 5, Val Loss: 0.396496, Val Accuracy: 86.47%
2026-09-15 09:26:08.087 | INFO     | train:linear_probe:190 - New best validation accuracy: 86.47 at epoch 5
2026-09-15 09:26:08.233 | INFO     | train:train_epoch:47 - Epoch 6, Step 0, Loss: 0.359335, Accuracy: 84.38%
2026-09-15 09:26:08.606 | INFO     | train:test_epoch:90 - Epoch 6, Val Loss: 0.356857, Val Accuracy: 86.47%
2026-09-15 09:26:08.756 | INFO     | train:train_epoch:47 - Epoch 7, Step 0, Loss: 0.508048, Accuracy: 75.00%
2026-09-15 09:26:09.097 | INFO     | train:test_epoch:90 - Epoch 7, Val Loss: 0.320922, Val Accuracy: 89.47%
2026-09-15 09:26:09.098 | INFO     | train:linear_probe:190 - New best validation accuracy: 89.47 at epoch 7
2026-09-15 09:26:09.242 | INFO     | train:train_epoch:47 - Epoch 8, Step 0, Loss: 0.308838, Accuracy: 90.62%
2026-09-15 09:26:09.608 | INFO     | train:test_epoch:90 - Epoch 8, Val Loss: 0.301770, Val Accuracy: 89.47%
2026-09-15 09:26:09.780 | INFO     | train:train_epoch:47 - Epoch 9, Step 0, Loss: 0.278422, Accuracy: 90.62%
2026-09-15 09:26:10.151 | INFO     | train:test_epoch:90 - Epoch 9, Val Loss: 0.287710, Val Accuracy: 90.98%
2026-09-15 09:26:10.152 | INFO     | train:linear_probe:190 - New best validation accuracy: 90.98 at epoch 9
2026-09-15 09:26:10.292 | INFO     | train:train_epoch:47 - Epoch 10, Step 0, Loss: 0.317053, Accuracy: 90.62%
2026-09-15 09:26:10.657 | INFO     | train:test_epoch:90 - Epoch 10, Val Loss: 0.274923, Val Accuracy: 90.98%
2026-09-15 09:26:10.819 | INFO     | train:train_epoch:47 - Epoch 11, Step 0, Loss: 0.292926, Accuracy: 90.62%
2026-09-15 09:26:11.187 | INFO     | train:test_epoch:90 - Epoch 11, Val Loss: 0.272321, Val Accuracy: 92.48%
2026-09-15 09:26:11.188 | INFO     | train:linear_probe:190 - New best validation accuracy: 92.48 at epoch 11
2026-09-15 09:26:11.322 | INFO     | train:train_epoch:47 - Epoch 12, Step 0, Loss: 0.287130, Accuracy: 93.75%
2026-09-15 09:26:11.672 | INFO     | train:test_epoch:90 - Epoch 12, Val Loss: 0.271233, Val Accuracy: 91.73%
2026-09-15 09:26:11.838 | INFO     | train:train_epoch:47 - Epoch 13, Step 0, Loss: 0.165478, Accuracy: 96.88%
2026-09-15 09:26:12.193 | INFO     | train:test_epoch:90 - Epoch 13, Val Loss: 0.271050, Val Accuracy: 92.48%
2026-09-15 09:26:12.341 | INFO     | train:train_epoch:47 - Epoch 14, Step 0, Loss: 0.234900, Accuracy: 93.75%
2026-09-15 09:26:12.693 | INFO     | train:test_epoch:90 - Epoch 14, Val Loss: 0.269961, Val Accuracy: 92.48%
2026-09-15 09:26:12.856 | INFO     | train:train_epoch:47 - Epoch 15, Step 0, Loss: 0.224745, Accuracy: 93.75%
2026-09-15 09:26:13.211 | INFO     | train:test_epoch:90 - Epoch 15, Val Loss: 0.268100, Val Accuracy: 92.48%
2026-09-15 09:26:13.350 | INFO     | train:train_epoch:47 - Epoch 16, Step 0, Loss: 0.330205, Accuracy: 87.50%
2026-09-15 09:26:13.709 | INFO     | train:test_epoch:90 - Epoch 16, Val Loss: 0.269310, Val Accuracy: 93.23%
2026-09-15 09:26:13.710 | INFO     | train:linear_probe:190 - New best validation accuracy: 93.23 at epoch 16
2026-09-15 09:26:13.878 | INFO     | train:train_epoch:47 - Epoch 17, Step 0, Loss: 0.163902, Accuracy: 100.00%
2026-09-15 09:26:14.243 | INFO     | train:test_epoch:90 - Epoch 17, Val Loss: 0.265735, Val Accuracy: 92.48%
2026-09-15 09:26:14.386 | INFO     | train:train_epoch:47 - Epoch 18, Step 0, Loss: 0.198514, Accuracy: 96.88%
2026-09-15 09:26:14.727 | INFO     | train:test_epoch:90 - Epoch 18, Val Loss: 0.264499, Val Accuracy: 92.48%
2026-09-15 09:26:14.875 | INFO     | train:train_epoch:47 - Epoch 19, Step 0, Loss: 0.295371, Accuracy: 90.62%
2026-09-15 09:26:15.347 | INFO     | train:test_epoch:90 - Epoch 19, Val Loss: 0.263973, Val Accuracy: 93.23%
2026-09-15 09:26:15.575 | INFO     | train:train_epoch:47 - Epoch 20, Step 0, Loss: 0.327311, Accuracy: 90.62%
2026-09-15 09:26:16.149 | INFO     | train:test_epoch:90 - Epoch 20, Val Loss: 0.262812, Val Accuracy: 92.48%
2026-09-15 09:26:16.150 | INFO     | __main__:main:134 - Best validation accuracy for beta 0.99: 93.23%
2026-09-15 09:26:16.151 | INFO     | __main__:main:123 - Testing CT with beta: 1.00
2026-09-15 09:26:16.175 | INFO     | __main__:main:129 - Number of trainable parameters: 1539
2026-09-15 09:26:16.176 | INFO     | __main__:main:130 - Starting transfer learning...
2026-09-15 09:26:24.419 | INFO     | train:train_epoch:47 - Epoch 1, Step 0, Loss: nan, Accuracy: 34.38%
2026-09-15 09:26:24.793 | INFO     | train:test_epoch:90 - Epoch 1, Val Loss: nan, Val Accuracy: 33.08%
2026-09-15 09:26:24.794 | INFO     | train:linear_probe:190 - New best validation accuracy: 33.08 at epoch 1
2026-09-15 09:26:24.937 | INFO     | train:train_epoch:47 - Epoch 2, Step 0, Loss: nan, Accuracy: 34.38%
2026-09-15 09:26:25.298 | INFO     | train:test_epoch:90 - Epoch 2, Val Loss: nan, Val Accuracy: 33.08%
2026-09-15 09:26:25.448 | INFO     | train:train_epoch:47 - Epoch 3, Step 0, Loss: nan, Accuracy: 40.62%
2026-09-15 09:26:25.813 | INFO     | train:test_epoch:90 - Epoch 3, Val Loss: nan, Val Accuracy: 33.08%
2026-09-15 09:26:25.951 | INFO     | train:train_epoch:47 - Epoch 4, Step 0, Loss: nan, Accuracy: 43.75%
2026-09-15 09:26:26.319 | INFO     | train:test_epoch:90 - Epoch 4, Val Loss: nan, Val Accuracy: 33.08%
2026-09-15 09:26:26.463 | INFO     | train:train_epoch:47 - Epoch 5, Step 0, Loss: nan, Accuracy: 34.38%
2026-09-15 09:26:26.827 | INFO     | train:test_epoch:90 - Epoch 5, Val Loss: nan, Val Accuracy: 33.08%
2026-09-15 09:26:26.967 | INFO     | train:train_epoch:47 - Epoch 6, Step 0, Loss: nan, Accuracy: 34.38%
2026-09-15 09:26:27.308 | INFO     | train:test_epoch:90 - Epoch 6, Val Loss: nan, Val Accuracy: 33.08%
2026-09-15 09:26:27.452 | INFO     | train:train_epoch:47 - Epoch 7, Step 0, Loss: nan, Accuracy: 31.25%
2026-09-15 09:26:27.818 | INFO     | train:test_epoch:90 - Epoch 7, Val Loss: nan, Val Accuracy: 33.08%
2026-09-15 09:26:27.971 | INFO     | train:train_epoch:47 - Epoch 8, Step 0, Loss: nan, Accuracy: 31.25%
2026-09-15 09:26:28.332 | INFO     | train:test_epoch:90 - Epoch 8, Val Loss: nan, Val Accuracy: 33.08%
2026-09-15 09:26:28.469 | INFO     | train:train_epoch:47 - Epoch 9, Step 0, Loss: nan, Accuracy: 40.62%
2026-09-15 09:26:28.881 | INFO     | train:test_epoch:90 - Epoch 9, Val Loss: nan, Val Accuracy: 33.08%
2026-09-15 09:26:29.120 | INFO     | train:train_epoch:47 - Epoch 10, Step 0, Loss: nan, Accuracy: 46.88%
2026-09-15 09:26:29.702 | INFO     | train:test_epoch:90 - Epoch 10, Val Loss: nan, Val Accuracy: 33.08%
2026-09-15 09:26:29.950 | INFO     | train:train_epoch:47 - Epoch 11, Step 0, Loss: nan, Accuracy: 37.50%
2026-09-15 09:26:30.488 | INFO     | train:test_epoch:90 - Epoch 11, Val Loss: nan, Val Accuracy: 33.08%
2026-09-15 09:26:30.700 | INFO     | train:train_epoch:47 - Epoch 12, Step 0, Loss: nan, Accuracy: 50.00%
2026-09-15 09:26:31.295 | INFO     | train:test_epoch:90 - Epoch 12, Val Loss: nan, Val Accuracy: 33.08%
2026-09-15 09:26:31.515 | INFO     | train:train_epoch:47 - Epoch 13, Step 0, Loss: nan, Accuracy: 15.62%
2026-09-15 09:26:32.090 | INFO     | train:test_epoch:90 - Epoch 13, Val Loss: nan, Val Accuracy: 33.08%
2026-09-15 09:26:32.243 | INFO     | train:train_epoch:47 - Epoch 14, Step 0, Loss: nan, Accuracy: 34.38%
2026-09-15 09:26:32.600 | INFO     | train:test_epoch:90 - Epoch 14, Val Loss: nan, Val Accuracy: 33.08%
2026-09-15 09:26:32.742 | INFO     | train:train_epoch:47 - Epoch 15, Step 0, Loss: nan, Accuracy: 15.62%
2026-09-15 09:26:33.111 | INFO     | train:test_epoch:90 - Epoch 15, Val Loss: nan, Val Accuracy: 33.08%
2026-09-15 09:26:33.270 | INFO     | train:train_epoch:47 - Epoch 16, Step 0, Loss: nan, Accuracy: 43.75%
2026-09-15 09:26:33.624 | INFO     | train:test_epoch:90 - Epoch 16, Val Loss: nan, Val Accuracy: 33.08%
2026-09-15 09:26:33.765 | INFO     | train:train_epoch:47 - Epoch 17, Step 0, Loss: nan, Accuracy: 50.00%
2026-09-15 09:26:34.134 | INFO     | train:test_epoch:90 - Epoch 17, Val Loss: nan, Val Accuracy: 33.08%
2026-09-15 09:26:34.269 | INFO     | train:train_epoch:47 - Epoch 18, Step 0, Loss: nan, Accuracy: 25.00%
2026-09-15 09:26:34.630 | INFO     | train:test_epoch:90 - Epoch 18, Val Loss: nan, Val Accuracy: 33.08%
2026-09-15 09:26:34.771 | INFO     | train:train_epoch:47 - Epoch 19, Step 0, Loss: nan, Accuracy: 34.38%
2026-09-15 09:26:35.137 | INFO     | train:test_epoch:90 - Epoch 19, Val Loss: nan, Val Accuracy: 33.08%
2026-09-15 09:26:35.278 | INFO     | train:train_epoch:47 - Epoch 20, Step 0, Loss: nan, Accuracy: 46.88%
2026-09-15 09:26:35.650 | INFO     | train:test_epoch:90 - Epoch 20, Val Loss: nan, Val Accuracy: 33.08%
2026-09-15 09:26:35.651 | INFO     | __main__:main:134 - Best validation accuracy for beta 1.00: 33.08%
2026-09-15 09:26:35.651 | INFO     | __main__:main:143 - Best beta: 0.79, Best validation accuracy: 97.74%
2026-09-15 09:26:35.651 | INFO     | __main__:main:145 - Testing the best model...
2026-09-15 09:26:36.933 | INFO     | train:test_epoch:100 - Loss: 0.281895, Accuracy: 91.41%
2026-09-15 09:26:36.933 | INFO     | __main__:main:147 - Test accuracy: 91.41%
2026-09-15 09:26:36.996 | INFO     | __main__:main:152 - CT model saved to ./ckpts/ct_imagenet_to_beans_resnet18_seed44.pth
2026-09-15 09:26:36.997 | INFO     | __main__:main:157 - Baseline Accuracy: 87.50%
2026-09-15 09:26:36.997 | INFO     | __main__:main:158 - CT Accuracy: 91.41%
2026-09-15 09:26:36.997 | INFO     | __main__:main:159 - Relative accuracy improvement over baseline: 4.46%
2026-09-15 09:26:36.997 | INFO     | __main__:main:160 - CT Best beta: 0.79, Best validation accuracy: 97.74%
2026-09-15 09:26:36.998 | INFO     | __main__:main:171 - Results saved to ./results/
