2026-09-15 09:06:00.893 | INFO     | __main__:main:54 - Log file: ./logs/generalization_ct_imagenet_to_beans_resnet18_seed43.log
2026-09-15 09:06:00.897 | INFO     | __main__:main:58 - Running on cuda
2026-09-15 09:06:02.067 | INFO     | __main__:main:85 - Testing baseline...
2026-09-15 09:06:02.082 | INFO     | __main__:main:88 - Number of trainable parameters: 1539
2026-09-15 09:06:02.083 | INFO     | __main__:main:89 - Starting transfer learning...
2026-09-15 09:06:09.754 | INFO     | train:train_epoch:47 - Epoch 1, Step 0, Loss: 1.063459, Accuracy: 50.00%
2026-09-15 09:06:10.271 | INFO     | train:test_epoch:90 - Epoch 1, Val Loss: 0.718151, Val Accuracy: 75.94%
2026-09-15 09:06:10.272 | INFO     | train:linear_probe:190 - New best validation accuracy: 75.94 at epoch 1
2026-09-15 09:06:10.482 | INFO     | train:train_epoch:47 - Epoch 2, Step 0, Loss: 0.651616, Accuracy: 90.62%
2026-09-15 09:06:11.038 | INFO     | train:test_epoch:90 - Epoch 2, Val Loss: 0.499973, Val Accuracy: 85.71%
2026-09-15 09:06:11.039 | INFO     | train:linear_probe:190 - New best validation accuracy: 85.71 at epoch 2
2026-09-15 09:06:11.244 | INFO     | train:train_epoch:47 - Epoch 3, Step 0, Loss: 0.503003, Accuracy: 87.50%
2026-09-15 09:06:11.844 | INFO     | train:test_epoch:90 - Epoch 3, Val Loss: 0.423584, Val Accuracy: 86.47%
2026-09-15 09:06:11.846 | INFO     | train:linear_probe:190 - New best validation accuracy: 86.47 at epoch 3
2026-09-15 09:06:12.076 | INFO     | train:train_epoch:47 - Epoch 4, Step 0, Loss: 0.289271, Accuracy: 93.75%
2026-09-15 09:06:12.545 | INFO     | train:test_epoch:90 - Epoch 4, Val Loss: 0.393850, Val Accuracy: 84.96%
2026-09-15 09:06:12.737 | INFO     | train:train_epoch:47 - Epoch 5, Step 0, Loss: 0.279473, Accuracy: 96.88%
2026-09-15 09:06:13.283 | INFO     | train:test_epoch:90 - Epoch 5, Val Loss: 0.358805, Val Accuracy: 87.22%
2026-09-15 09:06:13.283 | INFO     | train:linear_probe:190 - New best validation accuracy: 87.22 at epoch 5
2026-09-15 09:06:13.405 | INFO     | train:train_epoch:47 - Epoch 6, Step 0, Loss: 0.469316, Accuracy: 84.38%
2026-09-15 09:06:13.751 | INFO     | train:test_epoch:90 - Epoch 6, Val Loss: 0.324672, Val Accuracy: 87.22%
2026-09-15 09:06:13.899 | INFO     | train:train_epoch:47 - Epoch 7, Step 0, Loss: 0.414670, Accuracy: 87.50%
2026-09-15 09:06:14.228 | INFO     | train:test_epoch:90 - Epoch 7, Val Loss: 0.317803, Val Accuracy: 89.47%
2026-09-15 09:06:14.229 | INFO     | train:linear_probe:190 - New best validation accuracy: 89.47 at epoch 7
2026-09-15 09:06:14.366 | INFO     | train:train_epoch:47 - Epoch 8, Step 0, Loss: 0.286027, Accuracy: 90.62%
2026-09-15 09:06:14.717 | INFO     | train:test_epoch:90 - Epoch 8, Val Loss: 0.311336, Val Accuracy: 89.47%
2026-09-15 09:06:14.859 | INFO     | train:train_epoch:47 - Epoch 9, Step 0, Loss: 0.330581, Accuracy: 90.62%
2026-09-15 09:06:15.217 | INFO     | train:test_epoch:90 - Epoch 9, Val Loss: 0.286419, Val Accuracy: 90.98%
2026-09-15 09:06:15.218 | INFO     | train:linear_probe:190 - New best validation accuracy: 90.98 at epoch 9
2026-09-15 09:06:15.354 | INFO     | train:train_epoch:47 - Epoch 10, Step 0, Loss: 0.460024, Accuracy: 84.38%
2026-09-15 09:06:15.685 | INFO     | train:test_epoch:90 - Epoch 10, Val Loss: 0.269993, Val Accuracy: 92.48%
2026-09-15 09:06:15.686 | INFO     | train:linear_probe:190 - New best validation accuracy: 92.48 at epoch 10
2026-09-15 09:06:15.830 | INFO     | train:train_epoch:47 - Epoch 11, Step 0, Loss: 0.142366, Accuracy: 100.00%
2026-09-15 09:06:16.191 | INFO     | train:test_epoch:90 - Epoch 11, Val Loss: 0.264026, Val Accuracy: 93.23%
2026-09-15 09:06:16.192 | INFO     | train:linear_probe:190 - New best validation accuracy: 93.23 at epoch 11
2026-09-15 09:06:16.327 | INFO     | train:train_epoch:47 - Epoch 12, Step 0, Loss: 0.302426, Accuracy: 93.75%
2026-09-15 09:06:16.690 | INFO     | train:test_epoch:90 - Epoch 12, Val Loss: 0.264118, Val Accuracy: 93.23%
2026-09-15 09:06:16.837 | INFO     | train:train_epoch:47 - Epoch 13, Step 0, Loss: 0.261391, Accuracy: 87.50%
2026-09-15 09:06:17.210 | INFO     | train:test_epoch:90 - Epoch 13, Val Loss: 0.261817, Val Accuracy: 93.23%
2026-09-15 09:06:17.338 | INFO     | train:train_epoch:47 - Epoch 14, Step 0, Loss: 0.174728, Accuracy: 96.88%
2026-09-15 09:06:17.704 | INFO     | train:test_epoch:90 - Epoch 14, Val Loss: 0.260532, Val Accuracy: 93.23%
2026-09-15 09:06:17.854 | INFO     | train:train_epoch:47 - Epoch 15, Step 0, Loss: 0.210724, Accuracy: 96.88%
2026-09-15 09:06:18.265 | INFO     | train:test_epoch:90 - Epoch 15, Val Loss: 0.259591, Val Accuracy: 93.23%
2026-09-15 09:06:18.409 | INFO     | train:train_epoch:47 - Epoch 16, Step 0, Loss: 0.398860, Accuracy: 90.62%
2026-09-15 09:06:18.741 | INFO     | train:test_epoch:90 - Epoch 16, Val Loss: 0.258412, Val Accuracy: 93.23%
2026-09-15 09:06:18.863 | INFO     | train:train_epoch:47 - Epoch 17, Step 0, Loss: 0.300040, Accuracy: 90.62%
2026-09-15 09:06:19.205 | INFO     | train:test_epoch:90 - Epoch 17, Val Loss: 0.257505, Val Accuracy: 93.23%
2026-09-15 09:06:19.353 | INFO     | train:train_epoch:47 - Epoch 18, Step 0, Loss: 0.300311, Accuracy: 93.75%
2026-09-15 09:06:19.689 | INFO     | train:test_epoch:90 - Epoch 18, Val Loss: 0.256987, Val Accuracy: 93.23%
2026-09-15 09:06:19.813 | INFO     | train:train_epoch:47 - Epoch 19, Step 0, Loss: 0.192509, Accuracy: 96.88%
2026-09-15 09:06:20.179 | INFO     | train:test_epoch:90 - Epoch 19, Val Loss: 0.256841, Val Accuracy: 93.23%
2026-09-15 09:06:20.309 | INFO     | train:train_epoch:47 - Epoch 20, Step 0, Loss: 0.223864, Accuracy: 93.75%
2026-09-15 09:06:20.657 | INFO     | train:test_epoch:90 - Epoch 20, Val Loss: 0.255779, Val Accuracy: 93.23%
2026-09-15 09:06:21.826 | INFO     | train:test_epoch:100 - Loss: 0.328010, Accuracy: 91.41%
2026-09-15 09:06:21.827 | INFO     | __main__:main:92 - Baseline Accuracy: 91.41%
2026-09-15 09:06:21.887 | INFO     | __main__:main:95 - Baseline model saved to ./ckpts/base_imagenet_to_beans_resnet18_seed43.pth
2026-09-15 09:06:21.894 | INFO     | __main__:main:123 - Testing CT with beta: 0.70
2026-09-15 09:06:21.908 | INFO     | __main__:main:129 - Number of trainable parameters: 1539
2026-09-15 09:06:21.909 | INFO     | __main__:main:130 - Starting transfer learning...
2026-09-15 09:06:30.838 | INFO     | train:train_epoch:47 - Epoch 1, Step 0, Loss: 1.268295, Accuracy: 37.50%
2026-09-15 09:06:31.199 | INFO     | train:test_epoch:90 - Epoch 1, Val Loss: 0.724935, Val Accuracy: 79.70%
2026-09-15 09:06:31.200 | INFO     | train:linear_probe:190 - New best validation accuracy: 79.70 at epoch 1
2026-09-15 09:06:31.342 | INFO     | train:train_epoch:47 - Epoch 2, Step 0, Loss: 0.780556, Accuracy: 68.75%
2026-09-15 09:06:31.700 | INFO     | train:test_epoch:90 - Epoch 2, Val Loss: 0.478422, Val Accuracy: 85.71%
2026-09-15 09:06:31.701 | INFO     | train:linear_probe:190 - New best validation accuracy: 85.71 at epoch 2
2026-09-15 09:06:31.842 | INFO     | train:train_epoch:47 - Epoch 3, Step 0, Loss: 0.676359, Accuracy: 75.00%
2026-09-15 09:06:32.197 | INFO     | train:test_epoch:90 - Epoch 3, Val Loss: 0.476778, Val Accuracy: 83.46%
2026-09-15 09:06:32.336 | INFO     | train:train_epoch:47 - Epoch 4, Step 0, Loss: 0.488195, Accuracy: 81.25%
2026-09-15 09:06:32.697 | INFO     | train:test_epoch:90 - Epoch 4, Val Loss: 0.370845, Val Accuracy: 90.23%
2026-09-15 09:06:32.698 | INFO     | train:linear_probe:190 - New best validation accuracy: 90.23 at epoch 4
2026-09-15 09:06:32.841 | INFO     | train:train_epoch:47 - Epoch 5, Step 0, Loss: 0.557161, Accuracy: 81.25%
2026-09-15 09:06:33.207 | INFO     | train:test_epoch:90 - Epoch 5, Val Loss: 0.383493, Val Accuracy: 87.97%
2026-09-15 09:06:33.351 | INFO     | train:train_epoch:47 - Epoch 6, Step 0, Loss: 0.512603, Accuracy: 84.38%
2026-09-15 09:06:33.726 | INFO     | train:test_epoch:90 - Epoch 6, Val Loss: 0.333478, Val Accuracy: 90.23%
2026-09-15 09:06:33.861 | INFO     | train:train_epoch:47 - Epoch 7, Step 0, Loss: 0.324223, Accuracy: 90.62%
2026-09-15 09:06:34.229 | INFO     | train:test_epoch:90 - Epoch 7, Val Loss: 0.329356, Val Accuracy: 90.23%
2026-09-15 09:06:34.366 | INFO     | train:train_epoch:47 - Epoch 8, Step 0, Loss: 0.474507, Accuracy: 78.12%
2026-09-15 09:06:34.725 | INFO     | train:test_epoch:90 - Epoch 8, Val Loss: 0.315432, Val Accuracy: 91.73%
2026-09-15 09:06:34.726 | INFO     | train:linear_probe:190 - New best validation accuracy: 91.73 at epoch 8
2026-09-15 09:06:34.882 | INFO     | train:train_epoch:47 - Epoch 9, Step 0, Loss: 0.351224, Accuracy: 84.38%
2026-09-15 09:06:35.256 | INFO     | train:test_epoch:90 - Epoch 9, Val Loss: 0.284894, Val Accuracy: 92.48%
2026-09-15 09:06:35.257 | INFO     | train:linear_probe:190 - New best validation accuracy: 92.48 at epoch 9
2026-09-15 09:06:35.402 | INFO     | train:train_epoch:47 - Epoch 10, Step 0, Loss: 0.477759, Accuracy: 75.00%
2026-09-15 09:06:35.758 | INFO     | train:test_epoch:90 - Epoch 10, Val Loss: 0.272809, Val Accuracy: 91.73%
2026-09-15 09:06:35.908 | INFO     | train:train_epoch:47 - Epoch 11, Step 0, Loss: 0.396687, Accuracy: 81.25%
2026-09-15 09:06:36.260 | INFO     | train:test_epoch:90 - Epoch 11, Val Loss: 0.263544, Val Accuracy: 92.48%
2026-09-15 09:06:36.399 | INFO     | train:train_epoch:47 - Epoch 12, Step 0, Loss: 0.322793, Accuracy: 90.62%
2026-09-15 09:06:36.768 | INFO     | train:test_epoch:90 - Epoch 12, Val Loss: 0.267570, Val Accuracy: 92.48%
2026-09-15 09:06:36.903 | INFO     | train:train_epoch:47 - Epoch 13, Step 0, Loss: 0.380687, Accuracy: 81.25%
2026-09-15 09:06:37.262 | INFO     | train:test_epoch:90 - Epoch 13, Val Loss: 0.263413, Val Accuracy: 92.48%
2026-09-15 09:06:37.465 | INFO     | train:train_epoch:47 - Epoch 14, Step 0, Loss: 0.226756, Accuracy: 93.75%
2026-09-15 09:06:37.995 | INFO     | train:test_epoch:90 - Epoch 14, Val Loss: 0.268570, Val Accuracy: 92.48%
2026-09-15 09:06:38.212 | INFO     | train:train_epoch:47 - Epoch 15, Step 0, Loss: 0.213386, Accuracy: 90.62%
2026-09-15 09:06:38.758 | INFO     | train:test_epoch:90 - Epoch 15, Val Loss: 0.263976, Val Accuracy: 92.48%
2026-09-15 09:06:38.961 | INFO     | train:train_epoch:47 - Epoch 16, Step 0, Loss: 0.231388, Accuracy: 90.62%
2026-09-15 09:06:39.505 | INFO     | train:test_epoch:90 - Epoch 16, Val Loss: 0.262225, Val Accuracy: 92.48%
2026-09-15 09:06:39.722 | INFO     | train:train_epoch:47 - Epoch 17, Step 0, Loss: 0.407981, Accuracy: 90.62%
2026-09-15 09:06:40.229 | INFO     | train:test_epoch:90 - Epoch 17, Val Loss: 0.262140, Val Accuracy: 92.48%
2026-09-15 09:06:40.485 | INFO     | train:train_epoch:47 - Epoch 18, Step 0, Loss: 0.531850, Accuracy: 78.12%
2026-09-15 09:06:40.919 | INFO     | train:test_epoch:90 - Epoch 18, Val Loss: 0.265616, Val Accuracy: 92.48%
2026-09-15 09:06:41.053 | INFO     | train:train_epoch:47 - Epoch 19, Step 0, Loss: 0.261283, Accuracy: 93.75%
2026-09-15 09:06:41.447 | INFO     | train:test_epoch:90 - Epoch 19, Val Loss: 0.260573, Val Accuracy: 92.48%
2026-09-15 09:06:41.607 | INFO     | train:train_epoch:47 - Epoch 20, Step 0, Loss: 0.280309, Accuracy: 90.62%
2026-09-15 09:06:42.001 | INFO     | train:test_epoch:90 - Epoch 20, Val Loss: 0.259608, Val Accuracy: 92.48%
2026-09-15 09:06:42.002 | INFO     | __main__:main:134 - Best validation accuracy for beta 0.70: 92.48%
2026-09-15 09:06:42.014 | INFO     | __main__:main:123 - Testing CT with beta: 0.71
2026-09-15 09:06:42.030 | INFO     | __main__:main:129 - Number of trainable parameters: 1539
2026-09-15 09:06:42.030 | INFO     | __main__:main:130 - Starting transfer learning...
2026-09-15 09:06:49.314 | INFO     | train:train_epoch:47 - Epoch 1, Step 0, Loss: 1.673164, Accuracy: 37.50%
2026-09-15 09:06:49.678 | INFO     | train:test_epoch:90 - Epoch 1, Val Loss: 0.829244, Val Accuracy: 66.92%
2026-09-15 09:06:49.679 | INFO     | train:linear_probe:190 - New best validation accuracy: 66.92 at epoch 1
2026-09-15 09:06:49.852 | INFO     | train:train_epoch:47 - Epoch 2, Step 0, Loss: 0.814796, Accuracy: 59.38%
2026-09-15 09:06:50.202 | INFO     | train:test_epoch:90 - Epoch 2, Val Loss: 0.569061, Val Accuracy: 81.95%
2026-09-15 09:06:50.203 | INFO     | train:linear_probe:190 - New best validation accuracy: 81.95 at epoch 2
2026-09-15 09:06:50.351 | INFO     | train:train_epoch:47 - Epoch 3, Step 0, Loss: 0.690340, Accuracy: 59.38%
2026-09-15 09:06:50.956 | INFO     | train:test_epoch:90 - Epoch 3, Val Loss: 0.510536, Val Accuracy: 81.95%
2026-09-15 09:06:51.204 | INFO     | train:train_epoch:47 - Epoch 4, Step 0, Loss: 0.507730, Accuracy: 81.25%
2026-09-15 09:06:51.831 | INFO     | train:test_epoch:90 - Epoch 4, Val Loss: 0.425717, Val Accuracy: 86.47%
2026-09-15 09:06:51.832 | INFO     | train:linear_probe:190 - New best validation accuracy: 86.47 at epoch 4
2026-09-15 09:06:52.074 | INFO     | train:train_epoch:47 - Epoch 5, Step 0, Loss: 0.438604, Accuracy: 78.12%
2026-09-15 09:06:52.680 | INFO     | train:test_epoch:90 - Epoch 5, Val Loss: 0.392734, Val Accuracy: 87.97%
2026-09-15 09:06:52.681 | INFO     | train:linear_probe:190 - New best validation accuracy: 87.97 at epoch 5
2026-09-15 09:06:52.944 | INFO     | train:train_epoch:47 - Epoch 6, Step 0, Loss: 0.419654, Accuracy: 84.38%
2026-09-15 09:06:53.526 | INFO     | train:test_epoch:90 - Epoch 6, Val Loss: 0.395053, Val Accuracy: 87.97%
2026-09-15 09:06:53.790 | INFO     | train:train_epoch:47 - Epoch 7, Step 0, Loss: 0.523215, Accuracy: 68.75%
2026-09-15 09:06:54.260 | INFO     | train:test_epoch:90 - Epoch 7, Val Loss: 0.367266, Val Accuracy: 88.72%
2026-09-15 09:06:54.261 | INFO     | train:linear_probe:190 - New best validation accuracy: 88.72 at epoch 7
2026-09-15 09:06:54.405 | INFO     | train:train_epoch:47 - Epoch 8, Step 0, Loss: 0.415088, Accuracy: 78.12%
2026-09-15 09:06:54.784 | INFO     | train:test_epoch:90 - Epoch 8, Val Loss: 0.335325, Val Accuracy: 89.47%
2026-09-15 09:06:54.785 | INFO     | train:linear_probe:190 - New best validation accuracy: 89.47 at epoch 8
2026-09-15 09:06:54.936 | INFO     | train:train_epoch:47 - Epoch 9, Step 0, Loss: 0.444065, Accuracy: 81.25%
2026-09-15 09:06:55.316 | INFO     | train:test_epoch:90 - Epoch 9, Val Loss: 0.313977, Val Accuracy: 90.23%
2026-09-15 09:06:55.317 | INFO     | train:linear_probe:190 - New best validation accuracy: 90.23 at epoch 9
2026-09-15 09:06:55.467 | INFO     | train:train_epoch:47 - Epoch 10, Step 0, Loss: 0.178818, Accuracy: 96.88%
2026-09-15 09:06:55.850 | INFO     | train:test_epoch:90 - Epoch 10, Val Loss: 0.298817, Val Accuracy: 89.47%
2026-09-15 09:06:55.998 | INFO     | train:train_epoch:47 - Epoch 11, Step 0, Loss: 0.334685, Accuracy: 87.50%
2026-09-15 09:06:56.372 | INFO     | train:test_epoch:90 - Epoch 11, Val Loss: 0.299337, Val Accuracy: 90.23%
2026-09-15 09:06:56.515 | INFO     | train:train_epoch:47 - Epoch 12, Step 0, Loss: 0.261088, Accuracy: 93.75%
2026-09-15 09:06:56.874 | INFO     | train:test_epoch:90 - Epoch 12, Val Loss: 0.296727, Val Accuracy: 90.23%
2026-09-15 09:06:57.005 | INFO     | train:train_epoch:47 - Epoch 13, Step 0, Loss: 0.290722, Accuracy: 90.62%
2026-09-15 09:06:57.364 | INFO     | train:test_epoch:90 - Epoch 13, Val Loss: 0.294319, Val Accuracy: 90.23%
2026-09-15 09:06:57.508 | INFO     | train:train_epoch:47 - Epoch 14, Step 0, Loss: 0.488903, Accuracy: 84.38%
2026-09-15 09:06:57.853 | INFO     | train:test_epoch:90 - Epoch 14, Val Loss: 0.294483, Val Accuracy: 90.23%
2026-09-15 09:06:57.987 | INFO     | train:train_epoch:47 - Epoch 15, Step 0, Loss: 0.259819, Accuracy: 93.75%
2026-09-15 09:06:58.353 | INFO     | train:test_epoch:90 - Epoch 15, Val Loss: 0.294615, Val Accuracy: 90.23%
2026-09-15 09:06:58.508 | INFO     | train:train_epoch:47 - Epoch 16, Step 0, Loss: 0.280590, Accuracy: 90.62%
2026-09-15 09:06:58.885 | INFO     | train:test_epoch:90 - Epoch 16, Val Loss: 0.290718, Val Accuracy: 90.23%
2026-09-15 09:06:59.023 | INFO     | train:train_epoch:47 - Epoch 17, Step 0, Loss: 0.166874, Accuracy: 96.88%
2026-09-15 09:06:59.381 | INFO     | train:test_epoch:90 - Epoch 17, Val Loss: 0.290995, Val Accuracy: 90.23%
2026-09-15 09:06:59.530 | INFO     | train:train_epoch:47 - Epoch 18, Step 0, Loss: 0.240476, Accuracy: 93.75%
2026-09-15 09:06:59.896 | INFO     | train:test_epoch:90 - Epoch 18, Val Loss: 0.290524, Val Accuracy: 89.47%
2026-09-15 09:07:00.034 | INFO     | train:train_epoch:47 - Epoch 19, Step 0, Loss: 0.506274, Accuracy: 84.38%
2026-09-15 09:07:00.390 | INFO     | train:test_epoch:90 - Epoch 19, Val Loss: 0.289629, Val Accuracy: 90.23%
2026-09-15 09:07:00.568 | INFO     | train:train_epoch:47 - Epoch 20, Step 0, Loss: 0.408073, Accuracy: 90.62%
2026-09-15 09:07:00.932 | INFO     | train:test_epoch:90 - Epoch 20, Val Loss: 0.288705, Val Accuracy: 89.47%
2026-09-15 09:07:00.933 | INFO     | __main__:main:134 - Best validation accuracy for beta 0.71: 90.23%
2026-09-15 09:07:00.933 | INFO     | __main__:main:123 - Testing CT with beta: 0.72
2026-09-15 09:07:00.949 | INFO     | __main__:main:129 - Number of trainable parameters: 1539
2026-09-15 09:07:00.950 | INFO     | __main__:main:130 - Starting transfer learning...
2026-09-15 09:07:09.870 | INFO     | train:train_epoch:47 - Epoch 1, Step 0, Loss: 1.347709, Accuracy: 34.38%
2026-09-15 09:07:10.257 | INFO     | train:test_epoch:90 - Epoch 1, Val Loss: 0.762834, Val Accuracy: 69.17%
2026-09-15 09:07:10.258 | INFO     | train:linear_probe:190 - New best validation accuracy: 69.17 at epoch 1
2026-09-15 09:07:10.406 | INFO     | train:train_epoch:47 - Epoch 2, Step 0, Loss: 0.693079, Accuracy: 84.38%
2026-09-15 09:07:10.768 | INFO     | train:test_epoch:90 - Epoch 2, Val Loss: 0.500454, Val Accuracy: 85.71%
2026-09-15 09:07:10.769 | INFO     | train:linear_probe:190 - New best validation accuracy: 85.71 at epoch 2
2026-09-15 09:07:10.917 | INFO     | train:train_epoch:47 - Epoch 3, Step 0, Loss: 0.593933, Accuracy: 71.88%
2026-09-15 09:07:11.302 | INFO     | train:test_epoch:90 - Epoch 3, Val Loss: 0.419073, Val Accuracy: 84.96%
2026-09-15 09:07:11.453 | INFO     | train:train_epoch:47 - Epoch 4, Step 0, Loss: 0.553218, Accuracy: 75.00%
2026-09-15 09:07:11.806 | INFO     | train:test_epoch:90 - Epoch 4, Val Loss: 0.371322, Val Accuracy: 87.97%
2026-09-15 09:07:11.807 | INFO     | train:linear_probe:190 - New best validation accuracy: 87.97 at epoch 4
2026-09-15 09:07:11.949 | INFO     | train:train_epoch:47 - Epoch 5, Step 0, Loss: 0.303402, Accuracy: 93.75%
2026-09-15 09:07:12.393 | INFO     | train:test_epoch:90 - Epoch 5, Val Loss: 0.363981, Val Accuracy: 89.47%
2026-09-15 09:07:12.394 | INFO     | train:linear_probe:190 - New best validation accuracy: 89.47 at epoch 5
2026-09-15 09:07:12.536 | INFO     | train:train_epoch:47 - Epoch 6, Step 0, Loss: 0.307519, Accuracy: 93.75%
2026-09-15 09:07:12.894 | INFO     | train:test_epoch:90 - Epoch 6, Val Loss: 0.336437, Val Accuracy: 89.47%
2026-09-15 09:07:13.031 | INFO     | train:train_epoch:47 - Epoch 7, Step 0, Loss: 0.426986, Accuracy: 75.00%
2026-09-15 09:07:13.396 | INFO     | train:test_epoch:90 - Epoch 7, Val Loss: 0.330154, Val Accuracy: 89.47%
2026-09-15 09:07:13.550 | INFO     | train:train_epoch:47 - Epoch 8, Step 0, Loss: 0.368173, Accuracy: 87.50%
2026-09-15 09:07:13.900 | INFO     | train:test_epoch:90 - Epoch 8, Val Loss: 0.279365, Val Accuracy: 90.98%
2026-09-15 09:07:13.901 | INFO     | train:linear_probe:190 - New best validation accuracy: 90.98 at epoch 8
2026-09-15 09:07:14.038 | INFO     | train:train_epoch:47 - Epoch 9, Step 0, Loss: 0.174089, Accuracy: 96.88%
2026-09-15 09:07:14.416 | INFO     | train:test_epoch:90 - Epoch 9, Val Loss: 0.306714, Val Accuracy: 89.47%
2026-09-15 09:07:14.556 | INFO     | train:train_epoch:47 - Epoch 10, Step 0, Loss: 0.232747, Accuracy: 93.75%
2026-09-15 09:07:14.914 | INFO     | train:test_epoch:90 - Epoch 10, Val Loss: 0.259429, Val Accuracy: 92.48%
2026-09-15 09:07:14.915 | INFO     | train:linear_probe:190 - New best validation accuracy: 92.48 at epoch 10
2026-09-15 09:07:15.045 | INFO     | train:train_epoch:47 - Epoch 11, Step 0, Loss: 0.209721, Accuracy: 90.62%
2026-09-15 09:07:15.418 | INFO     | train:test_epoch:90 - Epoch 11, Val Loss: 0.260413, Val Accuracy: 93.23%
2026-09-15 09:07:15.419 | INFO     | train:linear_probe:190 - New best validation accuracy: 93.23 at epoch 11
2026-09-15 09:07:15.569 | INFO     | train:train_epoch:47 - Epoch 12, Step 0, Loss: 0.352884, Accuracy: 81.25%
2026-09-15 09:07:15.922 | INFO     | train:test_epoch:90 - Epoch 12, Val Loss: 0.257493, Val Accuracy: 92.48%
2026-09-15 09:07:16.062 | INFO     | train:train_epoch:47 - Epoch 13, Step 0, Loss: 0.266177, Accuracy: 93.75%
2026-09-15 09:07:16.416 | INFO     | train:test_epoch:90 - Epoch 13, Val Loss: 0.257246, Val Accuracy: 92.48%
2026-09-15 09:07:16.577 | INFO     | train:train_epoch:47 - Epoch 14, Step 0, Loss: 0.232719, Accuracy: 90.62%
2026-09-15 09:07:16.942 | INFO     | train:test_epoch:90 - Epoch 14, Val Loss: 0.258549, Val Accuracy: 93.23%
2026-09-15 09:07:17.078 | INFO     | train:train_epoch:47 - Epoch 15, Step 0, Loss: 0.341372, Accuracy: 87.50%
2026-09-15 09:07:17.436 | INFO     | train:test_epoch:90 - Epoch 15, Val Loss: 0.253311, Val Accuracy: 91.73%
2026-09-15 09:07:17.593 | INFO     | train:train_epoch:47 - Epoch 16, Step 0, Loss: 0.234426, Accuracy: 93.75%
2026-09-15 09:07:17.961 | INFO     | train:test_epoch:90 - Epoch 16, Val Loss: 0.253513, Val Accuracy: 92.48%
2026-09-15 09:07:18.096 | INFO     | train:train_epoch:47 - Epoch 17, Step 0, Loss: 0.316811, Accuracy: 84.38%
2026-09-15 09:07:18.622 | INFO     | train:test_epoch:90 - Epoch 17, Val Loss: 0.252118, Val Accuracy: 92.48%
2026-09-15 09:07:18.836 | INFO     | train:train_epoch:47 - Epoch 18, Step 0, Loss: 0.253262, Accuracy: 93.75%
2026-09-15 09:07:19.399 | INFO     | train:test_epoch:90 - Epoch 18, Val Loss: 0.252467, Val Accuracy: 93.23%
2026-09-15 09:07:19.641 | INFO     | train:train_epoch:47 - Epoch 19, Step 0, Loss: 0.279459, Accuracy: 87.50%
2026-09-15 09:07:20.194 | INFO     | train:test_epoch:90 - Epoch 19, Val Loss: 0.252117, Val Accuracy: 93.23%
2026-09-15 09:07:20.412 | INFO     | train:train_epoch:47 - Epoch 20, Step 0, Loss: 0.325953, Accuracy: 84.38%
2026-09-15 09:07:20.997 | INFO     | train:test_epoch:90 - Epoch 20, Val Loss: 0.247178, Val Accuracy: 91.73%
2026-09-15 09:07:20.998 | INFO     | __main__:main:134 - Best validation accuracy for beta 0.72: 93.23%
2026-09-15 09:07:21.022 | INFO     | __main__:main:123 - Testing CT with beta: 0.73
2026-09-15 09:07:21.048 | INFO     | __main__:main:129 - Number of trainable parameters: 1539
2026-09-15 09:07:21.048 | INFO     | __main__:main:130 - Starting transfer learning...
2026-09-15 09:07:28.621 | INFO     | train:train_epoch:47 - Epoch 1, Step 0, Loss: 1.398331, Accuracy: 25.00%
2026-09-15 09:07:29.028 | INFO     | train:test_epoch:90 - Epoch 1, Val Loss: 0.745500, Val Accuracy: 74.44%
2026-09-15 09:07:29.029 | INFO     | train:linear_probe:190 - New best validation accuracy: 74.44 at epoch 1
2026-09-15 09:07:29.178 | INFO     | train:train_epoch:47 - Epoch 2, Step 0, Loss: 0.758506, Accuracy: 68.75%
2026-09-15 09:07:29.573 | INFO     | train:test_epoch:90 - Epoch 2, Val Loss: 0.488532, Val Accuracy: 85.71%
2026-09-15 09:07:29.574 | INFO     | train:linear_probe:190 - New best validation accuracy: 85.71 at epoch 2
2026-09-15 09:07:29.731 | INFO     | train:train_epoch:47 - Epoch 3, Step 0, Loss: 0.375371, Accuracy: 90.62%
2026-09-15 09:07:30.085 | INFO     | train:test_epoch:90 - Epoch 3, Val Loss: 0.412720, Val Accuracy: 86.47%
2026-09-15 09:07:30.086 | INFO     | train:linear_probe:190 - New best validation accuracy: 86.47 at epoch 3
2026-09-15 09:07:30.238 | INFO     | train:train_epoch:47 - Epoch 4, Step 0, Loss: 0.642713, Accuracy: 68.75%
2026-09-15 09:07:30.604 | INFO     | train:test_epoch:90 - Epoch 4, Val Loss: 0.360384, Val Accuracy: 88.72%
2026-09-15 09:07:30.605 | INFO     | train:linear_probe:190 - New best validation accuracy: 88.72 at epoch 4
2026-09-15 09:07:30.755 | INFO     | train:train_epoch:47 - Epoch 5, Step 0, Loss: 0.424009, Accuracy: 81.25%
2026-09-15 09:07:31.129 | INFO     | train:test_epoch:90 - Epoch 5, Val Loss: 0.364541, Val Accuracy: 89.47%
2026-09-15 09:07:31.130 | INFO     | train:linear_probe:190 - New best validation accuracy: 89.47 at epoch 5
2026-09-15 09:07:31.307 | INFO     | train:train_epoch:47 - Epoch 6, Step 0, Loss: 0.400902, Accuracy: 87.50%
2026-09-15 09:07:31.718 | INFO     | train:test_epoch:90 - Epoch 6, Val Loss: 0.308417, Val Accuracy: 92.48%
2026-09-15 09:07:31.719 | INFO     | train:linear_probe:190 - New best validation accuracy: 92.48 at epoch 6
2026-09-15 09:07:31.959 | INFO     | train:train_epoch:47 - Epoch 7, Step 0, Loss: 0.249472, Accuracy: 96.88%
2026-09-15 09:07:32.557 | INFO     | train:test_epoch:90 - Epoch 7, Val Loss: 0.301159, Val Accuracy: 90.98%
2026-09-15 09:07:32.779 | INFO     | train:train_epoch:47 - Epoch 8, Step 0, Loss: 0.275223, Accuracy: 90.62%
2026-09-15 09:07:33.329 | INFO     | train:test_epoch:90 - Epoch 8, Val Loss: 0.279316, Val Accuracy: 92.48%
2026-09-15 09:07:33.558 | INFO     | train:train_epoch:47 - Epoch 9, Step 0, Loss: 0.195813, Accuracy: 93.75%
2026-09-15 09:07:34.106 | INFO     | train:test_epoch:90 - Epoch 9, Val Loss: 0.269984, Val Accuracy: 91.73%
2026-09-15 09:07:34.358 | INFO     | train:train_epoch:47 - Epoch 10, Step 0, Loss: 0.331000, Accuracy: 93.75%
2026-09-15 09:07:34.918 | INFO     | train:test_epoch:90 - Epoch 10, Val Loss: 0.247107, Val Accuracy: 93.23%
2026-09-15 09:07:34.919 | INFO     | train:linear_probe:190 - New best validation accuracy: 93.23 at epoch 10
2026-09-15 09:07:35.060 | INFO     | train:train_epoch:47 - Epoch 11, Step 0, Loss: 0.181497, Accuracy: 96.88%
2026-09-15 09:07:35.413 | INFO     | train:test_epoch:90 - Epoch 11, Val Loss: 0.245598, Val Accuracy: 93.23%
2026-09-15 09:07:35.549 | INFO     | train:train_epoch:47 - Epoch 12, Step 0, Loss: 0.288429, Accuracy: 87.50%
2026-09-15 09:07:35.923 | INFO     | train:test_epoch:90 - Epoch 12, Val Loss: 0.241639, Val Accuracy: 93.23%
2026-09-15 09:07:36.071 | INFO     | train:train_epoch:47 - Epoch 13, Step 0, Loss: 0.202164, Accuracy: 93.75%
2026-09-15 09:07:36.443 | INFO     | train:test_epoch:90 - Epoch 13, Val Loss: 0.240902, Val Accuracy: 93.23%
2026-09-15 09:07:36.588 | INFO     | train:train_epoch:47 - Epoch 14, Step 0, Loss: 0.249675, Accuracy: 90.62%
2026-09-15 09:07:36.966 | INFO     | train:test_epoch:90 - Epoch 14, Val Loss: 0.241098, Val Accuracy: 93.23%
2026-09-15 09:07:37.116 | INFO     | train:train_epoch:47 - Epoch 15, Step 0, Loss: 0.210521, Accuracy: 93.75%
2026-09-15 09:07:37.462 | INFO     | train:test_epoch:90 - Epoch 15, Val Loss: 0.239263, Val Accuracy: 93.23%
2026-09-15 09:07:37.599 | INFO     | train:train_epoch:47 - Epoch 16, Step 0, Loss: 0.308739, Accuracy: 84.38%
2026-09-15 09:07:37.982 | INFO     | train:test_epoch:90 - Epoch 16, Val Loss: 0.237031, Val Accuracy: 93.23%
2026-09-15 09:07:38.127 | INFO     | train:train_epoch:47 - Epoch 17, Step 0, Loss: 0.163684, Accuracy: 93.75%
2026-09-15 09:07:38.487 | INFO     | train:test_epoch:90 - Epoch 17, Val Loss: 0.234494, Val Accuracy: 93.23%
2026-09-15 09:07:38.630 | INFO     | train:train_epoch:47 - Epoch 18, Step 0, Loss: 0.262305, Accuracy: 90.62%
2026-09-15 09:07:39.003 | INFO     | train:test_epoch:90 - Epoch 18, Val Loss: 0.235360, Val Accuracy: 93.23%
2026-09-15 09:07:39.150 | INFO     | train:train_epoch:47 - Epoch 19, Step 0, Loss: 0.294348, Accuracy: 90.62%
2026-09-15 09:07:39.519 | INFO     | train:test_epoch:90 - Epoch 19, Val Loss: 0.236575, Val Accuracy: 93.23%
2026-09-15 09:07:39.651 | INFO     | train:train_epoch:47 - Epoch 20, Step 0, Loss: 0.261297, Accuracy: 90.62%
2026-09-15 09:07:40.032 | INFO     | train:test_epoch:90 - Epoch 20, Val Loss: 0.230431, Val Accuracy: 93.98%
2026-09-15 09:07:40.033 | INFO     | train:linear_probe:190 - New best validation accuracy: 93.98 at epoch 20
2026-09-15 09:07:40.034 | INFO     | __main__:main:134 - Best validation accuracy for beta 0.73: 93.98%
2026-09-15 09:07:40.047 | INFO     | __main__:main:123 - Testing CT with beta: 0.74
2026-09-15 09:07:40.062 | INFO     | __main__:main:129 - Number of trainable parameters: 1539
2026-09-15 09:07:40.063 | INFO     | __main__:main:130 - Starting transfer learning...
2026-09-15 09:07:48.717 | INFO     | train:train_epoch:47 - Epoch 1, Step 0, Loss: 1.085393, Accuracy: 46.88%
2026-09-15 09:07:49.075 | INFO     | train:test_epoch:90 - Epoch 1, Val Loss: 0.672274, Val Accuracy: 77.44%
2026-09-15 09:07:49.076 | INFO     | train:linear_probe:190 - New best validation accuracy: 77.44 at epoch 1
2026-09-15 09:07:49.221 | INFO     | train:train_epoch:47 - Epoch 2, Step 0, Loss: 0.773534, Accuracy: 53.12%
2026-09-15 09:07:49.589 | INFO     | train:test_epoch:90 - Epoch 2, Val Loss: 0.440717, Val Accuracy: 87.22%
2026-09-15 09:07:49.590 | INFO     | train:linear_probe:190 - New best validation accuracy: 87.22 at epoch 2
2026-09-15 09:07:49.732 | INFO     | train:train_epoch:47 - Epoch 3, Step 0, Loss: 0.451898, Accuracy: 75.00%
2026-09-15 09:07:50.100 | INFO     | train:test_epoch:90 - Epoch 3, Val Loss: 0.382305, Val Accuracy: 84.96%
2026-09-15 09:07:50.242 | INFO     | train:train_epoch:47 - Epoch 4, Step 0, Loss: 0.299378, Accuracy: 90.62%
2026-09-15 09:07:50.600 | INFO     | train:test_epoch:90 - Epoch 4, Val Loss: 0.353886, Val Accuracy: 89.47%
2026-09-15 09:07:50.601 | INFO     | train:linear_probe:190 - New best validation accuracy: 89.47 at epoch 4
2026-09-15 09:07:50.741 | INFO     | train:train_epoch:47 - Epoch 5, Step 0, Loss: 0.384719, Accuracy: 90.62%
2026-09-15 09:07:51.115 | INFO     | train:test_epoch:90 - Epoch 5, Val Loss: 0.306451, Val Accuracy: 89.47%
2026-09-15 09:07:51.260 | INFO     | train:train_epoch:47 - Epoch 6, Step 0, Loss: 0.239275, Accuracy: 90.62%
2026-09-15 09:07:51.641 | INFO     | train:test_epoch:90 - Epoch 6, Val Loss: 0.280305, Val Accuracy: 90.98%
2026-09-15 09:07:51.642 | INFO     | train:linear_probe:190 - New best validation accuracy: 90.98 at epoch 6
2026-09-15 09:07:51.766 | INFO     | train:train_epoch:47 - Epoch 7, Step 0, Loss: 0.243052, Accuracy: 93.75%
2026-09-15 09:07:52.151 | INFO     | train:test_epoch:90 - Epoch 7, Val Loss: 0.291338, Val Accuracy: 88.72%
2026-09-15 09:07:52.297 | INFO     | train:train_epoch:47 - Epoch 8, Step 0, Loss: 0.361570, Accuracy: 87.50%
2026-09-15 09:07:52.691 | INFO     | train:test_epoch:90 - Epoch 8, Val Loss: 0.267447, Val Accuracy: 90.98%
2026-09-15 09:07:52.829 | INFO     | train:train_epoch:47 - Epoch 9, Step 0, Loss: 0.316558, Accuracy: 87.50%
2026-09-15 09:07:53.195 | INFO     | train:test_epoch:90 - Epoch 9, Val Loss: 0.236864, Val Accuracy: 93.98%
2026-09-15 09:07:53.197 | INFO     | train:linear_probe:190 - New best validation accuracy: 93.98 at epoch 9
2026-09-15 09:07:53.342 | INFO     | train:train_epoch:47 - Epoch 10, Step 0, Loss: 0.149096, Accuracy: 100.00%
2026-09-15 09:07:53.704 | INFO     | train:test_epoch:90 - Epoch 10, Val Loss: 0.235522, Val Accuracy: 93.98%
2026-09-15 09:07:53.847 | INFO     | train:train_epoch:47 - Epoch 11, Step 0, Loss: 0.250630, Accuracy: 93.75%
2026-09-15 09:07:54.209 | INFO     | train:test_epoch:90 - Epoch 11, Val Loss: 0.231062, Val Accuracy: 93.98%
2026-09-15 09:07:54.356 | INFO     | train:train_epoch:47 - Epoch 12, Step 0, Loss: 0.422138, Accuracy: 84.38%
2026-09-15 09:07:54.730 | INFO     | train:test_epoch:90 - Epoch 12, Val Loss: 0.226647, Val Accuracy: 94.74%
2026-09-15 09:07:54.731 | INFO     | train:linear_probe:190 - New best validation accuracy: 94.74 at epoch 12
2026-09-15 09:07:54.880 | INFO     | train:train_epoch:47 - Epoch 13, Step 0, Loss: 0.290829, Accuracy: 90.62%
2026-09-15 09:07:55.239 | INFO     | train:test_epoch:90 - Epoch 13, Val Loss: 0.228202, Val Accuracy: 93.98%
2026-09-15 09:07:55.393 | INFO     | train:train_epoch:47 - Epoch 14, Step 0, Loss: 0.212472, Accuracy: 93.75%
2026-09-15 09:07:55.772 | INFO     | train:test_epoch:90 - Epoch 14, Val Loss: 0.226187, Val Accuracy: 94.74%
2026-09-15 09:07:55.908 | INFO     | train:train_epoch:47 - Epoch 15, Step 0, Loss: 0.188510, Accuracy: 96.88%
2026-09-15 09:07:56.261 | INFO     | train:test_epoch:90 - Epoch 15, Val Loss: 0.225844, Val Accuracy: 94.74%
2026-09-15 09:07:56.410 | INFO     | train:train_epoch:47 - Epoch 16, Step 0, Loss: 0.281572, Accuracy: 90.62%
2026-09-15 09:07:56.800 | INFO     | train:test_epoch:90 - Epoch 16, Val Loss: 0.224943, Val Accuracy: 93.98%
2026-09-15 09:07:56.955 | INFO     | train:train_epoch:47 - Epoch 17, Step 0, Loss: 0.202643, Accuracy: 96.88%
2026-09-15 09:07:57.323 | INFO     | train:test_epoch:90 - Epoch 17, Val Loss: 0.224627, Val Accuracy: 94.74%
2026-09-15 09:07:57.485 | INFO     | train:train_epoch:47 - Epoch 18, Step 0, Loss: 0.382550, Accuracy: 87.50%
2026-09-15 09:07:57.861 | INFO     | train:test_epoch:90 - Epoch 18, Val Loss: 0.221910, Val Accuracy: 95.49%
2026-09-15 09:07:57.862 | INFO     | train:linear_probe:190 - New best validation accuracy: 95.49 at epoch 18
2026-09-15 09:07:57.998 | INFO     | train:train_epoch:47 - Epoch 19, Step 0, Loss: 0.224193, Accuracy: 93.75%
2026-09-15 09:07:58.430 | INFO     | train:test_epoch:90 - Epoch 19, Val Loss: 0.222181, Val Accuracy: 95.49%
2026-09-15 09:07:58.645 | INFO     | train:train_epoch:47 - Epoch 20, Step 0, Loss: 0.386923, Accuracy: 90.62%
2026-09-15 09:07:59.205 | INFO     | train:test_epoch:90 - Epoch 20, Val Loss: 0.221558, Val Accuracy: 95.49%
2026-09-15 09:07:59.206 | INFO     | __main__:main:134 - Best validation accuracy for beta 0.74: 95.49%
2026-09-15 09:07:59.224 | INFO     | __main__:main:123 - Testing CT with beta: 0.75
2026-09-15 09:07:59.248 | INFO     | __main__:main:129 - Number of trainable parameters: 1539
2026-09-15 09:07:59.249 | INFO     | __main__:main:130 - Starting transfer learning...
2026-09-15 09:08:07.557 | INFO     | train:train_epoch:47 - Epoch 1, Step 0, Loss: 1.139525, Accuracy: 34.38%
2026-09-15 09:08:07.900 | INFO     | train:test_epoch:90 - Epoch 1, Val Loss: 0.677625, Val Accuracy: 75.94%
2026-09-15 09:08:07.901 | INFO     | train:linear_probe:190 - New best validation accuracy: 75.94 at epoch 1
2026-09-15 09:08:08.036 | INFO     | train:train_epoch:47 - Epoch 2, Step 0, Loss: 0.673306, Accuracy: 84.38%
2026-09-15 09:08:08.418 | INFO     | train:test_epoch:90 - Epoch 2, Val Loss: 0.458449, Val Accuracy: 85.71%
2026-09-15 09:08:08.419 | INFO     | train:linear_probe:190 - New best validation accuracy: 85.71 at epoch 2
2026-09-15 09:08:08.556 | INFO     | train:train_epoch:47 - Epoch 3, Step 0, Loss: 0.592375, Accuracy: 78.12%
2026-09-15 09:08:08.911 | INFO     | train:test_epoch:90 - Epoch 3, Val Loss: 0.378601, Val Accuracy: 88.72%
2026-09-15 09:08:08.912 | INFO     | train:linear_probe:190 - New best validation accuracy: 88.72 at epoch 3
2026-09-15 09:08:09.052 | INFO     | train:train_epoch:47 - Epoch 4, Step 0, Loss: 0.469975, Accuracy: 87.50%
2026-09-15 09:08:09.448 | INFO     | train:test_epoch:90 - Epoch 4, Val Loss: 0.338503, Val Accuracy: 90.98%
2026-09-15 09:08:09.449 | INFO     | train:linear_probe:190 - New best validation accuracy: 90.98 at epoch 4
2026-09-15 09:08:09.592 | INFO     | train:train_epoch:47 - Epoch 5, Step 0, Loss: 0.415637, Accuracy: 87.50%
2026-09-15 09:08:09.946 | INFO     | train:test_epoch:90 - Epoch 5, Val Loss: 0.306362, Val Accuracy: 92.48%
2026-09-15 09:08:09.947 | INFO     | train:linear_probe:190 - New best validation accuracy: 92.48 at epoch 5
2026-09-15 09:08:10.091 | INFO     | train:train_epoch:47 - Epoch 6, Step 0, Loss: 0.483062, Accuracy: 75.00%
2026-09-15 09:08:10.456 | INFO     | train:test_epoch:90 - Epoch 6, Val Loss: 0.294688, Val Accuracy: 90.98%
2026-09-15 09:08:10.610 | INFO     | train:train_epoch:47 - Epoch 7, Step 0, Loss: 0.401983, Accuracy: 81.25%
2026-09-15 09:08:10.971 | INFO     | train:test_epoch:90 - Epoch 7, Val Loss: 0.271625, Val Accuracy: 90.23%
2026-09-15 09:08:11.114 | INFO     | train:train_epoch:47 - Epoch 8, Step 0, Loss: 0.324220, Accuracy: 87.50%
2026-09-15 09:08:11.484 | INFO     | train:test_epoch:90 - Epoch 8, Val Loss: 0.251703, Val Accuracy: 92.48%
2026-09-15 09:08:11.642 | INFO     | train:train_epoch:47 - Epoch 9, Step 0, Loss: 0.338897, Accuracy: 93.75%
2026-09-15 09:08:12.010 | INFO     | train:test_epoch:90 - Epoch 9, Val Loss: 0.241096, Val Accuracy: 94.74%
2026-09-15 09:08:12.011 | INFO     | train:linear_probe:190 - New best validation accuracy: 94.74 at epoch 9
2026-09-15 09:08:12.242 | INFO     | train:train_epoch:47 - Epoch 10, Step 0, Loss: 0.230195, Accuracy: 93.75%
2026-09-15 09:08:12.825 | INFO     | train:test_epoch:90 - Epoch 10, Val Loss: 0.218332, Val Accuracy: 94.74%
2026-09-15 09:08:13.078 | INFO     | train:train_epoch:47 - Epoch 11, Step 0, Loss: 0.234677, Accuracy: 90.62%
2026-09-15 09:08:13.672 | INFO     | train:test_epoch:90 - Epoch 11, Val Loss: 0.222633, Val Accuracy: 93.23%
2026-09-15 09:08:13.931 | INFO     | train:train_epoch:47 - Epoch 12, Step 0, Loss: 0.229041, Accuracy: 90.62%
2026-09-15 09:08:14.475 | INFO     | train:test_epoch:90 - Epoch 12, Val Loss: 0.221572, Val Accuracy: 93.23%
2026-09-15 09:08:14.715 | INFO     | train:train_epoch:47 - Epoch 13, Step 0, Loss: 0.240582, Accuracy: 90.62%
2026-09-15 09:08:15.295 | INFO     | train:test_epoch:90 - Epoch 13, Val Loss: 0.220246, Val Accuracy: 93.23%
2026-09-15 09:08:15.509 | INFO     | train:train_epoch:47 - Epoch 14, Step 0, Loss: 0.201981, Accuracy: 93.75%
2026-09-15 09:08:15.916 | INFO     | train:test_epoch:90 - Epoch 14, Val Loss: 0.219377, Val Accuracy: 93.23%
2026-09-15 09:08:16.061 | INFO     | train:train_epoch:47 - Epoch 15, Step 0, Loss: 0.186877, Accuracy: 96.88%
2026-09-15 09:08:16.407 | INFO     | train:test_epoch:90 - Epoch 15, Val Loss: 0.216476, Val Accuracy: 93.98%
2026-09-15 09:08:16.540 | INFO     | train:train_epoch:47 - Epoch 16, Step 0, Loss: 0.282718, Accuracy: 93.75%
2026-09-15 09:08:16.914 | INFO     | train:test_epoch:90 - Epoch 16, Val Loss: 0.217982, Val Accuracy: 93.98%
2026-09-15 09:08:17.046 | INFO     | train:train_epoch:47 - Epoch 17, Step 0, Loss: 0.198969, Accuracy: 96.88%
2026-09-15 09:08:17.399 | INFO     | train:test_epoch:90 - Epoch 17, Val Loss: 0.214752, Val Accuracy: 93.98%
2026-09-15 09:08:17.536 | INFO     | train:train_epoch:47 - Epoch 18, Step 0, Loss: 0.151262, Accuracy: 100.00%
2026-09-15 09:08:17.906 | INFO     | train:test_epoch:90 - Epoch 18, Val Loss: 0.215868, Val Accuracy: 93.98%
2026-09-15 09:08:18.048 | INFO     | train:train_epoch:47 - Epoch 19, Step 0, Loss: 0.150632, Accuracy: 100.00%
2026-09-15 09:08:18.397 | INFO     | train:test_epoch:90 - Epoch 19, Val Loss: 0.215316, Val Accuracy: 93.98%
2026-09-15 09:08:18.542 | INFO     | train:train_epoch:47 - Epoch 20, Step 0, Loss: 0.136254, Accuracy: 96.88%
2026-09-15 09:08:18.892 | INFO     | train:test_epoch:90 - Epoch 20, Val Loss: 0.214741, Val Accuracy: 93.98%
2026-09-15 09:08:18.893 | INFO     | __main__:main:134 - Best validation accuracy for beta 0.75: 94.74%
2026-09-15 09:08:18.893 | INFO     | __main__:main:123 - Testing CT with beta: 0.76
2026-09-15 09:08:18.909 | INFO     | __main__:main:129 - Number of trainable parameters: 1539
2026-09-15 09:08:18.909 | INFO     | __main__:main:130 - Starting transfer learning...
2026-09-15 09:08:26.414 | INFO     | train:train_epoch:47 - Epoch 1, Step 0, Loss: 1.102960, Accuracy: 46.88%
2026-09-15 09:08:26.983 | INFO     | train:test_epoch:90 - Epoch 1, Val Loss: 0.696819, Val Accuracy: 73.68%
2026-09-15 09:08:26.984 | INFO     | train:linear_probe:190 - New best validation accuracy: 73.68 at epoch 1
2026-09-15 09:08:27.196 | INFO     | train:train_epoch:47 - Epoch 2, Step 0, Loss: 0.728474, Accuracy: 65.62%
2026-09-15 09:08:27.749 | INFO     | train:test_epoch:90 - Epoch 2, Val Loss: 0.463139, Val Accuracy: 86.47%
2026-09-15 09:08:27.751 | INFO     | train:linear_probe:190 - New best validation accuracy: 86.47 at epoch 2
2026-09-15 09:08:27.997 | INFO     | train:train_epoch:47 - Epoch 3, Step 0, Loss: 0.509854, Accuracy: 75.00%
2026-09-15 09:08:28.528 | INFO     | train:test_epoch:90 - Epoch 3, Val Loss: 0.377810, Val Accuracy: 87.22%
2026-09-15 09:08:28.530 | INFO     | train:linear_probe:190 - New best validation accuracy: 87.22 at epoch 3
2026-09-15 09:08:28.750 | INFO     | train:train_epoch:47 - Epoch 4, Step 0, Loss: 0.390348, Accuracy: 93.75%
2026-09-15 09:08:29.117 | INFO     | train:test_epoch:90 - Epoch 4, Val Loss: 0.349212, Val Accuracy: 91.73%
2026-09-15 09:08:29.118 | INFO     | train:linear_probe:190 - New best validation accuracy: 91.73 at epoch 4
2026-09-15 09:08:29.262 | INFO     | train:train_epoch:47 - Epoch 5, Step 0, Loss: 0.347462, Accuracy: 87.50%
2026-09-15 09:08:29.631 | INFO     | train:test_epoch:90 - Epoch 5, Val Loss: 0.322113, Val Accuracy: 91.73%
2026-09-15 09:08:29.772 | INFO     | train:train_epoch:47 - Epoch 6, Step 0, Loss: 0.462737, Accuracy: 87.50%
2026-09-15 09:08:30.114 | INFO     | train:test_epoch:90 - Epoch 6, Val Loss: 0.285422, Val Accuracy: 93.23%
2026-09-15 09:08:30.115 | INFO     | train:linear_probe:190 - New best validation accuracy: 93.23 at epoch 6
2026-09-15 09:08:30.249 | INFO     | train:train_epoch:47 - Epoch 7, Step 0, Loss: 0.299034, Accuracy: 93.75%
2026-09-15 09:08:30.612 | INFO     | train:test_epoch:90 - Epoch 7, Val Loss: 0.269091, Val Accuracy: 92.48%
2026-09-15 09:08:30.766 | INFO     | train:train_epoch:47 - Epoch 8, Step 0, Loss: 0.375913, Accuracy: 90.62%
2026-09-15 09:08:31.101 | INFO     | train:test_epoch:90 - Epoch 8, Val Loss: 0.263276, Val Accuracy: 92.48%
2026-09-15 09:08:31.239 | INFO     | train:train_epoch:47 - Epoch 9, Step 0, Loss: 0.289680, Accuracy: 93.75%
2026-09-15 09:08:31.589 | INFO     | train:test_epoch:90 - Epoch 9, Val Loss: 0.224560, Val Accuracy: 96.24%
2026-09-15 09:08:31.590 | INFO     | train:linear_probe:190 - New best validation accuracy: 96.24 at epoch 9
2026-09-15 09:08:31.742 | INFO     | train:train_epoch:47 - Epoch 10, Step 0, Loss: 0.393089, Accuracy: 90.62%
2026-09-15 09:08:32.083 | INFO     | train:test_epoch:90 - Epoch 10, Val Loss: 0.238839, Val Accuracy: 92.48%
2026-09-15 09:08:32.223 | INFO     | train:train_epoch:47 - Epoch 11, Step 0, Loss: 0.277878, Accuracy: 87.50%
2026-09-15 09:08:32.599 | INFO     | train:test_epoch:90 - Epoch 11, Val Loss: 0.213023, Val Accuracy: 96.99%
2026-09-15 09:08:32.600 | INFO     | train:linear_probe:190 - New best validation accuracy: 96.99 at epoch 11
2026-09-15 09:08:32.767 | INFO     | train:train_epoch:47 - Epoch 12, Step 0, Loss: 0.227246, Accuracy: 96.88%
2026-09-15 09:08:33.100 | INFO     | train:test_epoch:90 - Epoch 12, Val Loss: 0.213230, Val Accuracy: 96.99%
2026-09-15 09:08:33.238 | INFO     | train:train_epoch:47 - Epoch 13, Step 0, Loss: 0.286631, Accuracy: 93.75%
2026-09-15 09:08:33.578 | INFO     | train:test_epoch:90 - Epoch 13, Val Loss: 0.210699, Val Accuracy: 96.24%
2026-09-15 09:08:33.720 | INFO     | train:train_epoch:47 - Epoch 14, Step 0, Loss: 0.213604, Accuracy: 93.75%
2026-09-15 09:08:34.078 | INFO     | train:test_epoch:90 - Epoch 14, Val Loss: 0.209007, Val Accuracy: 96.24%
2026-09-15 09:08:34.223 | INFO     | train:train_epoch:47 - Epoch 15, Step 0, Loss: 0.229830, Accuracy: 93.75%
2026-09-15 09:08:34.580 | INFO     | train:test_epoch:90 - Epoch 15, Val Loss: 0.209045, Val Accuracy: 96.99%
2026-09-15 09:08:34.725 | INFO     | train:train_epoch:47 - Epoch 16, Step 0, Loss: 0.187757, Accuracy: 93.75%
2026-09-15 09:08:35.102 | INFO     | train:test_epoch:90 - Epoch 16, Val Loss: 0.208452, Val Accuracy: 96.99%
2026-09-15 09:08:35.245 | INFO     | train:train_epoch:47 - Epoch 17, Step 0, Loss: 0.323667, Accuracy: 87.50%
2026-09-15 09:08:35.622 | INFO     | train:test_epoch:90 - Epoch 17, Val Loss: 0.206643, Val Accuracy: 96.99%
2026-09-15 09:08:35.773 | INFO     | train:train_epoch:47 - Epoch 18, Step 0, Loss: 0.231090, Accuracy: 96.88%
2026-09-15 09:08:36.135 | INFO     | train:test_epoch:90 - Epoch 18, Val Loss: 0.205342, Val Accuracy: 96.99%
2026-09-15 09:08:36.274 | INFO     | train:train_epoch:47 - Epoch 19, Step 0, Loss: 0.186169, Accuracy: 96.88%
2026-09-15 09:08:36.620 | INFO     | train:test_epoch:90 - Epoch 19, Val Loss: 0.207216, Val Accuracy: 96.99%
2026-09-15 09:08:36.764 | INFO     | train:train_epoch:47 - Epoch 20, Step 0, Loss: 0.176749, Accuracy: 96.88%
2026-09-15 09:08:37.120 | INFO     | train:test_epoch:90 - Epoch 20, Val Loss: 0.204646, Val Accuracy: 96.99%
2026-09-15 09:08:37.121 | INFO     | __main__:main:134 - Best validation accuracy for beta 0.76: 96.99%
2026-09-15 09:08:37.134 | INFO     | __main__:main:123 - Testing CT with beta: 0.77
2026-09-15 09:08:37.150 | INFO     | __main__:main:129 - Number of trainable parameters: 1539
2026-09-15 09:08:37.150 | INFO     | __main__:main:130 - Starting transfer learning...
2026-09-15 09:08:46.077 | INFO     | train:train_epoch:47 - Epoch 1, Step 0, Loss: 1.138277, Accuracy: 34.38%
2026-09-15 09:08:46.452 | INFO     | train:test_epoch:90 - Epoch 1, Val Loss: 0.718662, Val Accuracy: 69.92%
2026-09-15 09:08:46.453 | INFO     | train:linear_probe:190 - New best validation accuracy: 69.92 at epoch 1
2026-09-15 09:08:46.615 | INFO     | train:train_epoch:47 - Epoch 2, Step 0, Loss: 0.817786, Accuracy: 56.25%
2026-09-15 09:08:46.974 | INFO     | train:test_epoch:90 - Epoch 2, Val Loss: 0.467027, Val Accuracy: 86.47%
2026-09-15 09:08:46.974 | INFO     | train:linear_probe:190 - New best validation accuracy: 86.47 at epoch 2
2026-09-15 09:08:47.116 | INFO     | train:train_epoch:47 - Epoch 3, Step 0, Loss: 0.492034, Accuracy: 81.25%
2026-09-15 09:08:47.484 | INFO     | train:test_epoch:90 - Epoch 3, Val Loss: 0.388887, Val Accuracy: 87.97%
2026-09-15 09:08:47.485 | INFO     | train:linear_probe:190 - New best validation accuracy: 87.97 at epoch 3
2026-09-15 09:08:47.657 | INFO     | train:train_epoch:47 - Epoch 4, Step 0, Loss: 0.512256, Accuracy: 84.38%
2026-09-15 09:08:48.009 | INFO     | train:test_epoch:90 - Epoch 4, Val Loss: 0.329365, Val Accuracy: 91.73%
2026-09-15 09:08:48.010 | INFO     | train:linear_probe:190 - New best validation accuracy: 91.73 at epoch 4
2026-09-15 09:08:48.153 | INFO     | train:train_epoch:47 - Epoch 5, Step 0, Loss: 0.399875, Accuracy: 90.62%
2026-09-15 09:08:48.520 | INFO     | train:test_epoch:90 - Epoch 5, Val Loss: 0.292568, Val Accuracy: 93.23%
2026-09-15 09:08:48.521 | INFO     | train:linear_probe:190 - New best validation accuracy: 93.23 at epoch 5
2026-09-15 09:08:48.689 | INFO     | train:train_epoch:47 - Epoch 6, Step 0, Loss: 0.432052, Accuracy: 90.62%
2026-09-15 09:08:49.033 | INFO     | train:test_epoch:90 - Epoch 6, Val Loss: 0.277295, Val Accuracy: 94.74%
2026-09-15 09:08:49.034 | INFO     | train:linear_probe:190 - New best validation accuracy: 94.74 at epoch 6
2026-09-15 09:08:49.169 | INFO     | train:train_epoch:47 - Epoch 7, Step 0, Loss: 0.240112, Accuracy: 93.75%
2026-09-15 09:08:49.511 | INFO     | train:test_epoch:90 - Epoch 7, Val Loss: 0.248710, Val Accuracy: 94.74%
2026-09-15 09:08:49.659 | INFO     | train:train_epoch:47 - Epoch 8, Step 0, Loss: 0.224554, Accuracy: 93.75%
2026-09-15 09:08:50.033 | INFO     | train:test_epoch:90 - Epoch 8, Val Loss: 0.230790, Val Accuracy: 95.49%
2026-09-15 09:08:50.034 | INFO     | train:linear_probe:190 - New best validation accuracy: 95.49 at epoch 8
2026-09-15 09:08:50.180 | INFO     | train:train_epoch:47 - Epoch 9, Step 0, Loss: 0.264025, Accuracy: 87.50%
2026-09-15 09:08:50.524 | INFO     | train:test_epoch:90 - Epoch 9, Val Loss: 0.236594, Val Accuracy: 93.23%
2026-09-15 09:08:50.675 | INFO     | train:train_epoch:47 - Epoch 10, Step 0, Loss: 0.269629, Accuracy: 96.88%
2026-09-15 09:08:51.183 | INFO     | train:test_epoch:90 - Epoch 10, Val Loss: 0.209807, Val Accuracy: 96.99%
2026-09-15 09:08:51.184 | INFO     | train:linear_probe:190 - New best validation accuracy: 96.99 at epoch 10
2026-09-15 09:08:51.348 | INFO     | train:train_epoch:47 - Epoch 11, Step 0, Loss: 0.322487, Accuracy: 90.62%
2026-09-15 09:08:51.716 | INFO     | train:test_epoch:90 - Epoch 11, Val Loss: 0.207220, Val Accuracy: 97.74%
2026-09-15 09:08:51.717 | INFO     | train:linear_probe:190 - New best validation accuracy: 97.74 at epoch 11
2026-09-15 09:08:51.877 | INFO     | train:train_epoch:47 - Epoch 12, Step 0, Loss: 0.256898, Accuracy: 93.75%
2026-09-15 09:08:52.234 | INFO     | train:test_epoch:90 - Epoch 12, Val Loss: 0.208131, Val Accuracy: 97.74%
2026-09-15 09:08:52.370 | INFO     | train:train_epoch:47 - Epoch 13, Step 0, Loss: 0.164273, Accuracy: 96.88%
2026-09-15 09:08:52.726 | INFO     | train:test_epoch:90 - Epoch 13, Val Loss: 0.206782, Val Accuracy: 97.74%
2026-09-15 09:08:52.901 | INFO     | train:train_epoch:47 - Epoch 14, Step 0, Loss: 0.284489, Accuracy: 84.38%
2026-09-15 09:08:53.452 | INFO     | train:test_epoch:90 - Epoch 14, Val Loss: 0.203744, Val Accuracy: 97.74%
2026-09-15 09:08:53.657 | INFO     | train:train_epoch:47 - Epoch 15, Step 0, Loss: 0.235702, Accuracy: 93.75%
2026-09-15 09:08:54.216 | INFO     | train:test_epoch:90 - Epoch 15, Val Loss: 0.203133, Val Accuracy: 97.74%
2026-09-15 09:08:54.432 | INFO     | train:train_epoch:47 - Epoch 16, Step 0, Loss: 0.216964, Accuracy: 93.75%
2026-09-15 09:08:54.977 | INFO     | train:test_epoch:90 - Epoch 16, Val Loss: 0.204823, Val Accuracy: 96.99%
2026-09-15 09:08:55.205 | INFO     | train:train_epoch:47 - Epoch 17, Step 0, Loss: 0.215173, Accuracy: 93.75%
2026-09-15 09:08:55.720 | INFO     | train:test_epoch:90 - Epoch 17, Val Loss: 0.203223, Val Accuracy: 97.74%
2026-09-15 09:08:55.937 | INFO     | train:train_epoch:47 - Epoch 18, Step 0, Loss: 0.341945, Accuracy: 93.75%
2026-09-15 09:08:56.369 | INFO     | train:test_epoch:90 - Epoch 18, Val Loss: 0.201748, Val Accuracy: 97.74%
2026-09-15 09:08:56.504 | INFO     | train:train_epoch:47 - Epoch 19, Step 0, Loss: 0.216300, Accuracy: 96.88%
2026-09-15 09:08:56.857 | INFO     | train:test_epoch:90 - Epoch 19, Val Loss: 0.199347, Val Accuracy: 97.74%
2026-09-15 09:08:57.001 | INFO     | train:train_epoch:47 - Epoch 20, Step 0, Loss: 0.213940, Accuracy: 96.88%
2026-09-15 09:08:57.354 | INFO     | train:test_epoch:90 - Epoch 20, Val Loss: 0.197650, Val Accuracy: 97.74%
2026-09-15 09:08:57.355 | INFO     | __main__:main:134 - Best validation accuracy for beta 0.77: 97.74%
2026-09-15 09:08:57.368 | INFO     | __main__:main:123 - Testing CT with beta: 0.78
2026-09-15 09:08:57.383 | INFO     | __main__:main:129 - Number of trainable parameters: 1539
2026-09-15 09:08:57.383 | INFO     | __main__:main:130 - Starting transfer learning...
2026-09-15 09:09:04.723 | INFO     | train:train_epoch:47 - Epoch 1, Step 0, Loss: 1.119913, Accuracy: 40.62%
2026-09-15 09:09:05.093 | INFO     | train:test_epoch:90 - Epoch 1, Val Loss: 0.673486, Val Accuracy: 72.18%
2026-09-15 09:09:05.094 | INFO     | train:linear_probe:190 - New best validation accuracy: 72.18 at epoch 1
2026-09-15 09:09:05.241 | INFO     | train:train_epoch:47 - Epoch 2, Step 0, Loss: 0.734237, Accuracy: 65.62%
2026-09-15 09:09:05.611 | INFO     | train:test_epoch:90 - Epoch 2, Val Loss: 0.463161, Val Accuracy: 84.96%
2026-09-15 09:09:05.612 | INFO     | train:linear_probe:190 - New best validation accuracy: 84.96 at epoch 2
2026-09-15 09:09:05.763 | INFO     | train:train_epoch:47 - Epoch 3, Step 0, Loss: 0.464458, Accuracy: 90.62%
2026-09-15 09:09:06.109 | INFO     | train:test_epoch:90 - Epoch 3, Val Loss: 0.372488, Val Accuracy: 90.98%
2026-09-15 09:09:06.110 | INFO     | train:linear_probe:190 - New best validation accuracy: 90.98 at epoch 3
2026-09-15 09:09:06.311 | INFO     | train:train_epoch:47 - Epoch 4, Step 0, Loss: 0.538413, Accuracy: 87.50%
2026-09-15 09:09:06.850 | INFO     | train:test_epoch:90 - Epoch 4, Val Loss: 0.334853, Val Accuracy: 90.23%
2026-09-15 09:09:07.065 | INFO     | train:train_epoch:47 - Epoch 5, Step 0, Loss: 0.275592, Accuracy: 93.75%
2026-09-15 09:09:07.601 | INFO     | train:test_epoch:90 - Epoch 5, Val Loss: 0.291648, Val Accuracy: 91.73%
2026-09-15 09:09:07.602 | INFO     | train:linear_probe:190 - New best validation accuracy: 91.73 at epoch 5
2026-09-15 09:09:07.830 | INFO     | train:train_epoch:47 - Epoch 6, Step 0, Loss: 0.385187, Accuracy: 93.75%
2026-09-15 09:09:08.393 | INFO     | train:test_epoch:90 - Epoch 6, Val Loss: 0.263528, Val Accuracy: 94.74%
2026-09-15 09:09:08.395 | INFO     | train:linear_probe:190 - New best validation accuracy: 94.74 at epoch 6
2026-09-15 09:09:08.616 | INFO     | train:train_epoch:47 - Epoch 7, Step 0, Loss: 0.316359, Accuracy: 93.75%
2026-09-15 09:09:09.157 | INFO     | train:test_epoch:90 - Epoch 7, Val Loss: 0.243168, Val Accuracy: 94.74%
2026-09-15 09:09:09.384 | INFO     | train:train_epoch:47 - Epoch 8, Step 0, Loss: 0.265711, Accuracy: 93.75%
2026-09-15 09:09:09.801 | INFO     | train:test_epoch:90 - Epoch 8, Val Loss: 0.232143, Val Accuracy: 94.74%
2026-09-15 09:09:09.964 | INFO     | train:train_epoch:47 - Epoch 9, Step 0, Loss: 0.294881, Accuracy: 93.75%
2026-09-15 09:09:10.324 | INFO     | train:test_epoch:90 - Epoch 9, Val Loss: 0.219025, Val Accuracy: 95.49%
2026-09-15 09:09:10.325 | INFO     | train:linear_probe:190 - New best validation accuracy: 95.49 at epoch 9
2026-09-15 09:09:10.461 | INFO     | train:train_epoch:47 - Epoch 10, Step 0, Loss: 0.313042, Accuracy: 87.50%
2026-09-15 09:09:10.829 | INFO     | train:test_epoch:90 - Epoch 10, Val Loss: 0.205577, Val Accuracy: 96.24%
2026-09-15 09:09:10.830 | INFO     | train:linear_probe:190 - New best validation accuracy: 96.24 at epoch 10
2026-09-15 09:09:10.982 | INFO     | train:train_epoch:47 - Epoch 11, Step 0, Loss: 0.160967, Accuracy: 93.75%
2026-09-15 09:09:11.353 | INFO     | train:test_epoch:90 - Epoch 11, Val Loss: 0.207222, Val Accuracy: 96.99%
2026-09-15 09:09:11.354 | INFO     | train:linear_probe:190 - New best validation accuracy: 96.99 at epoch 11
2026-09-15 09:09:11.487 | INFO     | train:train_epoch:47 - Epoch 12, Step 0, Loss: 0.247502, Accuracy: 96.88%
2026-09-15 09:09:11.843 | INFO     | train:test_epoch:90 - Epoch 12, Val Loss: 0.206455, Val Accuracy: 96.99%
2026-09-15 09:09:11.994 | INFO     | train:train_epoch:47 - Epoch 13, Step 0, Loss: 0.242879, Accuracy: 93.75%
2026-09-15 09:09:12.347 | INFO     | train:test_epoch:90 - Epoch 13, Val Loss: 0.204011, Val Accuracy: 96.24%
2026-09-15 09:09:12.485 | INFO     | train:train_epoch:47 - Epoch 14, Step 0, Loss: 0.333289, Accuracy: 87.50%
2026-09-15 09:09:12.834 | INFO     | train:test_epoch:90 - Epoch 14, Val Loss: 0.203038, Val Accuracy: 96.24%
2026-09-15 09:09:12.973 | INFO     | train:train_epoch:47 - Epoch 15, Step 0, Loss: 0.186913, Accuracy: 96.88%
2026-09-15 09:09:13.359 | INFO     | train:test_epoch:90 - Epoch 15, Val Loss: 0.202800, Val Accuracy: 96.99%
2026-09-15 09:09:13.504 | INFO     | train:train_epoch:47 - Epoch 16, Step 0, Loss: 0.263558, Accuracy: 93.75%
2026-09-15 09:09:13.870 | INFO     | train:test_epoch:90 - Epoch 16, Val Loss: 0.200016, Val Accuracy: 96.24%
2026-09-15 09:09:14.006 | INFO     | train:train_epoch:47 - Epoch 17, Step 0, Loss: 0.201506, Accuracy: 96.88%
2026-09-15 09:09:14.411 | INFO     | train:test_epoch:90 - Epoch 17, Val Loss: 0.201125, Val Accuracy: 96.99%
2026-09-15 09:09:14.551 | INFO     | train:train_epoch:47 - Epoch 18, Step 0, Loss: 0.315781, Accuracy: 90.62%
2026-09-15 09:09:14.908 | INFO     | train:test_epoch:90 - Epoch 18, Val Loss: 0.199695, Val Accuracy: 96.99%
2026-09-15 09:09:15.050 | INFO     | train:train_epoch:47 - Epoch 19, Step 0, Loss: 0.189390, Accuracy: 93.75%
2026-09-15 09:09:15.418 | INFO     | train:test_epoch:90 - Epoch 19, Val Loss: 0.199266, Val Accuracy: 96.99%
2026-09-15 09:09:15.564 | INFO     | train:train_epoch:47 - Epoch 20, Step 0, Loss: 0.251462, Accuracy: 90.62%
2026-09-15 09:09:15.912 | INFO     | train:test_epoch:90 - Epoch 20, Val Loss: 0.198038, Val Accuracy: 96.99%
2026-09-15 09:09:15.913 | INFO     | __main__:main:134 - Best validation accuracy for beta 0.78: 96.99%
2026-09-15 09:09:15.913 | INFO     | __main__:main:123 - Testing CT with beta: 0.79
2026-09-15 09:09:15.929 | INFO     | __main__:main:129 - Number of trainable parameters: 1539
2026-09-15 09:09:15.930 | INFO     | __main__:main:130 - Starting transfer learning...
2026-09-15 09:09:24.453 | INFO     | train:train_epoch:47 - Epoch 1, Step 0, Loss: 1.282876, Accuracy: 40.62%
2026-09-15 09:09:24.841 | INFO     | train:test_epoch:90 - Epoch 1, Val Loss: 0.727629, Val Accuracy: 72.93%
2026-09-15 09:09:24.842 | INFO     | train:linear_probe:190 - New best validation accuracy: 72.93 at epoch 1
2026-09-15 09:09:24.976 | INFO     | train:train_epoch:47 - Epoch 2, Step 0, Loss: 0.835719, Accuracy: 71.88%
2026-09-15 09:09:25.313 | INFO     | train:test_epoch:90 - Epoch 2, Val Loss: 0.473443, Val Accuracy: 87.97%
2026-09-15 09:09:25.314 | INFO     | train:linear_probe:190 - New best validation accuracy: 87.97 at epoch 2
2026-09-15 09:09:25.456 | INFO     | train:train_epoch:47 - Epoch 3, Step 0, Loss: 0.670385, Accuracy: 68.75%
2026-09-15 09:09:25.816 | INFO     | train:test_epoch:90 - Epoch 3, Val Loss: 0.378541, Val Accuracy: 89.47%
2026-09-15 09:09:25.817 | INFO     | train:linear_probe:190 - New best validation accuracy: 89.47 at epoch 3
2026-09-15 09:09:25.957 | INFO     | train:train_epoch:47 - Epoch 4, Step 0, Loss: 0.535752, Accuracy: 87.50%
2026-09-15 09:09:26.305 | INFO     | train:test_epoch:90 - Epoch 4, Val Loss: 0.324965, Val Accuracy: 91.73%
2026-09-15 09:09:26.306 | INFO     | train:linear_probe:190 - New best validation accuracy: 91.73 at epoch 4
2026-09-15 09:09:26.458 | INFO     | train:train_epoch:47 - Epoch 5, Step 0, Loss: 0.372259, Accuracy: 90.62%
2026-09-15 09:09:26.839 | INFO     | train:test_epoch:90 - Epoch 5, Val Loss: 0.307365, Val Accuracy: 92.48%
2026-09-15 09:09:26.840 | INFO     | train:linear_probe:190 - New best validation accuracy: 92.48 at epoch 5
2026-09-15 09:09:26.986 | INFO     | train:train_epoch:47 - Epoch 6, Step 0, Loss: 0.306965, Accuracy: 90.62%
2026-09-15 09:09:27.329 | INFO     | train:test_epoch:90 - Epoch 6, Val Loss: 0.267648, Val Accuracy: 95.49%
2026-09-15 09:09:27.330 | INFO     | train:linear_probe:190 - New best validation accuracy: 95.49 at epoch 6
2026-09-15 09:09:27.467 | INFO     | train:train_epoch:47 - Epoch 7, Step 0, Loss: 0.297129, Accuracy: 90.62%
2026-09-15 09:09:27.833 | INFO     | train:test_epoch:90 - Epoch 7, Val Loss: 0.246795, Val Accuracy: 96.24%
2026-09-15 09:09:27.834 | INFO     | train:linear_probe:190 - New best validation accuracy: 96.24 at epoch 7
2026-09-15 09:09:27.983 | INFO     | train:train_epoch:47 - Epoch 8, Step 0, Loss: 0.211782, Accuracy: 93.75%
2026-09-15 09:09:28.337 | INFO     | train:test_epoch:90 - Epoch 8, Val Loss: 0.227807, Val Accuracy: 96.24%
2026-09-15 09:09:28.479 | INFO     | train:train_epoch:47 - Epoch 9, Step 0, Loss: 0.264287, Accuracy: 90.62%
2026-09-15 09:09:28.837 | INFO     | train:test_epoch:90 - Epoch 9, Val Loss: 0.212336, Val Accuracy: 96.24%
2026-09-15 09:09:29.002 | INFO     | train:train_epoch:47 - Epoch 10, Step 0, Loss: 0.209453, Accuracy: 96.88%
2026-09-15 09:09:29.338 | INFO     | train:test_epoch:90 - Epoch 10, Val Loss: 0.200659, Val Accuracy: 94.74%
2026-09-15 09:09:29.477 | INFO     | train:train_epoch:47 - Epoch 11, Step 0, Loss: 0.366070, Accuracy: 87.50%
2026-09-15 09:09:29.814 | INFO     | train:test_epoch:90 - Epoch 11, Val Loss: 0.201475, Val Accuracy: 96.99%
2026-09-15 09:09:29.815 | INFO     | train:linear_probe:190 - New best validation accuracy: 96.99 at epoch 11
2026-09-15 09:09:29.967 | INFO     | train:train_epoch:47 - Epoch 12, Step 0, Loss: 0.194811, Accuracy: 93.75%
2026-09-15 09:09:30.309 | INFO     | train:test_epoch:90 - Epoch 12, Val Loss: 0.200843, Val Accuracy: 96.99%
2026-09-15 09:09:30.442 | INFO     | train:train_epoch:47 - Epoch 13, Step 0, Loss: 0.210701, Accuracy: 90.62%
2026-09-15 09:09:30.783 | INFO     | train:test_epoch:90 - Epoch 13, Val Loss: 0.198381, Val Accuracy: 96.99%
2026-09-15 09:09:30.915 | INFO     | train:train_epoch:47 - Epoch 14, Step 0, Loss: 0.195948, Accuracy: 96.88%
2026-09-15 09:09:31.277 | INFO     | train:test_epoch:90 - Epoch 14, Val Loss: 0.197946, Val Accuracy: 96.99%
2026-09-15 09:09:31.414 | INFO     | train:train_epoch:47 - Epoch 15, Step 0, Loss: 0.215582, Accuracy: 87.50%
2026-09-15 09:09:31.762 | INFO     | train:test_epoch:90 - Epoch 15, Val Loss: 0.197296, Val Accuracy: 96.99%
2026-09-15 09:09:31.909 | INFO     | train:train_epoch:47 - Epoch 16, Step 0, Loss: 0.252448, Accuracy: 93.75%
2026-09-15 09:09:32.278 | INFO     | train:test_epoch:90 - Epoch 16, Val Loss: 0.196481, Val Accuracy: 96.99%
2026-09-15 09:09:32.410 | INFO     | train:train_epoch:47 - Epoch 17, Step 0, Loss: 0.152485, Accuracy: 93.75%
2026-09-15 09:09:32.760 | INFO     | train:test_epoch:90 - Epoch 17, Val Loss: 0.195941, Val Accuracy: 96.99%
2026-09-15 09:09:32.902 | INFO     | train:train_epoch:47 - Epoch 18, Step 0, Loss: 0.152653, Accuracy: 100.00%
2026-09-15 09:09:33.278 | INFO     | train:test_epoch:90 - Epoch 18, Val Loss: 0.194246, Val Accuracy: 96.99%
2026-09-15 09:09:33.443 | INFO     | train:train_epoch:47 - Epoch 19, Step 0, Loss: 0.180312, Accuracy: 96.88%
2026-09-15 09:09:33.990 | INFO     | train:test_epoch:90 - Epoch 19, Val Loss: 0.194442, Val Accuracy: 96.99%
2026-09-15 09:09:34.208 | INFO     | train:train_epoch:47 - Epoch 20, Step 0, Loss: 0.304296, Accuracy: 93.75%
2026-09-15 09:09:34.814 | INFO     | train:test_epoch:90 - Epoch 20, Val Loss: 0.193008, Val Accuracy: 96.99%
2026-09-15 09:09:34.815 | INFO     | __main__:main:134 - Best validation accuracy for beta 0.79: 96.99%
2026-09-15 09:09:34.815 | INFO     | __main__:main:123 - Testing CT with beta: 0.80
2026-09-15 09:09:34.838 | INFO     | __main__:main:129 - Number of trainable parameters: 1539
2026-09-15 09:09:34.838 | INFO     | __main__:main:130 - Starting transfer learning...
2026-09-15 09:09:42.825 | INFO     | train:train_epoch:47 - Epoch 1, Step 0, Loss: 1.063939, Accuracy: 40.62%
2026-09-15 09:09:43.176 | INFO     | train:test_epoch:90 - Epoch 1, Val Loss: 0.738658, Val Accuracy: 69.17%
2026-09-15 09:09:43.177 | INFO     | train:linear_probe:190 - New best validation accuracy: 69.17 at epoch 1
2026-09-15 09:09:43.306 | INFO     | train:train_epoch:47 - Epoch 2, Step 0, Loss: 0.749225, Accuracy: 71.88%
2026-09-15 09:09:43.650 | INFO     | train:test_epoch:90 - Epoch 2, Val Loss: 0.497900, Val Accuracy: 81.95%
2026-09-15 09:09:43.651 | INFO     | train:linear_probe:190 - New best validation accuracy: 81.95 at epoch 2
2026-09-15 09:09:43.802 | INFO     | train:train_epoch:47 - Epoch 3, Step 0, Loss: 0.548535, Accuracy: 84.38%
2026-09-15 09:09:44.142 | INFO     | train:test_epoch:90 - Epoch 3, Val Loss: 0.394682, Val Accuracy: 87.22%
2026-09-15 09:09:44.143 | INFO     | train:linear_probe:190 - New best validation accuracy: 87.22 at epoch 3
2026-09-15 09:09:44.273 | INFO     | train:train_epoch:47 - Epoch 4, Step 0, Loss: 0.456646, Accuracy: 81.25%
2026-09-15 09:09:44.654 | INFO     | train:test_epoch:90 - Epoch 4, Val Loss: 0.342126, Val Accuracy: 91.73%
2026-09-15 09:09:44.655 | INFO     | train:linear_probe:190 - New best validation accuracy: 91.73 at epoch 4
2026-09-15 09:09:44.812 | INFO     | train:train_epoch:47 - Epoch 5, Step 0, Loss: 0.288643, Accuracy: 93.75%
2026-09-15 09:09:45.173 | INFO     | train:test_epoch:90 - Epoch 5, Val Loss: 0.303046, Val Accuracy: 91.73%
2026-09-15 09:09:45.305 | INFO     | train:train_epoch:47 - Epoch 6, Step 0, Loss: 0.223525, Accuracy: 96.88%
2026-09-15 09:09:45.664 | INFO     | train:test_epoch:90 - Epoch 6, Val Loss: 0.271733, Val Accuracy: 90.98%
2026-09-15 09:09:45.811 | INFO     | train:train_epoch:47 - Epoch 7, Step 0, Loss: 0.293956, Accuracy: 93.75%
2026-09-15 09:09:46.179 | INFO     | train:test_epoch:90 - Epoch 7, Val Loss: 0.274292, Val Accuracy: 91.73%
2026-09-15 09:09:46.327 | INFO     | train:train_epoch:47 - Epoch 8, Step 0, Loss: 0.285190, Accuracy: 87.50%
2026-09-15 09:09:46.682 | INFO     | train:test_epoch:90 - Epoch 8, Val Loss: 0.233986, Val Accuracy: 94.74%
2026-09-15 09:09:46.683 | INFO     | train:linear_probe:190 - New best validation accuracy: 94.74 at epoch 8
2026-09-15 09:09:46.819 | INFO     | train:train_epoch:47 - Epoch 9, Step 0, Loss: 0.266495, Accuracy: 90.62%
2026-09-15 09:09:47.261 | INFO     | train:test_epoch:90 - Epoch 9, Val Loss: 0.269996, Val Accuracy: 91.73%
2026-09-15 09:09:47.472 | INFO     | train:train_epoch:47 - Epoch 10, Step 0, Loss: 0.490731, Accuracy: 87.50%
2026-09-15 09:09:48.022 | INFO     | train:test_epoch:90 - Epoch 10, Val Loss: 0.213314, Val Accuracy: 93.23%
2026-09-15 09:09:48.229 | INFO     | train:train_epoch:47 - Epoch 11, Step 0, Loss: 0.314484, Accuracy: 87.50%
2026-09-15 09:09:48.771 | INFO     | train:test_epoch:90 - Epoch 11, Val Loss: 0.207219, Val Accuracy: 94.74%
2026-09-15 09:09:49.023 | INFO     | train:train_epoch:47 - Epoch 12, Step 0, Loss: 0.212574, Accuracy: 93.75%
2026-09-15 09:09:49.571 | INFO     | train:test_epoch:90 - Epoch 12, Val Loss: 0.205594, Val Accuracy: 94.74%
2026-09-15 09:09:49.797 | INFO     | train:train_epoch:47 - Epoch 13, Step 0, Loss: 0.363743, Accuracy: 87.50%
2026-09-15 09:09:50.381 | INFO     | train:test_epoch:90 - Epoch 13, Val Loss: 0.206739, Val Accuracy: 93.98%
2026-09-15 09:09:50.528 | INFO     | train:train_epoch:47 - Epoch 14, Step 0, Loss: 0.249880, Accuracy: 90.62%
2026-09-15 09:09:50.882 | INFO     | train:test_epoch:90 - Epoch 14, Val Loss: 0.204645, Val Accuracy: 94.74%
2026-09-15 09:09:51.010 | INFO     | train:train_epoch:47 - Epoch 15, Step 0, Loss: 0.181564, Accuracy: 93.75%
2026-09-15 09:09:51.393 | INFO     | train:test_epoch:90 - Epoch 15, Val Loss: 0.204087, Val Accuracy: 93.98%
2026-09-15 09:09:51.533 | INFO     | train:train_epoch:47 - Epoch 16, Step 0, Loss: 0.226026, Accuracy: 96.88%
2026-09-15 09:09:51.895 | INFO     | train:test_epoch:90 - Epoch 16, Val Loss: 0.202177, Val Accuracy: 94.74%
2026-09-15 09:09:52.043 | INFO     | train:train_epoch:47 - Epoch 17, Step 0, Loss: 0.287814, Accuracy: 96.88%
2026-09-15 09:09:52.429 | INFO     | train:test_epoch:90 - Epoch 17, Val Loss: 0.203187, Val Accuracy: 95.49%
2026-09-15 09:09:52.430 | INFO     | train:linear_probe:190 - New best validation accuracy: 95.49 at epoch 17
2026-09-15 09:09:52.567 | INFO     | train:train_epoch:47 - Epoch 18, Step 0, Loss: 0.252196, Accuracy: 87.50%
2026-09-15 09:09:52.931 | INFO     | train:test_epoch:90 - Epoch 18, Val Loss: 0.200581, Val Accuracy: 94.74%
2026-09-15 09:09:53.068 | INFO     | train:train_epoch:47 - Epoch 19, Step 0, Loss: 0.102890, Accuracy: 100.00%
2026-09-15 09:09:53.447 | INFO     | train:test_epoch:90 - Epoch 19, Val Loss: 0.199248, Val Accuracy: 94.74%
2026-09-15 09:09:53.586 | INFO     | train:train_epoch:47 - Epoch 20, Step 0, Loss: 0.220915, Accuracy: 93.75%
2026-09-15 09:09:53.932 | INFO     | train:test_epoch:90 - Epoch 20, Val Loss: 0.199087, Val Accuracy: 95.49%
2026-09-15 09:09:53.933 | INFO     | __main__:main:134 - Best validation accuracy for beta 0.80: 95.49%
2026-09-15 09:09:53.933 | INFO     | __main__:main:123 - Testing CT with beta: 0.81
2026-09-15 09:09:53.949 | INFO     | __main__:main:129 - Number of trainable parameters: 1539
2026-09-15 09:09:53.949 | INFO     | __main__:main:130 - Starting transfer learning...
2026-09-15 09:10:01.681 | INFO     | train:train_epoch:47 - Epoch 1, Step 0, Loss: 1.202157, Accuracy: 34.38%
2026-09-15 09:10:02.199 | INFO     | train:test_epoch:90 - Epoch 1, Val Loss: 0.740230, Val Accuracy: 69.92%
2026-09-15 09:10:02.200 | INFO     | train:linear_probe:190 - New best validation accuracy: 69.92 at epoch 1
2026-09-15 09:10:02.478 | INFO     | train:train_epoch:47 - Epoch 2, Step 0, Loss: 0.672351, Accuracy: 71.88%
2026-09-15 09:10:03.045 | INFO     | train:test_epoch:90 - Epoch 2, Val Loss: 0.490697, Val Accuracy: 87.22%
2026-09-15 09:10:03.046 | INFO     | train:linear_probe:190 - New best validation accuracy: 87.22 at epoch 2
2026-09-15 09:10:03.276 | INFO     | train:train_epoch:47 - Epoch 3, Step 0, Loss: 0.700176, Accuracy: 78.12%
2026-09-15 09:10:03.726 | INFO     | train:test_epoch:90 - Epoch 3, Val Loss: 0.376692, Val Accuracy: 90.98%
2026-09-15 09:10:03.727 | INFO     | train:linear_probe:190 - New best validation accuracy: 90.98 at epoch 3
2026-09-15 09:10:03.879 | INFO     | train:train_epoch:47 - Epoch 4, Step 0, Loss: 0.347094, Accuracy: 90.62%
2026-09-15 09:10:04.227 | INFO     | train:test_epoch:90 - Epoch 4, Val Loss: 0.324810, Val Accuracy: 94.74%
2026-09-15 09:10:04.228 | INFO     | train:linear_probe:190 - New best validation accuracy: 94.74 at epoch 4
2026-09-15 09:10:04.372 | INFO     | train:train_epoch:47 - Epoch 5, Step 0, Loss: 0.305225, Accuracy: 93.75%
2026-09-15 09:10:04.742 | INFO     | train:test_epoch:90 - Epoch 5, Val Loss: 0.297793, Val Accuracy: 93.23%
2026-09-15 09:10:04.896 | INFO     | train:train_epoch:47 - Epoch 6, Step 0, Loss: 0.409736, Accuracy: 78.12%
2026-09-15 09:10:05.235 | INFO     | train:test_epoch:90 - Epoch 6, Val Loss: 0.270539, Val Accuracy: 93.98%
2026-09-15 09:10:05.372 | INFO     | train:train_epoch:47 - Epoch 7, Step 0, Loss: 0.379137, Accuracy: 87.50%
2026-09-15 09:10:05.728 | INFO     | train:test_epoch:90 - Epoch 7, Val Loss: 0.250906, Val Accuracy: 93.98%
2026-09-15 09:10:05.865 | INFO     | train:train_epoch:47 - Epoch 8, Step 0, Loss: 0.266220, Accuracy: 93.75%
2026-09-15 09:10:06.213 | INFO     | train:test_epoch:90 - Epoch 8, Val Loss: 0.243908, Val Accuracy: 94.74%
2026-09-15 09:10:06.364 | INFO     | train:train_epoch:47 - Epoch 9, Step 0, Loss: 0.135567, Accuracy: 96.88%
2026-09-15 09:10:06.726 | INFO     | train:test_epoch:90 - Epoch 9, Val Loss: 0.221121, Val Accuracy: 94.74%
2026-09-15 09:10:06.865 | INFO     | train:train_epoch:47 - Epoch 10, Step 0, Loss: 0.112208, Accuracy: 100.00%
2026-09-15 09:10:07.227 | INFO     | train:test_epoch:90 - Epoch 10, Val Loss: 0.215857, Val Accuracy: 95.49%
2026-09-15 09:10:07.228 | INFO     | train:linear_probe:190 - New best validation accuracy: 95.49 at epoch 10
2026-09-15 09:10:07.379 | INFO     | train:train_epoch:47 - Epoch 11, Step 0, Loss: 0.148893, Accuracy: 100.00%
2026-09-15 09:10:07.729 | INFO     | train:test_epoch:90 - Epoch 11, Val Loss: 0.207566, Val Accuracy: 96.24%
2026-09-15 09:10:07.730 | INFO     | train:linear_probe:190 - New best validation accuracy: 96.24 at epoch 11
2026-09-15 09:10:07.871 | INFO     | train:train_epoch:47 - Epoch 12, Step 0, Loss: 0.177194, Accuracy: 100.00%
2026-09-15 09:10:08.229 | INFO     | train:test_epoch:90 - Epoch 12, Val Loss: 0.206886, Val Accuracy: 96.99%
2026-09-15 09:10:08.230 | INFO     | train:linear_probe:190 - New best validation accuracy: 96.99 at epoch 12
2026-09-15 09:10:08.361 | INFO     | train:train_epoch:47 - Epoch 13, Step 0, Loss: 0.244850, Accuracy: 93.75%
2026-09-15 09:10:08.737 | INFO     | train:test_epoch:90 - Epoch 13, Val Loss: 0.205002, Val Accuracy: 95.49%
2026-09-15 09:10:08.883 | INFO     | train:train_epoch:47 - Epoch 14, Step 0, Loss: 0.208004, Accuracy: 93.75%
2026-09-15 09:10:09.259 | INFO     | train:test_epoch:90 - Epoch 14, Val Loss: 0.205497, Val Accuracy: 96.99%
2026-09-15 09:10:09.394 | INFO     | train:train_epoch:47 - Epoch 15, Step 0, Loss: 0.213262, Accuracy: 93.75%
2026-09-15 09:10:09.753 | INFO     | train:test_epoch:90 - Epoch 15, Val Loss: 0.202596, Val Accuracy: 96.24%
2026-09-15 09:10:09.906 | INFO     | train:train_epoch:47 - Epoch 16, Step 0, Loss: 0.234152, Accuracy: 93.75%
2026-09-15 09:10:10.268 | INFO     | train:test_epoch:90 - Epoch 16, Val Loss: 0.202465, Val Accuracy: 96.99%
2026-09-15 09:10:10.414 | INFO     | train:train_epoch:47 - Epoch 17, Step 0, Loss: 0.126468, Accuracy: 96.88%
2026-09-15 09:10:10.765 | INFO     | train:test_epoch:90 - Epoch 17, Val Loss: 0.200613, Val Accuracy: 95.49%
2026-09-15 09:10:10.904 | INFO     | train:train_epoch:47 - Epoch 18, Step 0, Loss: 0.162794, Accuracy: 96.88%
2026-09-15 09:10:11.273 | INFO     | train:test_epoch:90 - Epoch 18, Val Loss: 0.200103, Val Accuracy: 96.24%
2026-09-15 09:10:11.436 | INFO     | train:train_epoch:47 - Epoch 19, Step 0, Loss: 0.275591, Accuracy: 87.50%
2026-09-15 09:10:11.828 | INFO     | train:test_epoch:90 - Epoch 19, Val Loss: 0.199076, Val Accuracy: 96.24%
2026-09-15 09:10:11.972 | INFO     | train:train_epoch:47 - Epoch 20, Step 0, Loss: 0.189775, Accuracy: 93.75%
2026-09-15 09:10:12.333 | INFO     | train:test_epoch:90 - Epoch 20, Val Loss: 0.197659, Val Accuracy: 96.24%
2026-09-15 09:10:12.334 | INFO     | __main__:main:134 - Best validation accuracy for beta 0.81: 96.99%
2026-09-15 09:10:12.334 | INFO     | __main__:main:123 - Testing CT with beta: 0.82
2026-09-15 09:10:12.350 | INFO     | __main__:main:129 - Number of trainable parameters: 1539
2026-09-15 09:10:12.351 | INFO     | __main__:main:130 - Starting transfer learning...
2026-09-15 09:10:21.182 | INFO     | train:train_epoch:47 - Epoch 1, Step 0, Loss: 1.205110, Accuracy: 43.75%
2026-09-15 09:10:21.533 | INFO     | train:test_epoch:90 - Epoch 1, Val Loss: 0.787545, Val Accuracy: 69.92%
2026-09-15 09:10:21.534 | INFO     | train:linear_probe:190 - New best validation accuracy: 69.92 at epoch 1
2026-09-15 09:10:21.676 | INFO     | train:train_epoch:47 - Epoch 2, Step 0, Loss: 0.797467, Accuracy: 62.50%
2026-09-15 09:10:22.049 | INFO     | train:test_epoch:90 - Epoch 2, Val Loss: 0.510540, Val Accuracy: 86.47%
2026-09-15 09:10:22.050 | INFO     | train:linear_probe:190 - New best validation accuracy: 86.47 at epoch 2
2026-09-15 09:10:22.183 | INFO     | train:train_epoch:47 - Epoch 3, Step 0, Loss: 0.453234, Accuracy: 90.62%
2026-09-15 09:10:22.524 | INFO     | train:test_epoch:90 - Epoch 3, Val Loss: 0.416523, Val Accuracy: 90.23%
2026-09-15 09:10:22.525 | INFO     | train:linear_probe:190 - New best validation accuracy: 90.23 at epoch 3
2026-09-15 09:10:22.663 | INFO     | train:train_epoch:47 - Epoch 4, Step 0, Loss: 0.500705, Accuracy: 84.38%
2026-09-15 09:10:23.015 | INFO     | train:test_epoch:90 - Epoch 4, Val Loss: 0.363921, Val Accuracy: 89.47%
2026-09-15 09:10:23.153 | INFO     | train:train_epoch:47 - Epoch 5, Step 0, Loss: 0.418961, Accuracy: 84.38%
2026-09-15 09:10:23.494 | INFO     | train:test_epoch:90 - Epoch 5, Val Loss: 0.316905, Val Accuracy: 91.73%
2026-09-15 09:10:23.495 | INFO     | train:linear_probe:190 - New best validation accuracy: 91.73 at epoch 5
2026-09-15 09:10:23.631 | INFO     | train:train_epoch:47 - Epoch 6, Step 0, Loss: 0.370403, Accuracy: 90.62%
2026-09-15 09:10:23.992 | INFO     | train:test_epoch:90 - Epoch 6, Val Loss: 0.286731, Val Accuracy: 93.23%
2026-09-15 09:10:23.993 | INFO     | train:linear_probe:190 - New best validation accuracy: 93.23 at epoch 6
2026-09-15 09:10:24.109 | INFO     | train:train_epoch:47 - Epoch 7, Step 0, Loss: 0.264641, Accuracy: 93.75%
2026-09-15 09:10:24.471 | INFO     | train:test_epoch:90 - Epoch 7, Val Loss: 0.266899, Val Accuracy: 94.74%
2026-09-15 09:10:24.472 | INFO     | train:linear_probe:190 - New best validation accuracy: 94.74 at epoch 7
2026-09-15 09:10:24.616 | INFO     | train:train_epoch:47 - Epoch 8, Step 0, Loss: 0.248873, Accuracy: 96.88%
2026-09-15 09:10:24.992 | INFO     | train:test_epoch:90 - Epoch 8, Val Loss: 0.250413, Val Accuracy: 94.74%
2026-09-15 09:10:25.123 | INFO     | train:train_epoch:47 - Epoch 9, Step 0, Loss: 0.231045, Accuracy: 93.75%
2026-09-15 09:10:25.478 | INFO     | train:test_epoch:90 - Epoch 9, Val Loss: 0.245191, Val Accuracy: 93.98%
2026-09-15 09:10:25.612 | INFO     | train:train_epoch:47 - Epoch 10, Step 0, Loss: 0.176041, Accuracy: 96.88%
2026-09-15 09:10:25.974 | INFO     | train:test_epoch:90 - Epoch 10, Val Loss: 0.225656, Val Accuracy: 96.24%
2026-09-15 09:10:25.975 | INFO     | train:linear_probe:190 - New best validation accuracy: 96.24 at epoch 10
2026-09-15 09:10:26.124 | INFO     | train:train_epoch:47 - Epoch 11, Step 0, Loss: 0.326086, Accuracy: 84.38%
2026-09-15 09:10:26.462 | INFO     | train:test_epoch:90 - Epoch 11, Val Loss: 0.222123, Val Accuracy: 95.49%
2026-09-15 09:10:26.596 | INFO     | train:train_epoch:47 - Epoch 12, Step 0, Loss: 0.253974, Accuracy: 93.75%
2026-09-15 09:10:26.934 | INFO     | train:test_epoch:90 - Epoch 12, Val Loss: 0.220760, Val Accuracy: 95.49%
2026-09-15 09:10:27.068 | INFO     | train:train_epoch:47 - Epoch 13, Step 0, Loss: 0.259641, Accuracy: 90.62%
2026-09-15 09:10:27.412 | INFO     | train:test_epoch:90 - Epoch 13, Val Loss: 0.220398, Val Accuracy: 95.49%
2026-09-15 09:10:27.545 | INFO     | train:train_epoch:47 - Epoch 14, Step 0, Loss: 0.143767, Accuracy: 96.88%
2026-09-15 09:10:27.904 | INFO     | train:test_epoch:90 - Epoch 14, Val Loss: 0.218707, Val Accuracy: 95.49%
2026-09-15 09:10:28.129 | INFO     | train:train_epoch:47 - Epoch 15, Step 0, Loss: 0.152742, Accuracy: 100.00%
2026-09-15 09:10:28.668 | INFO     | train:test_epoch:90 - Epoch 15, Val Loss: 0.217641, Val Accuracy: 96.24%
2026-09-15 09:10:28.875 | INFO     | train:train_epoch:47 - Epoch 16, Step 0, Loss: 0.152292, Accuracy: 96.88%
2026-09-15 09:10:29.418 | INFO     | train:test_epoch:90 - Epoch 16, Val Loss: 0.216940, Val Accuracy: 95.49%
2026-09-15 09:10:29.646 | INFO     | train:train_epoch:47 - Epoch 17, Step 0, Loss: 0.231129, Accuracy: 93.75%
2026-09-15 09:10:30.183 | INFO     | train:test_epoch:90 - Epoch 17, Val Loss: 0.215529, Val Accuracy: 95.49%
2026-09-15 09:10:30.409 | INFO     | train:train_epoch:47 - Epoch 18, Step 0, Loss: 0.179939, Accuracy: 96.88%
2026-09-15 09:10:30.946 | INFO     | train:test_epoch:90 - Epoch 18, Val Loss: 0.215055, Val Accuracy: 96.24%
2026-09-15 09:10:31.147 | INFO     | train:train_epoch:47 - Epoch 19, Step 0, Loss: 0.234257, Accuracy: 93.75%
2026-09-15 09:10:31.522 | INFO     | train:test_epoch:90 - Epoch 19, Val Loss: 0.213952, Val Accuracy: 96.24%
2026-09-15 09:10:31.676 | INFO     | train:train_epoch:47 - Epoch 20, Step 0, Loss: 0.277363, Accuracy: 87.50%
2026-09-15 09:10:32.033 | INFO     | train:test_epoch:90 - Epoch 20, Val Loss: 0.213415, Val Accuracy: 96.24%
2026-09-15 09:10:32.034 | INFO     | __main__:main:134 - Best validation accuracy for beta 0.82: 96.24%
2026-09-15 09:10:32.034 | INFO     | __main__:main:123 - Testing CT with beta: 0.83
2026-09-15 09:10:32.050 | INFO     | __main__:main:129 - Number of trainable parameters: 1539
2026-09-15 09:10:32.050 | INFO     | __main__:main:130 - Starting transfer learning...
2026-09-15 09:10:39.287 | INFO     | train:train_epoch:47 - Epoch 1, Step 0, Loss: 1.350662, Accuracy: 37.50%
2026-09-15 09:10:39.625 | INFO     | train:test_epoch:90 - Epoch 1, Val Loss: 0.877674, Val Accuracy: 62.41%
2026-09-15 09:10:39.626 | INFO     | train:linear_probe:190 - New best validation accuracy: 62.41 at epoch 1
2026-09-15 09:10:39.770 | INFO     | train:train_epoch:47 - Epoch 2, Step 0, Loss: 0.772316, Accuracy: 71.88%
2026-09-15 09:10:40.120 | INFO     | train:test_epoch:90 - Epoch 2, Val Loss: 0.564193, Val Accuracy: 78.20%
2026-09-15 09:10:40.121 | INFO     | train:linear_probe:190 - New best validation accuracy: 78.20 at epoch 2
2026-09-15 09:10:40.253 | INFO     | train:train_epoch:47 - Epoch 3, Step 0, Loss: 0.704097, Accuracy: 71.88%
2026-09-15 09:10:40.600 | INFO     | train:test_epoch:90 - Epoch 3, Val Loss: 0.449764, Val Accuracy: 84.96%
2026-09-15 09:10:40.601 | INFO     | train:linear_probe:190 - New best validation accuracy: 84.96 at epoch 3
2026-09-15 09:10:40.736 | INFO     | train:train_epoch:47 - Epoch 4, Step 0, Loss: 0.525438, Accuracy: 81.25%
2026-09-15 09:10:41.103 | INFO     | train:test_epoch:90 - Epoch 4, Val Loss: 0.391626, Val Accuracy: 87.22%
2026-09-15 09:10:41.104 | INFO     | train:linear_probe:190 - New best validation accuracy: 87.22 at epoch 4
2026-09-15 09:10:41.284 | INFO     | train:train_epoch:47 - Epoch 5, Step 0, Loss: 0.511663, Accuracy: 78.12%
2026-09-15 09:10:41.808 | INFO     | train:test_epoch:90 - Epoch 5, Val Loss: 0.348011, Val Accuracy: 90.23%
2026-09-15 09:10:41.809 | INFO     | train:linear_probe:190 - New best validation accuracy: 90.23 at epoch 5
2026-09-15 09:10:42.039 | INFO     | train:train_epoch:47 - Epoch 6, Step 0, Loss: 0.498167, Accuracy: 84.38%
2026-09-15 09:10:42.557 | INFO     | train:test_epoch:90 - Epoch 6, Val Loss: 0.322012, Val Accuracy: 92.48%
2026-09-15 09:10:42.558 | INFO     | train:linear_probe:190 - New best validation accuracy: 92.48 at epoch 6
2026-09-15 09:10:42.774 | INFO     | train:train_epoch:47 - Epoch 7, Step 0, Loss: 0.281291, Accuracy: 90.62%
2026-09-15 09:10:43.365 | INFO     | train:test_epoch:90 - Epoch 7, Val Loss: 0.294815, Val Accuracy: 91.73%
2026-09-15 09:10:43.575 | INFO     | train:train_epoch:47 - Epoch 8, Step 0, Loss: 0.297584, Accuracy: 96.88%
2026-09-15 09:10:44.111 | INFO     | train:test_epoch:90 - Epoch 8, Val Loss: 0.273874, Val Accuracy: 93.23%
2026-09-15 09:10:44.112 | INFO     | train:linear_probe:190 - New best validation accuracy: 93.23 at epoch 8
2026-09-15 09:10:44.377 | INFO     | train:train_epoch:47 - Epoch 9, Step 0, Loss: 0.246196, Accuracy: 90.62%
2026-09-15 09:10:44.784 | INFO     | train:test_epoch:90 - Epoch 9, Val Loss: 0.257522, Val Accuracy: 95.49%
2026-09-15 09:10:44.785 | INFO     | train:linear_probe:190 - New best validation accuracy: 95.49 at epoch 9
2026-09-15 09:10:44.930 | INFO     | train:train_epoch:47 - Epoch 10, Step 0, Loss: 0.249122, Accuracy: 93.75%
2026-09-15 09:10:45.320 | INFO     | train:test_epoch:90 - Epoch 10, Val Loss: 0.243465, Val Accuracy: 95.49%
2026-09-15 09:10:45.477 | INFO     | train:train_epoch:47 - Epoch 11, Step 0, Loss: 0.193594, Accuracy: 96.88%
2026-09-15 09:10:45.879 | INFO     | train:test_epoch:90 - Epoch 11, Val Loss: 0.242698, Val Accuracy: 93.98%
2026-09-15 09:10:45.999 | INFO     | train:train_epoch:47 - Epoch 12, Step 0, Loss: 0.321021, Accuracy: 87.50%
2026-09-15 09:10:46.372 | INFO     | train:test_epoch:90 - Epoch 12, Val Loss: 0.242527, Val Accuracy: 93.23%
2026-09-15 09:10:46.514 | INFO     | train:train_epoch:47 - Epoch 13, Step 0, Loss: 0.235878, Accuracy: 90.62%
2026-09-15 09:10:46.862 | INFO     | train:test_epoch:90 - Epoch 13, Val Loss: 0.240428, Val Accuracy: 93.98%
2026-09-15 09:10:47.021 | INFO     | train:train_epoch:47 - Epoch 14, Step 0, Loss: 0.159686, Accuracy: 96.88%
2026-09-15 09:10:47.362 | INFO     | train:test_epoch:90 - Epoch 14, Val Loss: 0.239287, Val Accuracy: 93.98%
2026-09-15 09:10:47.516 | INFO     | train:train_epoch:47 - Epoch 15, Step 0, Loss: 0.220712, Accuracy: 93.75%
2026-09-15 09:10:47.871 | INFO     | train:test_epoch:90 - Epoch 15, Val Loss: 0.238477, Val Accuracy: 93.98%
2026-09-15 09:10:48.014 | INFO     | train:train_epoch:47 - Epoch 16, Step 0, Loss: 0.276432, Accuracy: 93.75%
2026-09-15 09:10:48.379 | INFO     | train:test_epoch:90 - Epoch 16, Val Loss: 0.236667, Val Accuracy: 94.74%
2026-09-15 09:10:48.545 | INFO     | train:train_epoch:47 - Epoch 17, Step 0, Loss: 0.273702, Accuracy: 93.75%
2026-09-15 09:10:48.909 | INFO     | train:test_epoch:90 - Epoch 17, Val Loss: 0.235629, Val Accuracy: 94.74%
2026-09-15 09:10:49.054 | INFO     | train:train_epoch:47 - Epoch 18, Step 0, Loss: 0.184992, Accuracy: 93.75%
2026-09-15 09:10:49.407 | INFO     | train:test_epoch:90 - Epoch 18, Val Loss: 0.234312, Val Accuracy: 94.74%
2026-09-15 09:10:49.561 | INFO     | train:train_epoch:47 - Epoch 19, Step 0, Loss: 0.266273, Accuracy: 90.62%
2026-09-15 09:10:49.904 | INFO     | train:test_epoch:90 - Epoch 19, Val Loss: 0.233626, Val Accuracy: 94.74%
2026-09-15 09:10:50.043 | INFO     | train:train_epoch:47 - Epoch 20, Step 0, Loss: 0.227373, Accuracy: 93.75%
2026-09-15 09:10:50.394 | INFO     | train:test_epoch:90 - Epoch 20, Val Loss: 0.232009, Val Accuracy: 94.74%
2026-09-15 09:10:50.395 | INFO     | __main__:main:134 - Best validation accuracy for beta 0.83: 95.49%
2026-09-15 09:10:50.395 | INFO     | __main__:main:123 - Testing CT with beta: 0.84
2026-09-15 09:10:50.411 | INFO     | __main__:main:129 - Number of trainable parameters: 1539
2026-09-15 09:10:50.411 | INFO     | __main__:main:130 - Starting transfer learning...
2026-09-15 09:10:59.212 | INFO     | train:train_epoch:47 - Epoch 1, Step 0, Loss: 1.179247, Accuracy: 43.75%
2026-09-15 09:10:59.554 | INFO     | train:test_epoch:90 - Epoch 1, Val Loss: 0.817577, Val Accuracy: 67.67%
2026-09-15 09:10:59.555 | INFO     | train:linear_probe:190 - New best validation accuracy: 67.67 at epoch 1
2026-09-15 09:10:59.706 | INFO     | train:train_epoch:47 - Epoch 2, Step 0, Loss: 0.778845, Accuracy: 68.75%
2026-09-15 09:11:00.060 | INFO     | train:test_epoch:90 - Epoch 2, Val Loss: 0.529713, Val Accuracy: 84.21%
2026-09-15 09:11:00.061 | INFO     | train:linear_probe:190 - New best validation accuracy: 84.21 at epoch 2
2026-09-15 09:11:00.205 | INFO     | train:train_epoch:47 - Epoch 3, Step 0, Loss: 0.668389, Accuracy: 75.00%
2026-09-15 09:11:00.565 | INFO     | train:test_epoch:90 - Epoch 3, Val Loss: 0.432695, Val Accuracy: 84.21%
2026-09-15 09:11:00.717 | INFO     | train:train_epoch:47 - Epoch 4, Step 0, Loss: 0.562236, Accuracy: 81.25%
2026-09-15 09:11:01.069 | INFO     | train:test_epoch:90 - Epoch 4, Val Loss: 0.378045, Val Accuracy: 88.72%
2026-09-15 09:11:01.070 | INFO     | train:linear_probe:190 - New best validation accuracy: 88.72 at epoch 4
2026-09-15 09:11:01.221 | INFO     | train:train_epoch:47 - Epoch 5, Step 0, Loss: 0.237121, Accuracy: 100.00%
2026-09-15 09:11:01.579 | INFO     | train:test_epoch:90 - Epoch 5, Val Loss: 0.348381, Val Accuracy: 89.47%
2026-09-15 09:11:01.580 | INFO     | train:linear_probe:190 - New best validation accuracy: 89.47 at epoch 5
2026-09-15 09:11:01.714 | INFO     | train:train_epoch:47 - Epoch 6, Step 0, Loss: 0.459518, Accuracy: 78.12%
2026-09-15 09:11:02.080 | INFO     | train:test_epoch:90 - Epoch 6, Val Loss: 0.308105, Val Accuracy: 90.98%
2026-09-15 09:11:02.081 | INFO     | train:linear_probe:190 - New best validation accuracy: 90.98 at epoch 6
2026-09-15 09:11:02.218 | INFO     | train:train_epoch:47 - Epoch 7, Step 0, Loss: 0.357237, Accuracy: 87.50%
2026-09-15 09:11:02.579 | INFO     | train:test_epoch:90 - Epoch 7, Val Loss: 0.297482, Val Accuracy: 91.73%
2026-09-15 09:11:02.580 | INFO     | train:linear_probe:190 - New best validation accuracy: 91.73 at epoch 7
2026-09-15 09:11:02.714 | INFO     | train:train_epoch:47 - Epoch 8, Step 0, Loss: 0.219953, Accuracy: 93.75%
2026-09-15 09:11:03.066 | INFO     | train:test_epoch:90 - Epoch 8, Val Loss: 0.270916, Val Accuracy: 92.48%
2026-09-15 09:11:03.067 | INFO     | train:linear_probe:190 - New best validation accuracy: 92.48 at epoch 8
2026-09-15 09:11:03.205 | INFO     | train:train_epoch:47 - Epoch 9, Step 0, Loss: 0.257328, Accuracy: 90.62%
2026-09-15 09:11:03.583 | INFO     | train:test_epoch:90 - Epoch 9, Val Loss: 0.255261, Val Accuracy: 93.23%
2026-09-15 09:11:03.584 | INFO     | train:linear_probe:190 - New best validation accuracy: 93.23 at epoch 9
2026-09-15 09:11:03.721 | INFO     | train:train_epoch:47 - Epoch 10, Step 0, Loss: 0.238494, Accuracy: 90.62%
2026-09-15 09:11:04.083 | INFO     | train:test_epoch:90 - Epoch 10, Val Loss: 0.247814, Val Accuracy: 92.48%
2026-09-15 09:11:04.215 | INFO     | train:train_epoch:47 - Epoch 11, Step 0, Loss: 0.244189, Accuracy: 93.75%
2026-09-15 09:11:04.573 | INFO     | train:test_epoch:90 - Epoch 11, Val Loss: 0.244634, Val Accuracy: 93.23%
2026-09-15 09:11:04.711 | INFO     | train:train_epoch:47 - Epoch 12, Step 0, Loss: 0.160185, Accuracy: 96.88%
2026-09-15 09:11:05.071 | INFO     | train:test_epoch:90 - Epoch 12, Val Loss: 0.243596, Val Accuracy: 93.23%
2026-09-15 09:11:05.203 | INFO     | train:train_epoch:47 - Epoch 13, Step 0, Loss: 0.163370, Accuracy: 93.75%
2026-09-15 09:11:05.576 | INFO     | train:test_epoch:90 - Epoch 13, Val Loss: 0.242628, Val Accuracy: 93.23%
2026-09-15 09:11:05.706 | INFO     | train:train_epoch:47 - Epoch 14, Step 0, Loss: 0.307212, Accuracy: 87.50%
2026-09-15 09:11:06.052 | INFO     | train:test_epoch:90 - Epoch 14, Val Loss: 0.241857, Val Accuracy: 93.23%
2026-09-15 09:11:06.195 | INFO     | train:train_epoch:47 - Epoch 15, Step 0, Loss: 0.231382, Accuracy: 87.50%
2026-09-15 09:11:06.560 | INFO     | train:test_epoch:90 - Epoch 15, Val Loss: 0.240148, Val Accuracy: 93.23%
2026-09-15 09:11:06.696 | INFO     | train:train_epoch:47 - Epoch 16, Step 0, Loss: 0.277028, Accuracy: 90.62%
2026-09-15 09:11:07.046 | INFO     | train:test_epoch:90 - Epoch 16, Val Loss: 0.238383, Val Accuracy: 93.98%
2026-09-15 09:11:07.047 | INFO     | train:linear_probe:190 - New best validation accuracy: 93.98 at epoch 16
2026-09-15 09:11:07.186 | INFO     | train:train_epoch:47 - Epoch 17, Step 0, Loss: 0.190297, Accuracy: 93.75%
2026-09-15 09:11:07.524 | INFO     | train:test_epoch:90 - Epoch 17, Val Loss: 0.238026, Val Accuracy: 93.23%
2026-09-15 09:11:07.693 | INFO     | train:train_epoch:47 - Epoch 18, Step 0, Loss: 0.338128, Accuracy: 87.50%
2026-09-15 09:11:08.052 | INFO     | train:test_epoch:90 - Epoch 18, Val Loss: 0.237226, Val Accuracy: 93.23%
2026-09-15 09:11:08.220 | INFO     | train:train_epoch:47 - Epoch 19, Step 0, Loss: 0.207170, Accuracy: 90.62%
2026-09-15 09:11:08.795 | INFO     | train:test_epoch:90 - Epoch 19, Val Loss: 0.235849, Val Accuracy: 93.23%
2026-09-15 09:11:09.025 | INFO     | train:train_epoch:47 - Epoch 20, Step 0, Loss: 0.189417, Accuracy: 90.62%
2026-09-15 09:11:09.590 | INFO     | train:test_epoch:90 - Epoch 20, Val Loss: 0.234237, Val Accuracy: 93.98%
2026-09-15 09:11:09.590 | INFO     | __main__:main:134 - Best validation accuracy for beta 0.84: 93.98%
2026-09-15 09:11:09.591 | INFO     | __main__:main:123 - Testing CT with beta: 0.85
2026-09-15 09:11:09.613 | INFO     | __main__:main:129 - Number of trainable parameters: 1539
2026-09-15 09:11:09.613 | INFO     | __main__:main:130 - Starting transfer learning...
2026-09-15 09:11:17.638 | INFO     | train:train_epoch:47 - Epoch 1, Step 0, Loss: 1.195277, Accuracy: 34.38%
2026-09-15 09:11:17.978 | INFO     | train:test_epoch:90 - Epoch 1, Val Loss: 0.771732, Val Accuracy: 66.92%
2026-09-15 09:11:17.978 | INFO     | train:linear_probe:190 - New best validation accuracy: 66.92 at epoch 1
2026-09-15 09:11:18.113 | INFO     | train:train_epoch:47 - Epoch 2, Step 0, Loss: 0.773006, Accuracy: 68.75%
2026-09-15 09:11:18.491 | INFO     | train:test_epoch:90 - Epoch 2, Val Loss: 0.520912, Val Accuracy: 83.46%
2026-09-15 09:11:18.492 | INFO     | train:linear_probe:190 - New best validation accuracy: 83.46 at epoch 2
2026-09-15 09:11:18.629 | INFO     | train:train_epoch:47 - Epoch 3, Step 0, Loss: 0.444080, Accuracy: 84.38%
2026-09-15 09:11:18.975 | INFO     | train:test_epoch:90 - Epoch 3, Val Loss: 0.429957, Val Accuracy: 86.47%
2026-09-15 09:11:18.976 | INFO     | train:linear_probe:190 - New best validation accuracy: 86.47 at epoch 3
2026-09-15 09:11:19.114 | INFO     | train:train_epoch:47 - Epoch 4, Step 0, Loss: 0.527823, Accuracy: 87.50%
2026-09-15 09:11:19.486 | INFO     | train:test_epoch:90 - Epoch 4, Val Loss: 0.405613, Val Accuracy: 87.97%
2026-09-15 09:11:19.487 | INFO     | train:linear_probe:190 - New best validation accuracy: 87.97 at epoch 4
2026-09-15 09:11:19.640 | INFO     | train:train_epoch:47 - Epoch 5, Step 0, Loss: 0.300221, Accuracy: 90.62%
2026-09-15 09:11:19.995 | INFO     | train:test_epoch:90 - Epoch 5, Val Loss: 0.344335, Val Accuracy: 87.22%
2026-09-15 09:11:20.129 | INFO     | train:train_epoch:47 - Epoch 6, Step 0, Loss: 0.246976, Accuracy: 93.75%
2026-09-15 09:11:20.495 | INFO     | train:test_epoch:90 - Epoch 6, Val Loss: 0.315939, Val Accuracy: 90.23%
2026-09-15 09:11:20.496 | INFO     | train:linear_probe:190 - New best validation accuracy: 90.23 at epoch 6
2026-09-15 09:11:20.638 | INFO     | train:train_epoch:47 - Epoch 7, Step 0, Loss: 0.290197, Accuracy: 90.62%
2026-09-15 09:11:21.004 | INFO     | train:test_epoch:90 - Epoch 7, Val Loss: 0.287212, Val Accuracy: 90.98%
2026-09-15 09:11:21.005 | INFO     | train:linear_probe:190 - New best validation accuracy: 90.98 at epoch 7
2026-09-15 09:11:21.155 | INFO     | train:train_epoch:47 - Epoch 8, Step 0, Loss: 0.212655, Accuracy: 100.00%
2026-09-15 09:11:21.522 | INFO     | train:test_epoch:90 - Epoch 8, Val Loss: 0.277254, Val Accuracy: 90.23%
2026-09-15 09:11:21.648 | INFO     | train:train_epoch:47 - Epoch 9, Step 0, Loss: 0.280559, Accuracy: 87.50%
2026-09-15 09:11:22.152 | INFO     | train:test_epoch:90 - Epoch 9, Val Loss: 0.262840, Val Accuracy: 92.48%
2026-09-15 09:11:22.154 | INFO     | train:linear_probe:190 - New best validation accuracy: 92.48 at epoch 9
2026-09-15 09:11:22.385 | INFO     | train:train_epoch:47 - Epoch 10, Step 0, Loss: 0.183906, Accuracy: 100.00%
2026-09-15 09:11:22.952 | INFO     | train:test_epoch:90 - Epoch 10, Val Loss: 0.256493, Val Accuracy: 92.48%
2026-09-15 09:11:23.172 | INFO     | train:train_epoch:47 - Epoch 11, Step 0, Loss: 0.249036, Accuracy: 90.62%
2026-09-15 09:11:23.710 | INFO     | train:test_epoch:90 - Epoch 11, Val Loss: 0.246991, Val Accuracy: 93.98%
2026-09-15 09:11:23.711 | INFO     | train:linear_probe:190 - New best validation accuracy: 93.98 at epoch 11
2026-09-15 09:11:23.925 | INFO     | train:train_epoch:47 - Epoch 12, Step 0, Loss: 0.200206, Accuracy: 96.88%
2026-09-15 09:11:24.481 | INFO     | train:test_epoch:90 - Epoch 12, Val Loss: 0.245628, Val Accuracy: 93.98%
2026-09-15 09:11:24.739 | INFO     | train:train_epoch:47 - Epoch 13, Step 0, Loss: 0.238140, Accuracy: 87.50%
2026-09-15 09:11:25.180 | INFO     | train:test_epoch:90 - Epoch 13, Val Loss: 0.246249, Val Accuracy: 93.98%
2026-09-15 09:11:25.323 | INFO     | train:train_epoch:47 - Epoch 14, Step 0, Loss: 0.174559, Accuracy: 96.88%
2026-09-15 09:11:25.677 | INFO     | train:test_epoch:90 - Epoch 14, Val Loss: 0.243290, Val Accuracy: 93.23%
2026-09-15 09:11:25.828 | INFO     | train:train_epoch:47 - Epoch 15, Step 0, Loss: 0.188602, Accuracy: 96.88%
2026-09-15 09:11:26.184 | INFO     | train:test_epoch:90 - Epoch 15, Val Loss: 0.242980, Val Accuracy: 93.98%
2026-09-15 09:11:26.326 | INFO     | train:train_epoch:47 - Epoch 16, Step 0, Loss: 0.198444, Accuracy: 96.88%
2026-09-15 09:11:26.676 | INFO     | train:test_epoch:90 - Epoch 16, Val Loss: 0.242040, Val Accuracy: 93.98%
2026-09-15 09:11:26.821 | INFO     | train:train_epoch:47 - Epoch 17, Step 0, Loss: 0.156359, Accuracy: 96.88%
2026-09-15 09:11:27.167 | INFO     | train:test_epoch:90 - Epoch 17, Val Loss: 0.242154, Val Accuracy: 93.98%
2026-09-15 09:11:27.310 | INFO     | train:train_epoch:47 - Epoch 18, Step 0, Loss: 0.298004, Accuracy: 84.38%
2026-09-15 09:11:27.645 | INFO     | train:test_epoch:90 - Epoch 18, Val Loss: 0.240501, Val Accuracy: 93.98%
2026-09-15 09:11:27.783 | INFO     | train:train_epoch:47 - Epoch 19, Step 0, Loss: 0.151199, Accuracy: 93.75%
2026-09-15 09:11:28.148 | INFO     | train:test_epoch:90 - Epoch 19, Val Loss: 0.240396, Val Accuracy: 93.98%
2026-09-15 09:11:28.291 | INFO     | train:train_epoch:47 - Epoch 20, Step 0, Loss: 0.255739, Accuracy: 93.75%
2026-09-15 09:11:28.640 | INFO     | train:test_epoch:90 - Epoch 20, Val Loss: 0.237909, Val Accuracy: 93.23%
2026-09-15 09:11:28.640 | INFO     | __main__:main:134 - Best validation accuracy for beta 0.85: 93.98%
2026-09-15 09:11:28.641 | INFO     | __main__:main:123 - Testing CT with beta: 0.86
2026-09-15 09:11:28.660 | INFO     | __main__:main:129 - Number of trainable parameters: 1539
2026-09-15 09:11:28.660 | INFO     | __main__:main:130 - Starting transfer learning...
2026-09-15 09:11:36.214 | INFO     | train:train_epoch:47 - Epoch 1, Step 0, Loss: 1.463700, Accuracy: 31.25%
2026-09-15 09:11:36.811 | INFO     | train:test_epoch:90 - Epoch 1, Val Loss: 0.875318, Val Accuracy: 54.14%
2026-09-15 09:11:36.812 | INFO     | train:linear_probe:190 - New best validation accuracy: 54.14 at epoch 1
2026-09-15 09:11:37.039 | INFO     | train:train_epoch:47 - Epoch 2, Step 0, Loss: 0.811419, Accuracy: 65.62%
2026-09-15 09:11:37.597 | INFO     | train:test_epoch:90 - Epoch 2, Val Loss: 0.562499, Val Accuracy: 81.20%
2026-09-15 09:11:37.598 | INFO     | train:linear_probe:190 - New best validation accuracy: 81.20 at epoch 2
2026-09-15 09:11:37.772 | INFO     | train:train_epoch:47 - Epoch 3, Step 0, Loss: 0.516381, Accuracy: 84.38%
2026-09-15 09:11:38.305 | INFO     | train:test_epoch:90 - Epoch 3, Val Loss: 0.452373, Val Accuracy: 85.71%
2026-09-15 09:11:38.306 | INFO     | train:linear_probe:190 - New best validation accuracy: 85.71 at epoch 3
2026-09-15 09:11:38.441 | INFO     | train:train_epoch:47 - Epoch 4, Step 0, Loss: 0.330607, Accuracy: 87.50%
2026-09-15 09:11:38.809 | INFO     | train:test_epoch:90 - Epoch 4, Val Loss: 0.384225, Val Accuracy: 87.22%
2026-09-15 09:11:38.811 | INFO     | train:linear_probe:190 - New best validation accuracy: 87.22 at epoch 4
2026-09-15 09:11:38.944 | INFO     | train:train_epoch:47 - Epoch 5, Step 0, Loss: 0.532717, Accuracy: 75.00%
2026-09-15 09:11:39.279 | INFO     | train:test_epoch:90 - Epoch 5, Val Loss: 0.349811, Val Accuracy: 87.97%
2026-09-15 09:11:39.280 | INFO     | train:linear_probe:190 - New best validation accuracy: 87.97 at epoch 5
2026-09-15 09:11:39.411 | INFO     | train:train_epoch:47 - Epoch 6, Step 0, Loss: 0.369094, Accuracy: 84.38%
2026-09-15 09:11:39.772 | INFO     | train:test_epoch:90 - Epoch 6, Val Loss: 0.318182, Val Accuracy: 91.73%
2026-09-15 09:11:39.773 | INFO     | train:linear_probe:190 - New best validation accuracy: 91.73 at epoch 6
2026-09-15 09:11:39.907 | INFO     | train:train_epoch:47 - Epoch 7, Step 0, Loss: 0.228171, Accuracy: 93.75%
2026-09-15 09:11:40.260 | INFO     | train:test_epoch:90 - Epoch 7, Val Loss: 0.305724, Val Accuracy: 90.98%
2026-09-15 09:11:40.386 | INFO     | train:train_epoch:47 - Epoch 8, Step 0, Loss: 0.325459, Accuracy: 90.62%
2026-09-15 09:11:40.763 | INFO     | train:test_epoch:90 - Epoch 8, Val Loss: 0.280471, Val Accuracy: 91.73%
2026-09-15 09:11:40.903 | INFO     | train:train_epoch:47 - Epoch 9, Step 0, Loss: 0.266878, Accuracy: 90.62%
2026-09-15 09:11:41.250 | INFO     | train:test_epoch:90 - Epoch 9, Val Loss: 0.267351, Val Accuracy: 92.48%
2026-09-15 09:11:41.251 | INFO     | train:linear_probe:190 - New best validation accuracy: 92.48 at epoch 9
2026-09-15 09:11:41.385 | INFO     | train:train_epoch:47 - Epoch 10, Step 0, Loss: 0.271205, Accuracy: 93.75%
2026-09-15 09:11:41.754 | INFO     | train:test_epoch:90 - Epoch 10, Val Loss: 0.253034, Val Accuracy: 93.98%
2026-09-15 09:11:41.755 | INFO     | train:linear_probe:190 - New best validation accuracy: 93.98 at epoch 10
2026-09-15 09:11:41.889 | INFO     | train:train_epoch:47 - Epoch 11, Step 0, Loss: 0.127130, Accuracy: 100.00%
2026-09-15 09:11:42.233 | INFO     | train:test_epoch:90 - Epoch 11, Val Loss: 0.252222, Val Accuracy: 93.98%
2026-09-15 09:11:42.376 | INFO     | train:train_epoch:47 - Epoch 12, Step 0, Loss: 0.179620, Accuracy: 93.75%
2026-09-15 09:11:42.732 | INFO     | train:test_epoch:90 - Epoch 12, Val Loss: 0.251131, Val Accuracy: 93.98%
2026-09-15 09:11:42.869 | INFO     | train:train_epoch:47 - Epoch 13, Step 0, Loss: 0.287917, Accuracy: 90.62%
2026-09-15 09:11:43.221 | INFO     | train:test_epoch:90 - Epoch 13, Val Loss: 0.250098, Val Accuracy: 94.74%
2026-09-15 09:11:43.222 | INFO     | train:linear_probe:190 - New best validation accuracy: 94.74 at epoch 13
2026-09-15 09:11:43.369 | INFO     | train:train_epoch:47 - Epoch 14, Step 0, Loss: 0.312391, Accuracy: 87.50%
2026-09-15 09:11:43.735 | INFO     | train:test_epoch:90 - Epoch 14, Val Loss: 0.249083, Val Accuracy: 94.74%
2026-09-15 09:11:43.868 | INFO     | train:train_epoch:47 - Epoch 15, Step 0, Loss: 0.111957, Accuracy: 96.88%
2026-09-15 09:11:44.212 | INFO     | train:test_epoch:90 - Epoch 15, Val Loss: 0.248173, Val Accuracy: 94.74%
2026-09-15 09:11:44.357 | INFO     | train:train_epoch:47 - Epoch 16, Step 0, Loss: 0.269250, Accuracy: 93.75%
2026-09-15 09:11:44.741 | INFO     | train:test_epoch:90 - Epoch 16, Val Loss: 0.248377, Val Accuracy: 93.98%
2026-09-15 09:11:44.894 | INFO     | train:train_epoch:47 - Epoch 17, Step 0, Loss: 0.220790, Accuracy: 93.75%
2026-09-15 09:11:45.240 | INFO     | train:test_epoch:90 - Epoch 17, Val Loss: 0.246595, Val Accuracy: 94.74%
2026-09-15 09:11:45.382 | INFO     | train:train_epoch:47 - Epoch 18, Step 0, Loss: 0.307591, Accuracy: 87.50%
2026-09-15 09:11:45.732 | INFO     | train:test_epoch:90 - Epoch 18, Val Loss: 0.245334, Val Accuracy: 94.74%
2026-09-15 09:11:45.902 | INFO     | train:train_epoch:47 - Epoch 19, Step 0, Loss: 0.203730, Accuracy: 96.88%
2026-09-15 09:11:46.240 | INFO     | train:test_epoch:90 - Epoch 19, Val Loss: 0.245045, Val Accuracy: 94.74%
2026-09-15 09:11:46.457 | INFO     | train:train_epoch:47 - Epoch 20, Step 0, Loss: 0.171871, Accuracy: 100.00%
2026-09-15 09:11:46.831 | INFO     | train:test_epoch:90 - Epoch 20, Val Loss: 0.243986, Val Accuracy: 94.74%
2026-09-15 09:11:46.832 | INFO     | __main__:main:134 - Best validation accuracy for beta 0.86: 94.74%
2026-09-15 09:11:46.833 | INFO     | __main__:main:123 - Testing CT with beta: 0.87
2026-09-15 09:11:46.859 | INFO     | __main__:main:129 - Number of trainable parameters: 1539
2026-09-15 09:11:46.860 | INFO     | __main__:main:130 - Starting transfer learning...
2026-09-15 09:11:55.630 | INFO     | train:train_epoch:47 - Epoch 1, Step 0, Loss: 0.968311, Accuracy: 59.38%
2026-09-15 09:11:55.989 | INFO     | train:test_epoch:90 - Epoch 1, Val Loss: 0.721365, Val Accuracy: 75.94%
2026-09-15 09:11:55.990 | INFO     | train:linear_probe:190 - New best validation accuracy: 75.94 at epoch 1
2026-09-15 09:11:56.135 | INFO     | train:train_epoch:47 - Epoch 2, Step 0, Loss: 0.696011, Accuracy: 75.00%
2026-09-15 09:11:56.527 | INFO     | train:test_epoch:90 - Epoch 2, Val Loss: 0.526391, Val Accuracy: 77.44%
2026-09-15 09:11:56.528 | INFO     | train:linear_probe:190 - New best validation accuracy: 77.44 at epoch 2
2026-09-15 09:11:56.683 | INFO     | train:train_epoch:47 - Epoch 3, Step 0, Loss: 0.548642, Accuracy: 84.38%
2026-09-15 09:11:57.047 | INFO     | train:test_epoch:90 - Epoch 3, Val Loss: 0.407163, Val Accuracy: 84.96%
2026-09-15 09:11:57.048 | INFO     | train:linear_probe:190 - New best validation accuracy: 84.96 at epoch 3
2026-09-15 09:11:57.190 | INFO     | train:train_epoch:47 - Epoch 4, Step 0, Loss: 0.466209, Accuracy: 81.25%
2026-09-15 09:11:57.552 | INFO     | train:test_epoch:90 - Epoch 4, Val Loss: 0.371879, Val Accuracy: 87.97%
2026-09-15 09:11:57.553 | INFO     | train:linear_probe:190 - New best validation accuracy: 87.97 at epoch 4
2026-09-15 09:11:57.685 | INFO     | train:train_epoch:47 - Epoch 5, Step 0, Loss: 0.236791, Accuracy: 100.00%
2026-09-15 09:11:58.033 | INFO     | train:test_epoch:90 - Epoch 5, Val Loss: 0.337587, Val Accuracy: 90.98%
2026-09-15 09:11:58.034 | INFO     | train:linear_probe:190 - New best validation accuracy: 90.98 at epoch 5
2026-09-15 09:11:58.179 | INFO     | train:train_epoch:47 - Epoch 6, Step 0, Loss: 0.298780, Accuracy: 90.62%
2026-09-15 09:11:58.570 | INFO     | train:test_epoch:90 - Epoch 6, Val Loss: 0.305505, Val Accuracy: 93.23%
2026-09-15 09:11:58.572 | INFO     | train:linear_probe:190 - New best validation accuracy: 93.23 at epoch 6
2026-09-15 09:11:58.737 | INFO     | train:train_epoch:47 - Epoch 7, Step 0, Loss: 0.365499, Accuracy: 81.25%
2026-09-15 09:11:59.117 | INFO     | train:test_epoch:90 - Epoch 7, Val Loss: 0.287591, Val Accuracy: 91.73%
2026-09-15 09:11:59.272 | INFO     | train:train_epoch:47 - Epoch 8, Step 0, Loss: 0.247051, Accuracy: 93.75%
2026-09-15 09:11:59.671 | INFO     | train:test_epoch:90 - Epoch 8, Val Loss: 0.270382, Val Accuracy: 91.73%
2026-09-15 09:11:59.833 | INFO     | train:train_epoch:47 - Epoch 9, Step 0, Loss: 0.218388, Accuracy: 96.88%
2026-09-15 09:12:00.210 | INFO     | train:test_epoch:90 - Epoch 9, Val Loss: 0.260473, Val Accuracy: 91.73%
2026-09-15 09:12:00.356 | INFO     | train:train_epoch:47 - Epoch 10, Step 0, Loss: 0.241358, Accuracy: 93.75%
2026-09-15 09:12:00.748 | INFO     | train:test_epoch:90 - Epoch 10, Val Loss: 0.250517, Val Accuracy: 93.23%
2026-09-15 09:12:00.901 | INFO     | train:train_epoch:47 - Epoch 11, Step 0, Loss: 0.284378, Accuracy: 87.50%
2026-09-15 09:12:01.282 | INFO     | train:test_epoch:90 - Epoch 11, Val Loss: 0.250239, Val Accuracy: 93.98%
2026-09-15 09:12:01.283 | INFO     | train:linear_probe:190 - New best validation accuracy: 93.98 at epoch 11
2026-09-15 09:12:01.441 | INFO     | train:train_epoch:47 - Epoch 12, Step 0, Loss: 0.342499, Accuracy: 87.50%
2026-09-15 09:12:01.823 | INFO     | train:test_epoch:90 - Epoch 12, Val Loss: 0.248611, Val Accuracy: 93.98%
2026-09-15 09:12:01.975 | INFO     | train:train_epoch:47 - Epoch 13, Step 0, Loss: 0.226792, Accuracy: 93.75%
2026-09-15 09:12:02.329 | INFO     | train:test_epoch:90 - Epoch 13, Val Loss: 0.248037, Val Accuracy: 93.98%
2026-09-15 09:12:02.486 | INFO     | train:train_epoch:47 - Epoch 14, Step 0, Loss: 0.394259, Accuracy: 81.25%
2026-09-15 09:12:03.060 | INFO     | train:test_epoch:90 - Epoch 14, Val Loss: 0.246628, Val Accuracy: 93.98%
2026-09-15 09:12:03.272 | INFO     | train:train_epoch:47 - Epoch 15, Step 0, Loss: 0.235140, Accuracy: 96.88%
2026-09-15 09:12:03.817 | INFO     | train:test_epoch:90 - Epoch 15, Val Loss: 0.245911, Val Accuracy: 93.98%
2026-09-15 09:12:04.047 | INFO     | train:train_epoch:47 - Epoch 16, Step 0, Loss: 0.247332, Accuracy: 90.62%
2026-09-15 09:12:04.594 | INFO     | train:test_epoch:90 - Epoch 16, Val Loss: 0.246163, Val Accuracy: 93.98%
2026-09-15 09:12:04.808 | INFO     | train:train_epoch:47 - Epoch 17, Step 0, Loss: 0.145083, Accuracy: 96.88%
2026-09-15 09:12:05.349 | INFO     | train:test_epoch:90 - Epoch 17, Val Loss: 0.244585, Val Accuracy: 93.98%
2026-09-15 09:12:05.581 | INFO     | train:train_epoch:47 - Epoch 18, Step 0, Loss: 0.164455, Accuracy: 96.88%
2026-09-15 09:12:05.991 | INFO     | train:test_epoch:90 - Epoch 18, Val Loss: 0.242715, Val Accuracy: 93.98%
2026-09-15 09:12:06.131 | INFO     | train:train_epoch:47 - Epoch 19, Step 0, Loss: 0.202892, Accuracy: 93.75%
2026-09-15 09:12:06.486 | INFO     | train:test_epoch:90 - Epoch 19, Val Loss: 0.242468, Val Accuracy: 93.98%
2026-09-15 09:12:06.609 | INFO     | train:train_epoch:47 - Epoch 20, Step 0, Loss: 0.185568, Accuracy: 93.75%
2026-09-15 09:12:06.949 | INFO     | train:test_epoch:90 - Epoch 20, Val Loss: 0.241664, Val Accuracy: 93.98%
2026-09-15 09:12:06.950 | INFO     | __main__:main:134 - Best validation accuracy for beta 0.87: 93.98%
2026-09-15 09:12:06.950 | INFO     | __main__:main:123 - Testing CT with beta: 0.88
2026-09-15 09:12:06.966 | INFO     | __main__:main:129 - Number of trainable parameters: 1539
2026-09-15 09:12:06.966 | INFO     | __main__:main:130 - Starting transfer learning...
2026-09-15 09:12:14.175 | INFO     | train:train_epoch:47 - Epoch 1, Step 0, Loss: 1.363302, Accuracy: 28.12%
2026-09-15 09:12:14.538 | INFO     | train:test_epoch:90 - Epoch 1, Val Loss: 0.836233, Val Accuracy: 63.16%
2026-09-15 09:12:14.539 | INFO     | train:linear_probe:190 - New best validation accuracy: 63.16 at epoch 1
2026-09-15 09:12:14.681 | INFO     | train:train_epoch:47 - Epoch 2, Step 0, Loss: 0.799299, Accuracy: 68.75%
2026-09-15 09:12:15.023 | INFO     | train:test_epoch:90 - Epoch 2, Val Loss: 0.555011, Val Accuracy: 81.20%
2026-09-15 09:12:15.024 | INFO     | train:linear_probe:190 - New best validation accuracy: 81.20 at epoch 2
2026-09-15 09:12:15.156 | INFO     | train:train_epoch:47 - Epoch 3, Step 0, Loss: 0.642199, Accuracy: 78.12%
2026-09-15 09:12:15.512 | INFO     | train:test_epoch:90 - Epoch 3, Val Loss: 0.456779, Val Accuracy: 81.95%
2026-09-15 09:12:15.513 | INFO     | train:linear_probe:190 - New best validation accuracy: 81.95 at epoch 3
2026-09-15 09:12:15.642 | INFO     | train:train_epoch:47 - Epoch 4, Step 0, Loss: 0.508698, Accuracy: 84.38%
2026-09-15 09:12:16.128 | INFO     | train:test_epoch:90 - Epoch 4, Val Loss: 0.401554, Val Accuracy: 85.71%
2026-09-15 09:12:16.129 | INFO     | train:linear_probe:190 - New best validation accuracy: 85.71 at epoch 4
2026-09-15 09:12:16.338 | INFO     | train:train_epoch:47 - Epoch 5, Step 0, Loss: 0.352675, Accuracy: 90.62%
2026-09-15 09:12:16.955 | INFO     | train:test_epoch:90 - Epoch 5, Val Loss: 0.365135, Val Accuracy: 88.72%
2026-09-15 09:12:16.956 | INFO     | train:linear_probe:190 - New best validation accuracy: 88.72 at epoch 5
2026-09-15 09:12:17.165 | INFO     | train:train_epoch:47 - Epoch 6, Step 0, Loss: 0.277002, Accuracy: 90.62%
2026-09-15 09:12:17.698 | INFO     | train:test_epoch:90 - Epoch 6, Val Loss: 0.343299, Val Accuracy: 87.97%
2026-09-15 09:12:17.907 | INFO     | train:train_epoch:47 - Epoch 7, Step 0, Loss: 0.354245, Accuracy: 90.62%
2026-09-15 09:12:18.449 | INFO     | train:test_epoch:90 - Epoch 7, Val Loss: 0.315262, Val Accuracy: 90.98%
2026-09-15 09:12:18.450 | INFO     | train:linear_probe:190 - New best validation accuracy: 90.98 at epoch 7
2026-09-15 09:12:18.668 | INFO     | train:train_epoch:47 - Epoch 8, Step 0, Loss: 0.294650, Accuracy: 93.75%
2026-09-15 09:12:19.240 | INFO     | train:test_epoch:90 - Epoch 8, Val Loss: 0.324227, Val Accuracy: 86.47%
2026-09-15 09:12:19.387 | INFO     | train:train_epoch:47 - Epoch 9, Step 0, Loss: 0.331954, Accuracy: 93.75%
2026-09-15 09:12:19.767 | INFO     | train:test_epoch:90 - Epoch 9, Val Loss: 0.280427, Val Accuracy: 91.73%
2026-09-15 09:12:19.769 | INFO     | train:linear_probe:190 - New best validation accuracy: 91.73 at epoch 9
2026-09-15 09:12:19.921 | INFO     | train:train_epoch:47 - Epoch 10, Step 0, Loss: 0.211467, Accuracy: 96.88%
2026-09-15 09:12:20.270 | INFO     | train:test_epoch:90 - Epoch 10, Val Loss: 0.281367, Val Accuracy: 90.98%
2026-09-15 09:12:20.413 | INFO     | train:train_epoch:47 - Epoch 11, Step 0, Loss: 0.183775, Accuracy: 100.00%
2026-09-15 09:12:20.772 | INFO     | train:test_epoch:90 - Epoch 11, Val Loss: 0.267579, Val Accuracy: 91.73%
2026-09-15 09:12:20.933 | INFO     | train:train_epoch:47 - Epoch 12, Step 0, Loss: 0.174112, Accuracy: 100.00%
2026-09-15 09:12:21.288 | INFO     | train:test_epoch:90 - Epoch 12, Val Loss: 0.267153, Val Accuracy: 92.48%
2026-09-15 09:12:21.289 | INFO     | train:linear_probe:190 - New best validation accuracy: 92.48 at epoch 12
2026-09-15 09:12:21.429 | INFO     | train:train_epoch:47 - Epoch 13, Step 0, Loss: 0.275144, Accuracy: 90.62%
2026-09-15 09:12:21.779 | INFO     | train:test_epoch:90 - Epoch 13, Val Loss: 0.265205, Val Accuracy: 92.48%
2026-09-15 09:12:21.935 | INFO     | train:train_epoch:47 - Epoch 14, Step 0, Loss: 0.297594, Accuracy: 93.75%
2026-09-15 09:12:22.320 | INFO     | train:test_epoch:90 - Epoch 14, Val Loss: 0.265412, Val Accuracy: 92.48%
2026-09-15 09:12:22.466 | INFO     | train:train_epoch:47 - Epoch 15, Step 0, Loss: 0.329811, Accuracy: 84.38%
2026-09-15 09:12:22.824 | INFO     | train:test_epoch:90 - Epoch 15, Val Loss: 0.264505, Val Accuracy: 91.73%
2026-09-15 09:12:22.975 | INFO     | train:train_epoch:47 - Epoch 16, Step 0, Loss: 0.195224, Accuracy: 96.88%
2026-09-15 09:12:23.332 | INFO     | train:test_epoch:90 - Epoch 16, Val Loss: 0.263475, Val Accuracy: 92.48%
2026-09-15 09:12:23.469 | INFO     | train:train_epoch:47 - Epoch 17, Step 0, Loss: 0.152245, Accuracy: 96.88%
2026-09-15 09:12:23.846 | INFO     | train:test_epoch:90 - Epoch 17, Val Loss: 0.261502, Val Accuracy: 92.48%
2026-09-15 09:12:24.004 | INFO     | train:train_epoch:47 - Epoch 18, Step 0, Loss: 0.208793, Accuracy: 93.75%
2026-09-15 09:12:24.345 | INFO     | train:test_epoch:90 - Epoch 18, Val Loss: 0.260382, Val Accuracy: 92.48%
2026-09-15 09:12:24.509 | INFO     | train:train_epoch:47 - Epoch 19, Step 0, Loss: 0.168333, Accuracy: 96.88%
2026-09-15 09:12:24.861 | INFO     | train:test_epoch:90 - Epoch 19, Val Loss: 0.260988, Val Accuracy: 91.73%
2026-09-15 09:12:24.993 | INFO     | train:train_epoch:47 - Epoch 20, Step 0, Loss: 0.299879, Accuracy: 90.62%
2026-09-15 09:12:25.357 | INFO     | train:test_epoch:90 - Epoch 20, Val Loss: 0.257986, Val Accuracy: 92.48%
2026-09-15 09:12:25.358 | INFO     | __main__:main:134 - Best validation accuracy for beta 0.88: 92.48%
2026-09-15 09:12:25.358 | INFO     | __main__:main:123 - Testing CT with beta: 0.89
2026-09-15 09:12:25.375 | INFO     | __main__:main:129 - Number of trainable parameters: 1539
2026-09-15 09:12:25.375 | INFO     | __main__:main:130 - Starting transfer learning...
2026-09-15 09:12:33.795 | INFO     | train:train_epoch:47 - Epoch 1, Step 0, Loss: 1.342961, Accuracy: 34.38%
2026-09-15 09:12:34.163 | INFO     | train:test_epoch:90 - Epoch 1, Val Loss: 0.848586, Val Accuracy: 66.17%
2026-09-15 09:12:34.164 | INFO     | train:linear_probe:190 - New best validation accuracy: 66.17 at epoch 1
2026-09-15 09:12:34.306 | INFO     | train:train_epoch:47 - Epoch 2, Step 0, Loss: 0.915012, Accuracy: 50.00%
2026-09-15 09:12:34.706 | INFO     | train:test_epoch:90 - Epoch 2, Val Loss: 0.553313, Val Accuracy: 78.95%
2026-09-15 09:12:34.707 | INFO     | train:linear_probe:190 - New best validation accuracy: 78.95 at epoch 2
2026-09-15 09:12:34.844 | INFO     | train:train_epoch:47 - Epoch 3, Step 0, Loss: 0.640229, Accuracy: 75.00%
2026-09-15 09:12:35.208 | INFO     | train:test_epoch:90 - Epoch 3, Val Loss: 0.458282, Val Accuracy: 84.21%
2026-09-15 09:12:35.209 | INFO     | train:linear_probe:190 - New best validation accuracy: 84.21 at epoch 3
2026-09-15 09:12:35.359 | INFO     | train:train_epoch:47 - Epoch 4, Step 0, Loss: 0.554108, Accuracy: 81.25%
2026-09-15 09:12:35.745 | INFO     | train:test_epoch:90 - Epoch 4, Val Loss: 0.417953, Val Accuracy: 85.71%
2026-09-15 09:12:35.746 | INFO     | train:linear_probe:190 - New best validation accuracy: 85.71 at epoch 4
2026-09-15 09:12:35.883 | INFO     | train:train_epoch:47 - Epoch 5, Step 0, Loss: 0.397402, Accuracy: 90.62%
2026-09-15 09:12:36.237 | INFO     | train:test_epoch:90 - Epoch 5, Val Loss: 0.378618, Val Accuracy: 87.22%
2026-09-15 09:12:36.238 | INFO     | train:linear_probe:190 - New best validation accuracy: 87.22 at epoch 5
2026-09-15 09:12:36.372 | INFO     | train:train_epoch:47 - Epoch 6, Step 0, Loss: 0.484177, Accuracy: 87.50%
2026-09-15 09:12:36.738 | INFO     | train:test_epoch:90 - Epoch 6, Val Loss: 0.337278, Val Accuracy: 88.72%
2026-09-15 09:12:36.739 | INFO     | train:linear_probe:190 - New best validation accuracy: 88.72 at epoch 6
2026-09-15 09:12:36.871 | INFO     | train:train_epoch:47 - Epoch 7, Step 0, Loss: 0.205753, Accuracy: 96.88%
2026-09-15 09:12:37.233 | INFO     | train:test_epoch:90 - Epoch 7, Val Loss: 0.310597, Val Accuracy: 90.98%
2026-09-15 09:12:37.234 | INFO     | train:linear_probe:190 - New best validation accuracy: 90.98 at epoch 7
2026-09-15 09:12:37.372 | INFO     | train:train_epoch:47 - Epoch 8, Step 0, Loss: 0.425135, Accuracy: 87.50%
2026-09-15 09:12:37.749 | INFO     | train:test_epoch:90 - Epoch 8, Val Loss: 0.301933, Val Accuracy: 89.47%
2026-09-15 09:12:37.885 | INFO     | train:train_epoch:47 - Epoch 9, Step 0, Loss: 0.237154, Accuracy: 96.88%
2026-09-15 09:12:38.228 | INFO     | train:test_epoch:90 - Epoch 9, Val Loss: 0.282077, Val Accuracy: 93.23%
2026-09-15 09:12:38.229 | INFO     | train:linear_probe:190 - New best validation accuracy: 93.23 at epoch 9
2026-09-15 09:12:38.363 | INFO     | train:train_epoch:47 - Epoch 10, Step 0, Loss: 0.356622, Accuracy: 84.38%
2026-09-15 09:12:38.715 | INFO     | train:test_epoch:90 - Epoch 10, Val Loss: 0.275198, Val Accuracy: 90.23%
2026-09-15 09:12:38.881 | INFO     | train:train_epoch:47 - Epoch 11, Step 0, Loss: 0.249663, Accuracy: 90.62%
2026-09-15 09:12:39.236 | INFO     | train:test_epoch:90 - Epoch 11, Val Loss: 0.269121, Val Accuracy: 93.23%
2026-09-15 09:12:39.374 | INFO     | train:train_epoch:47 - Epoch 12, Step 0, Loss: 0.265871, Accuracy: 93.75%
2026-09-15 09:12:39.737 | INFO     | train:test_epoch:90 - Epoch 12, Val Loss: 0.268277, Val Accuracy: 93.23%
2026-09-15 09:12:39.897 | INFO     | train:train_epoch:47 - Epoch 13, Step 0, Loss: 0.207230, Accuracy: 100.00%
2026-09-15 09:12:40.231 | INFO     | train:test_epoch:90 - Epoch 13, Val Loss: 0.267463, Val Accuracy: 93.23%
2026-09-15 09:12:40.362 | INFO     | train:train_epoch:47 - Epoch 14, Step 0, Loss: 0.183663, Accuracy: 100.00%
2026-09-15 09:12:40.716 | INFO     | train:test_epoch:90 - Epoch 14, Val Loss: 0.266063, Val Accuracy: 93.23%
2026-09-15 09:12:40.848 | INFO     | train:train_epoch:47 - Epoch 15, Step 0, Loss: 0.246195, Accuracy: 90.62%
2026-09-15 09:12:41.204 | INFO     | train:test_epoch:90 - Epoch 15, Val Loss: 0.265733, Val Accuracy: 93.23%
2026-09-15 09:12:41.329 | INFO     | train:train_epoch:47 - Epoch 16, Step 0, Loss: 0.206577, Accuracy: 96.88%
2026-09-15 09:12:41.673 | INFO     | train:test_epoch:90 - Epoch 16, Val Loss: 0.263617, Val Accuracy: 93.23%
2026-09-15 09:12:41.810 | INFO     | train:train_epoch:47 - Epoch 17, Step 0, Loss: 0.231660, Accuracy: 90.62%
2026-09-15 09:12:42.175 | INFO     | train:test_epoch:90 - Epoch 17, Val Loss: 0.262486, Val Accuracy: 93.23%
2026-09-15 09:12:42.302 | INFO     | train:train_epoch:47 - Epoch 18, Step 0, Loss: 0.186182, Accuracy: 96.88%
2026-09-15 09:12:42.637 | INFO     | train:test_epoch:90 - Epoch 18, Val Loss: 0.262899, Val Accuracy: 93.23%
2026-09-15 09:12:42.783 | INFO     | train:train_epoch:47 - Epoch 19, Step 0, Loss: 0.195223, Accuracy: 100.00%
2026-09-15 09:12:43.292 | INFO     | train:test_epoch:90 - Epoch 19, Val Loss: 0.260876, Val Accuracy: 93.23%
2026-09-15 09:12:43.492 | INFO     | train:train_epoch:47 - Epoch 20, Step 0, Loss: 0.172754, Accuracy: 96.88%
2026-09-15 09:12:44.065 | INFO     | train:test_epoch:90 - Epoch 20, Val Loss: 0.259046, Val Accuracy: 93.23%
2026-09-15 09:12:44.066 | INFO     | __main__:main:134 - Best validation accuracy for beta 0.89: 93.23%
2026-09-15 09:12:44.066 | INFO     | __main__:main:123 - Testing CT with beta: 0.90
2026-09-15 09:12:44.092 | INFO     | __main__:main:129 - Number of trainable parameters: 1539
2026-09-15 09:12:44.092 | INFO     | __main__:main:130 - Starting transfer learning...
2026-09-15 09:12:52.549 | INFO     | train:train_epoch:47 - Epoch 1, Step 0, Loss: 1.618324, Accuracy: 25.00%
2026-09-15 09:12:52.899 | INFO     | train:test_epoch:90 - Epoch 1, Val Loss: 0.889642, Val Accuracy: 68.42%
2026-09-15 09:12:52.900 | INFO     | train:linear_probe:190 - New best validation accuracy: 68.42 at epoch 1
2026-09-15 09:12:53.045 | INFO     | train:train_epoch:47 - Epoch 2, Step 0, Loss: 0.913053, Accuracy: 71.88%
2026-09-15 09:12:53.402 | INFO     | train:test_epoch:90 - Epoch 2, Val Loss: 0.559862, Val Accuracy: 81.95%
2026-09-15 09:12:53.403 | INFO     | train:linear_probe:190 - New best validation accuracy: 81.95 at epoch 2
2026-09-15 09:12:53.545 | INFO     | train:train_epoch:47 - Epoch 3, Step 0, Loss: 0.605622, Accuracy: 81.25%
2026-09-15 09:12:53.909 | INFO     | train:test_epoch:90 - Epoch 3, Val Loss: 0.457212, Val Accuracy: 86.47%
2026-09-15 09:12:53.910 | INFO     | train:linear_probe:190 - New best validation accuracy: 86.47 at epoch 3
2026-09-15 09:12:54.049 | INFO     | train:train_epoch:47 - Epoch 4, Step 0, Loss: 0.371012, Accuracy: 90.62%
2026-09-15 09:12:54.394 | INFO     | train:test_epoch:90 - Epoch 4, Val Loss: 0.400916, Val Accuracy: 87.22%
2026-09-15 09:12:54.395 | INFO     | train:linear_probe:190 - New best validation accuracy: 87.22 at epoch 4
2026-09-15 09:12:54.531 | INFO     | train:train_epoch:47 - Epoch 5, Step 0, Loss: 0.610120, Accuracy: 75.00%
2026-09-15 09:12:54.879 | INFO     | train:test_epoch:90 - Epoch 5, Val Loss: 0.385834, Val Accuracy: 84.21%
2026-09-15 09:12:55.010 | INFO     | train:train_epoch:47 - Epoch 6, Step 0, Loss: 0.653342, Accuracy: 65.62%
2026-09-15 09:12:55.356 | INFO     | train:test_epoch:90 - Epoch 6, Val Loss: 0.337699, Val Accuracy: 90.98%
2026-09-15 09:12:55.357 | INFO     | train:linear_probe:190 - New best validation accuracy: 90.98 at epoch 6
2026-09-15 09:12:55.488 | INFO     | train:train_epoch:47 - Epoch 7, Step 0, Loss: 0.332340, Accuracy: 90.62%
2026-09-15 09:12:55.857 | INFO     | train:test_epoch:90 - Epoch 7, Val Loss: 0.331079, Val Accuracy: 87.97%
2026-09-15 09:12:55.993 | INFO     | train:train_epoch:47 - Epoch 8, Step 0, Loss: 0.238165, Accuracy: 100.00%
2026-09-15 09:12:56.346 | INFO     | train:test_epoch:90 - Epoch 8, Val Loss: 0.304534, Val Accuracy: 90.98%
2026-09-15 09:12:56.480 | INFO     | train:train_epoch:47 - Epoch 9, Step 0, Loss: 0.223974, Accuracy: 93.75%
2026-09-15 09:12:56.986 | INFO     | train:test_epoch:90 - Epoch 9, Val Loss: 0.293405, Val Accuracy: 92.48%
2026-09-15 09:12:56.987 | INFO     | train:linear_probe:190 - New best validation accuracy: 92.48 at epoch 9
2026-09-15 09:12:57.178 | INFO     | train:train_epoch:47 - Epoch 10, Step 0, Loss: 0.139380, Accuracy: 96.88%
2026-09-15 09:12:57.785 | INFO     | train:test_epoch:90 - Epoch 10, Val Loss: 0.272197, Val Accuracy: 93.23%
2026-09-15 09:12:57.786 | INFO     | train:linear_probe:190 - New best validation accuracy: 93.23 at epoch 10
2026-09-15 09:12:58.014 | INFO     | train:train_epoch:47 - Epoch 11, Step 0, Loss: 0.211633, Accuracy: 96.88%
2026-09-15 09:12:58.564 | INFO     | train:test_epoch:90 - Epoch 11, Val Loss: 0.271783, Val Accuracy: 93.98%
2026-09-15 09:12:58.566 | INFO     | train:linear_probe:190 - New best validation accuracy: 93.98 at epoch 11
2026-09-15 09:12:58.815 | INFO     | train:train_epoch:47 - Epoch 12, Step 0, Loss: 0.228038, Accuracy: 93.75%
2026-09-15 09:12:59.383 | INFO     | train:test_epoch:90 - Epoch 12, Val Loss: 0.270907, Val Accuracy: 93.98%
2026-09-15 09:12:59.563 | INFO     | train:train_epoch:47 - Epoch 13, Step 0, Loss: 0.158316, Accuracy: 96.88%
2026-09-15 09:13:00.121 | INFO     | train:test_epoch:90 - Epoch 13, Val Loss: 0.270714, Val Accuracy: 93.23%
2026-09-15 09:13:00.269 | INFO     | train:train_epoch:47 - Epoch 14, Step 0, Loss: 0.133731, Accuracy: 100.00%
2026-09-15 09:13:00.626 | INFO     | train:test_epoch:90 - Epoch 14, Val Loss: 0.269439, Val Accuracy: 93.98%
2026-09-15 09:13:00.777 | INFO     | train:train_epoch:47 - Epoch 15, Step 0, Loss: 0.227123, Accuracy: 90.62%
2026-09-15 09:13:01.149 | INFO     | train:test_epoch:90 - Epoch 15, Val Loss: 0.267715, Val Accuracy: 93.98%
2026-09-15 09:13:01.289 | INFO     | train:train_epoch:47 - Epoch 16, Step 0, Loss: 0.341806, Accuracy: 93.75%
2026-09-15 09:13:01.639 | INFO     | train:test_epoch:90 - Epoch 16, Val Loss: 0.266915, Val Accuracy: 93.98%
2026-09-15 09:13:01.772 | INFO     | train:train_epoch:47 - Epoch 17, Step 0, Loss: 0.184137, Accuracy: 96.88%
2026-09-15 09:13:02.128 | INFO     | train:test_epoch:90 - Epoch 17, Val Loss: 0.266058, Val Accuracy: 93.23%
2026-09-15 09:13:02.279 | INFO     | train:train_epoch:47 - Epoch 18, Step 0, Loss: 0.317758, Accuracy: 87.50%
2026-09-15 09:13:02.651 | INFO     | train:test_epoch:90 - Epoch 18, Val Loss: 0.264926, Val Accuracy: 93.98%
2026-09-15 09:13:02.800 | INFO     | train:train_epoch:47 - Epoch 19, Step 0, Loss: 0.332258, Accuracy: 93.75%
2026-09-15 09:13:03.146 | INFO     | train:test_epoch:90 - Epoch 19, Val Loss: 0.264975, Val Accuracy: 93.23%
2026-09-15 09:13:03.293 | INFO     | train:train_epoch:47 - Epoch 20, Step 0, Loss: 0.239038, Accuracy: 93.75%
2026-09-15 09:13:03.648 | INFO     | train:test_epoch:90 - Epoch 20, Val Loss: 0.263859, Val Accuracy: 93.23%
2026-09-15 09:13:03.649 | INFO     | __main__:main:134 - Best validation accuracy for beta 0.90: 93.98%
2026-09-15 09:13:03.649 | INFO     | __main__:main:123 - Testing CT with beta: 0.91
2026-09-15 09:13:03.667 | INFO     | __main__:main:129 - Number of trainable parameters: 1539
2026-09-15 09:13:03.668 | INFO     | __main__:main:130 - Starting transfer learning...
2026-09-15 09:13:11.322 | INFO     | train:train_epoch:47 - Epoch 1, Step 0, Loss: 1.251586, Accuracy: 34.38%
2026-09-15 09:13:11.917 | INFO     | train:test_epoch:90 - Epoch 1, Val Loss: 0.854647, Val Accuracy: 62.41%
2026-09-15 09:13:11.918 | INFO     | train:linear_probe:190 - New best validation accuracy: 62.41 at epoch 1
2026-09-15 09:13:12.162 | INFO     | train:train_epoch:47 - Epoch 2, Step 0, Loss: 0.905553, Accuracy: 46.88%
2026-09-15 09:13:12.712 | INFO     | train:test_epoch:90 - Epoch 2, Val Loss: 0.565026, Val Accuracy: 77.44%
2026-09-15 09:13:12.713 | INFO     | train:linear_probe:190 - New best validation accuracy: 77.44 at epoch 2
2026-09-15 09:13:12.915 | INFO     | train:train_epoch:47 - Epoch 3, Step 0, Loss: 0.537833, Accuracy: 81.25%
2026-09-15 09:13:13.436 | INFO     | train:test_epoch:90 - Epoch 3, Val Loss: 0.456037, Val Accuracy: 85.71%
2026-09-15 09:13:13.437 | INFO     | train:linear_probe:190 - New best validation accuracy: 85.71 at epoch 3
2026-09-15 09:13:13.574 | INFO     | train:train_epoch:47 - Epoch 4, Step 0, Loss: 0.533688, Accuracy: 84.38%
2026-09-15 09:13:13.939 | INFO     | train:test_epoch:90 - Epoch 4, Val Loss: 0.404471, Val Accuracy: 85.71%
2026-09-15 09:13:14.073 | INFO     | train:train_epoch:47 - Epoch 5, Step 0, Loss: 0.402362, Accuracy: 84.38%
2026-09-15 09:13:14.419 | INFO     | train:test_epoch:90 - Epoch 5, Val Loss: 0.372160, Val Accuracy: 88.72%
2026-09-15 09:13:14.420 | INFO     | train:linear_probe:190 - New best validation accuracy: 88.72 at epoch 5
2026-09-15 09:13:14.548 | INFO     | train:train_epoch:47 - Epoch 6, Step 0, Loss: 0.427680, Accuracy: 90.62%
2026-09-15 09:13:14.917 | INFO     | train:test_epoch:90 - Epoch 6, Val Loss: 0.339553, Val Accuracy: 89.47%
2026-09-15 09:13:14.918 | INFO     | train:linear_probe:190 - New best validation accuracy: 89.47 at epoch 6
2026-09-15 09:13:15.046 | INFO     | train:train_epoch:47 - Epoch 7, Step 0, Loss: 0.243705, Accuracy: 90.62%
2026-09-15 09:13:15.408 | INFO     | train:test_epoch:90 - Epoch 7, Val Loss: 0.326973, Val Accuracy: 87.97%
2026-09-15 09:13:15.533 | INFO     | train:train_epoch:47 - Epoch 8, Step 0, Loss: 0.424154, Accuracy: 84.38%
2026-09-15 09:13:15.883 | INFO     | train:test_epoch:90 - Epoch 8, Val Loss: 0.299631, Val Accuracy: 89.47%
2026-09-15 09:13:16.035 | INFO     | train:train_epoch:47 - Epoch 9, Step 0, Loss: 0.154435, Accuracy: 100.00%
2026-09-15 09:13:16.381 | INFO     | train:test_epoch:90 - Epoch 9, Val Loss: 0.291250, Val Accuracy: 92.48%
2026-09-15 09:13:16.382 | INFO     | train:linear_probe:190 - New best validation accuracy: 92.48 at epoch 9
2026-09-15 09:13:16.515 | INFO     | train:train_epoch:47 - Epoch 10, Step 0, Loss: 0.326879, Accuracy: 90.62%
2026-09-15 09:13:16.870 | INFO     | train:test_epoch:90 - Epoch 10, Val Loss: 0.281973, Val Accuracy: 90.23%
2026-09-15 09:13:17.035 | INFO     | train:train_epoch:47 - Epoch 11, Step 0, Loss: 0.340213, Accuracy: 87.50%
2026-09-15 09:13:17.396 | INFO     | train:test_epoch:90 - Epoch 11, Val Loss: 0.272238, Val Accuracy: 91.73%
2026-09-15 09:13:17.542 | INFO     | train:train_epoch:47 - Epoch 12, Step 0, Loss: 0.347278, Accuracy: 87.50%
2026-09-15 09:13:17.968 | INFO     | train:test_epoch:90 - Epoch 12, Val Loss: 0.272203, Val Accuracy: 93.23%
2026-09-15 09:13:17.969 | INFO     | train:linear_probe:190 - New best validation accuracy: 93.23 at epoch 12
2026-09-15 09:13:18.128 | INFO     | train:train_epoch:47 - Epoch 13, Step 0, Loss: 0.157311, Accuracy: 96.88%
2026-09-15 09:13:18.485 | INFO     | train:test_epoch:90 - Epoch 13, Val Loss: 0.271461, Val Accuracy: 93.23%
2026-09-15 09:13:18.612 | INFO     | train:train_epoch:47 - Epoch 14, Step 0, Loss: 0.254178, Accuracy: 84.38%
2026-09-15 09:13:18.955 | INFO     | train:test_epoch:90 - Epoch 14, Val Loss: 0.269941, Val Accuracy: 92.48%
2026-09-15 09:13:19.097 | INFO     | train:train_epoch:47 - Epoch 15, Step 0, Loss: 0.311233, Accuracy: 87.50%
2026-09-15 09:13:19.455 | INFO     | train:test_epoch:90 - Epoch 15, Val Loss: 0.269316, Val Accuracy: 93.23%
2026-09-15 09:13:19.590 | INFO     | train:train_epoch:47 - Epoch 16, Step 0, Loss: 0.228585, Accuracy: 93.75%
2026-09-15 09:13:19.936 | INFO     | train:test_epoch:90 - Epoch 16, Val Loss: 0.267912, Val Accuracy: 93.23%
2026-09-15 09:13:20.064 | INFO     | train:train_epoch:47 - Epoch 17, Step 0, Loss: 0.169232, Accuracy: 100.00%
2026-09-15 09:13:20.431 | INFO     | train:test_epoch:90 - Epoch 17, Val Loss: 0.266175, Val Accuracy: 93.23%
2026-09-15 09:13:20.566 | INFO     | train:train_epoch:47 - Epoch 18, Step 0, Loss: 0.229223, Accuracy: 93.75%
2026-09-15 09:13:20.907 | INFO     | train:test_epoch:90 - Epoch 18, Val Loss: 0.265233, Val Accuracy: 92.48%
2026-09-15 09:13:21.041 | INFO     | train:train_epoch:47 - Epoch 19, Step 0, Loss: 0.360999, Accuracy: 84.38%
2026-09-15 09:13:21.418 | INFO     | train:test_epoch:90 - Epoch 19, Val Loss: 0.263333, Val Accuracy: 92.48%
2026-09-15 09:13:21.546 | INFO     | train:train_epoch:47 - Epoch 20, Step 0, Loss: 0.178327, Accuracy: 96.88%
2026-09-15 09:13:21.894 | INFO     | train:test_epoch:90 - Epoch 20, Val Loss: 0.263723, Val Accuracy: 93.23%
2026-09-15 09:13:21.894 | INFO     | __main__:main:134 - Best validation accuracy for beta 0.91: 93.23%
2026-09-15 09:13:21.895 | INFO     | __main__:main:123 - Testing CT with beta: 0.92
2026-09-15 09:13:21.911 | INFO     | __main__:main:129 - Number of trainable parameters: 1539
2026-09-15 09:13:21.911 | INFO     | __main__:main:130 - Starting transfer learning...
2026-09-15 09:13:30.790 | INFO     | train:train_epoch:47 - Epoch 1, Step 0, Loss: 1.077040, Accuracy: 37.50%
2026-09-15 09:13:31.147 | INFO     | train:test_epoch:90 - Epoch 1, Val Loss: 0.764733, Val Accuracy: 64.66%
2026-09-15 09:13:31.149 | INFO     | train:linear_probe:190 - New best validation accuracy: 64.66 at epoch 1
2026-09-15 09:13:31.281 | INFO     | train:train_epoch:47 - Epoch 2, Step 0, Loss: 0.753399, Accuracy: 68.75%
2026-09-15 09:13:31.676 | INFO     | train:test_epoch:90 - Epoch 2, Val Loss: 0.523471, Val Accuracy: 83.46%
2026-09-15 09:13:31.677 | INFO     | train:linear_probe:190 - New best validation accuracy: 83.46 at epoch 2
2026-09-15 09:13:31.849 | INFO     | train:train_epoch:47 - Epoch 3, Step 0, Loss: 0.471302, Accuracy: 81.25%
2026-09-15 09:13:32.236 | INFO     | train:test_epoch:90 - Epoch 3, Val Loss: 0.438518, Val Accuracy: 84.21%
2026-09-15 09:13:32.237 | INFO     | train:linear_probe:190 - New best validation accuracy: 84.21 at epoch 3
2026-09-15 09:13:32.408 | INFO     | train:train_epoch:47 - Epoch 4, Step 0, Loss: 0.358906, Accuracy: 100.00%
2026-09-15 09:13:32.809 | INFO     | train:test_epoch:90 - Epoch 4, Val Loss: 0.395132, Val Accuracy: 83.46%
2026-09-15 09:13:32.981 | INFO     | train:train_epoch:47 - Epoch 5, Step 0, Loss: 0.313059, Accuracy: 93.75%
2026-09-15 09:13:33.367 | INFO     | train:test_epoch:90 - Epoch 5, Val Loss: 0.362664, Val Accuracy: 89.47%
2026-09-15 09:13:33.369 | INFO     | train:linear_probe:190 - New best validation accuracy: 89.47 at epoch 5
2026-09-15 09:13:33.528 | INFO     | train:train_epoch:47 - Epoch 6, Step 0, Loss: 0.440224, Accuracy: 78.12%
2026-09-15 09:13:33.938 | INFO     | train:test_epoch:90 - Epoch 6, Val Loss: 0.323649, Val Accuracy: 88.72%
2026-09-15 09:13:34.100 | INFO     | train:train_epoch:47 - Epoch 7, Step 0, Loss: 0.213829, Accuracy: 96.88%
2026-09-15 09:13:34.486 | INFO     | train:test_epoch:90 - Epoch 7, Val Loss: 0.306260, Val Accuracy: 91.73%
2026-09-15 09:13:34.487 | INFO     | train:linear_probe:190 - New best validation accuracy: 91.73 at epoch 7
2026-09-15 09:13:34.657 | INFO     | train:train_epoch:47 - Epoch 8, Step 0, Loss: 0.261328, Accuracy: 93.75%
2026-09-15 09:13:35.047 | INFO     | train:test_epoch:90 - Epoch 8, Val Loss: 0.290504, Val Accuracy: 91.73%
2026-09-15 09:13:35.194 | INFO     | train:train_epoch:47 - Epoch 9, Step 0, Loss: 0.402364, Accuracy: 87.50%
2026-09-15 09:13:35.564 | INFO     | train:test_epoch:90 - Epoch 9, Val Loss: 0.276516, Val Accuracy: 90.23%
2026-09-15 09:13:35.734 | INFO     | train:train_epoch:47 - Epoch 10, Step 0, Loss: 0.193338, Accuracy: 100.00%
2026-09-15 09:13:36.134 | INFO     | train:test_epoch:90 - Epoch 10, Val Loss: 0.267870, Val Accuracy: 91.73%
2026-09-15 09:13:36.291 | INFO     | train:train_epoch:47 - Epoch 11, Step 0, Loss: 0.123732, Accuracy: 100.00%
2026-09-15 09:13:36.695 | INFO     | train:test_epoch:90 - Epoch 11, Val Loss: 0.266571, Val Accuracy: 92.48%
2026-09-15 09:13:36.696 | INFO     | train:linear_probe:190 - New best validation accuracy: 92.48 at epoch 11
2026-09-15 09:13:36.851 | INFO     | train:train_epoch:47 - Epoch 12, Step 0, Loss: 0.379515, Accuracy: 90.62%
2026-09-15 09:13:37.248 | INFO     | train:test_epoch:90 - Epoch 12, Val Loss: 0.264048, Val Accuracy: 91.73%
2026-09-15 09:13:37.392 | INFO     | train:train_epoch:47 - Epoch 13, Step 0, Loss: 0.279430, Accuracy: 90.62%
2026-09-15 09:13:37.977 | INFO     | train:test_epoch:90 - Epoch 13, Val Loss: 0.264661, Val Accuracy: 93.23%
2026-09-15 09:13:37.979 | INFO     | train:linear_probe:190 - New best validation accuracy: 93.23 at epoch 13
2026-09-15 09:13:38.247 | INFO     | train:train_epoch:47 - Epoch 14, Step 0, Loss: 0.265134, Accuracy: 90.62%
2026-09-15 09:13:38.876 | INFO     | train:test_epoch:90 - Epoch 14, Val Loss: 0.262859, Val Accuracy: 93.23%
2026-09-15 09:13:39.095 | INFO     | train:train_epoch:47 - Epoch 15, Step 0, Loss: 0.271028, Accuracy: 93.75%
2026-09-15 09:13:39.714 | INFO     | train:test_epoch:90 - Epoch 15, Val Loss: 0.261487, Val Accuracy: 93.23%
2026-09-15 09:13:39.967 | INFO     | train:train_epoch:47 - Epoch 16, Step 0, Loss: 0.308790, Accuracy: 96.88%
2026-09-15 09:13:40.576 | INFO     | train:test_epoch:90 - Epoch 16, Val Loss: 0.259917, Val Accuracy: 93.23%
2026-09-15 09:13:40.831 | INFO     | train:train_epoch:47 - Epoch 17, Step 0, Loss: 0.354855, Accuracy: 90.62%
2026-09-15 09:13:41.315 | INFO     | train:test_epoch:90 - Epoch 17, Val Loss: 0.258244, Val Accuracy: 93.23%
2026-09-15 09:13:41.475 | INFO     | train:train_epoch:47 - Epoch 18, Step 0, Loss: 0.218712, Accuracy: 93.75%
2026-09-15 09:13:41.872 | INFO     | train:test_epoch:90 - Epoch 18, Val Loss: 0.257882, Val Accuracy: 93.23%
2026-09-15 09:13:42.032 | INFO     | train:train_epoch:47 - Epoch 19, Step 0, Loss: 0.202146, Accuracy: 96.88%
2026-09-15 09:13:42.414 | INFO     | train:test_epoch:90 - Epoch 19, Val Loss: 0.257189, Val Accuracy: 93.23%
2026-09-15 09:13:42.592 | INFO     | train:train_epoch:47 - Epoch 20, Step 0, Loss: 0.215350, Accuracy: 96.88%
2026-09-15 09:13:42.995 | INFO     | train:test_epoch:90 - Epoch 20, Val Loss: 0.254986, Val Accuracy: 93.98%
2026-09-15 09:13:42.996 | INFO     | train:linear_probe:190 - New best validation accuracy: 93.98 at epoch 20
2026-09-15 09:13:42.996 | INFO     | __main__:main:134 - Best validation accuracy for beta 0.92: 93.98%
2026-09-15 09:13:42.997 | INFO     | __main__:main:123 - Testing CT with beta: 0.93
2026-09-15 09:13:43.015 | INFO     | __main__:main:129 - Number of trainable parameters: 1539
2026-09-15 09:13:43.015 | INFO     | __main__:main:130 - Starting transfer learning...
2026-09-15 09:13:51.343 | INFO     | train:train_epoch:47 - Epoch 1, Step 0, Loss: 1.073231, Accuracy: 40.62%
2026-09-15 09:13:51.977 | INFO     | train:test_epoch:90 - Epoch 1, Val Loss: 0.751738, Val Accuracy: 67.67%
2026-09-15 09:13:51.979 | INFO     | train:linear_probe:190 - New best validation accuracy: 67.67 at epoch 1
2026-09-15 09:13:52.242 | INFO     | train:train_epoch:47 - Epoch 2, Step 0, Loss: 0.711648, Accuracy: 81.25%
2026-09-15 09:13:52.836 | INFO     | train:test_epoch:90 - Epoch 2, Val Loss: 0.519287, Val Accuracy: 83.46%
2026-09-15 09:13:52.837 | INFO     | train:linear_probe:190 - New best validation accuracy: 83.46 at epoch 2
2026-09-15 09:13:53.081 | INFO     | train:train_epoch:47 - Epoch 3, Step 0, Loss: 0.450892, Accuracy: 90.62%
2026-09-15 09:13:53.693 | INFO     | train:test_epoch:90 - Epoch 3, Val Loss: 0.471690, Val Accuracy: 78.95%
2026-09-15 09:13:53.937 | INFO     | train:train_epoch:47 - Epoch 4, Step 0, Loss: 0.405547, Accuracy: 90.62%
2026-09-15 09:13:54.575 | INFO     | train:test_epoch:90 - Epoch 4, Val Loss: 0.391972, Val Accuracy: 87.97%
2026-09-15 09:13:54.576 | INFO     | train:linear_probe:190 - New best validation accuracy: 87.97 at epoch 4
2026-09-15 09:13:54.744 | INFO     | train:train_epoch:47 - Epoch 5, Step 0, Loss: 0.477920, Accuracy: 78.12%
2026-09-15 09:13:55.101 | INFO     | train:test_epoch:90 - Epoch 5, Val Loss: 0.357971, Val Accuracy: 85.71%
2026-09-15 09:13:55.261 | INFO     | train:train_epoch:47 - Epoch 6, Step 0, Loss: 0.388043, Accuracy: 90.62%
2026-09-15 09:13:55.647 | INFO     | train:test_epoch:90 - Epoch 6, Val Loss: 0.326889, Val Accuracy: 89.47%
2026-09-15 09:13:55.649 | INFO     | train:linear_probe:190 - New best validation accuracy: 89.47 at epoch 6
2026-09-15 09:13:55.801 | INFO     | train:train_epoch:47 - Epoch 7, Step 0, Loss: 0.447987, Accuracy: 84.38%
2026-09-15 09:13:56.188 | INFO     | train:test_epoch:90 - Epoch 7, Val Loss: 0.314601, Val Accuracy: 87.22%
2026-09-15 09:13:56.338 | INFO     | train:train_epoch:47 - Epoch 8, Step 0, Loss: 0.334080, Accuracy: 84.38%
2026-09-15 09:13:56.741 | INFO     | train:test_epoch:90 - Epoch 8, Val Loss: 0.299334, Val Accuracy: 90.23%
2026-09-15 09:13:56.742 | INFO     | train:linear_probe:190 - New best validation accuracy: 90.23 at epoch 8
2026-09-15 09:13:56.892 | INFO     | train:train_epoch:47 - Epoch 9, Step 0, Loss: 0.234444, Accuracy: 96.88%
2026-09-15 09:13:57.261 | INFO     | train:test_epoch:90 - Epoch 9, Val Loss: 0.282212, Val Accuracy: 89.47%
2026-09-15 09:13:57.398 | INFO     | train:train_epoch:47 - Epoch 10, Step 0, Loss: 0.235822, Accuracy: 93.75%
2026-09-15 09:13:57.773 | INFO     | train:test_epoch:90 - Epoch 10, Val Loss: 0.275770, Val Accuracy: 89.47%
2026-09-15 09:13:57.911 | INFO     | train:train_epoch:47 - Epoch 11, Step 0, Loss: 0.218525, Accuracy: 96.88%
2026-09-15 09:13:58.282 | INFO     | train:test_epoch:90 - Epoch 11, Val Loss: 0.265878, Val Accuracy: 90.23%
2026-09-15 09:13:58.426 | INFO     | train:train_epoch:47 - Epoch 12, Step 0, Loss: 0.223333, Accuracy: 93.75%
2026-09-15 09:13:58.833 | INFO     | train:test_epoch:90 - Epoch 12, Val Loss: 0.263707, Val Accuracy: 90.98%
2026-09-15 09:13:58.834 | INFO     | train:linear_probe:190 - New best validation accuracy: 90.98 at epoch 12
2026-09-15 09:13:58.974 | INFO     | train:train_epoch:47 - Epoch 13, Step 0, Loss: 0.338383, Accuracy: 87.50%
2026-09-15 09:13:59.348 | INFO     | train:test_epoch:90 - Epoch 13, Val Loss: 0.264319, Val Accuracy: 91.73%
2026-09-15 09:13:59.349 | INFO     | train:linear_probe:190 - New best validation accuracy: 91.73 at epoch 13
2026-09-15 09:13:59.505 | INFO     | train:train_epoch:47 - Epoch 14, Step 0, Loss: 0.358062, Accuracy: 90.62%
2026-09-15 09:13:59.899 | INFO     | train:test_epoch:90 - Epoch 14, Val Loss: 0.262275, Val Accuracy: 90.98%
2026-09-15 09:14:00.034 | INFO     | train:train_epoch:47 - Epoch 15, Step 0, Loss: 0.279078, Accuracy: 90.62%
2026-09-15 09:14:00.396 | INFO     | train:test_epoch:90 - Epoch 15, Val Loss: 0.260802, Val Accuracy: 91.73%
2026-09-15 09:14:00.534 | INFO     | train:train_epoch:47 - Epoch 16, Step 0, Loss: 0.317534, Accuracy: 90.62%
2026-09-15 09:14:00.916 | INFO     | train:test_epoch:90 - Epoch 16, Val Loss: 0.259058, Val Accuracy: 92.48%
2026-09-15 09:14:00.917 | INFO     | train:linear_probe:190 - New best validation accuracy: 92.48 at epoch 16
2026-09-15 09:14:01.059 | INFO     | train:train_epoch:47 - Epoch 17, Step 0, Loss: 0.205402, Accuracy: 93.75%
2026-09-15 09:14:01.399 | INFO     | train:test_epoch:90 - Epoch 17, Val Loss: 0.260264, Val Accuracy: 91.73%
2026-09-15 09:14:01.517 | INFO     | train:train_epoch:47 - Epoch 18, Step 0, Loss: 0.305262, Accuracy: 93.75%
2026-09-15 09:14:01.909 | INFO     | train:test_epoch:90 - Epoch 18, Val Loss: 0.257492, Val Accuracy: 93.23%
2026-09-15 09:14:01.910 | INFO     | train:linear_probe:190 - New best validation accuracy: 93.23 at epoch 18
2026-09-15 09:14:02.047 | INFO     | train:train_epoch:47 - Epoch 19, Step 0, Loss: 0.198013, Accuracy: 100.00%
2026-09-15 09:14:02.400 | INFO     | train:test_epoch:90 - Epoch 19, Val Loss: 0.257434, Val Accuracy: 93.23%
2026-09-15 09:14:02.542 | INFO     | train:train_epoch:47 - Epoch 20, Step 0, Loss: 0.300596, Accuracy: 96.88%
2026-09-15 09:14:02.918 | INFO     | train:test_epoch:90 - Epoch 20, Val Loss: 0.255740, Val Accuracy: 93.23%
2026-09-15 09:14:02.919 | INFO     | __main__:main:134 - Best validation accuracy for beta 0.93: 93.23%
2026-09-15 09:14:02.919 | INFO     | __main__:main:123 - Testing CT with beta: 0.94
2026-09-15 09:14:02.935 | INFO     | __main__:main:129 - Number of trainable parameters: 1539
2026-09-15 09:14:02.935 | INFO     | __main__:main:130 - Starting transfer learning...
2026-09-15 09:14:11.750 | INFO     | train:train_epoch:47 - Epoch 1, Step 0, Loss: 1.498962, Accuracy: 21.88%
2026-09-15 09:14:12.115 | INFO     | train:test_epoch:90 - Epoch 1, Val Loss: 0.830449, Val Accuracy: 73.68%
2026-09-15 09:14:12.116 | INFO     | train:linear_probe:190 - New best validation accuracy: 73.68 at epoch 1
2026-09-15 09:14:12.262 | INFO     | train:train_epoch:47 - Epoch 2, Step 0, Loss: 0.784672, Accuracy: 71.88%
2026-09-15 09:14:12.631 | INFO     | train:test_epoch:90 - Epoch 2, Val Loss: 0.553369, Val Accuracy: 84.21%
2026-09-15 09:14:12.632 | INFO     | train:linear_probe:190 - New best validation accuracy: 84.21 at epoch 2
2026-09-15 09:14:12.769 | INFO     | train:train_epoch:47 - Epoch 3, Step 0, Loss: 0.538974, Accuracy: 93.75%
2026-09-15 09:14:13.123 | INFO     | train:test_epoch:90 - Epoch 3, Val Loss: 0.461194, Val Accuracy: 87.22%
2026-09-15 09:14:13.124 | INFO     | train:linear_probe:190 - New best validation accuracy: 87.22 at epoch 3
2026-09-15 09:14:13.266 | INFO     | train:train_epoch:47 - Epoch 4, Step 0, Loss: 0.313962, Accuracy: 90.62%
2026-09-15 09:14:13.639 | INFO     | train:test_epoch:90 - Epoch 4, Val Loss: 0.409731, Val Accuracy: 87.97%
2026-09-15 09:14:13.640 | INFO     | train:linear_probe:190 - New best validation accuracy: 87.97 at epoch 4
2026-09-15 09:14:13.773 | INFO     | train:train_epoch:47 - Epoch 5, Step 0, Loss: 0.397473, Accuracy: 90.62%
2026-09-15 09:14:14.129 | INFO     | train:test_epoch:90 - Epoch 5, Val Loss: 0.376039, Val Accuracy: 87.22%
2026-09-15 09:14:14.267 | INFO     | train:train_epoch:47 - Epoch 6, Step 0, Loss: 0.439135, Accuracy: 87.50%
2026-09-15 09:14:14.637 | INFO     | train:test_epoch:90 - Epoch 6, Val Loss: 0.343646, Val Accuracy: 88.72%
2026-09-15 09:14:14.638 | INFO     | train:linear_probe:190 - New best validation accuracy: 88.72 at epoch 6
2026-09-15 09:14:14.778 | INFO     | train:train_epoch:47 - Epoch 7, Step 0, Loss: 0.378628, Accuracy: 87.50%
2026-09-15 09:14:15.148 | INFO     | train:test_epoch:90 - Epoch 7, Val Loss: 0.321588, Val Accuracy: 89.47%
2026-09-15 09:14:15.149 | INFO     | train:linear_probe:190 - New best validation accuracy: 89.47 at epoch 7
2026-09-15 09:14:15.303 | INFO     | train:train_epoch:47 - Epoch 8, Step 0, Loss: 0.310484, Accuracy: 90.62%
2026-09-15 09:14:15.678 | INFO     | train:test_epoch:90 - Epoch 8, Val Loss: 0.309546, Val Accuracy: 89.47%
2026-09-15 09:14:15.829 | INFO     | train:train_epoch:47 - Epoch 9, Step 0, Loss: 0.347491, Accuracy: 93.75%
2026-09-15 09:14:16.179 | INFO     | train:test_epoch:90 - Epoch 9, Val Loss: 0.299459, Val Accuracy: 90.98%
2026-09-15 09:14:16.180 | INFO     | train:linear_probe:190 - New best validation accuracy: 90.98 at epoch 9
2026-09-15 09:14:16.318 | INFO     | train:train_epoch:47 - Epoch 10, Step 0, Loss: 0.200253, Accuracy: 96.88%
2026-09-15 09:14:16.687 | INFO     | train:test_epoch:90 - Epoch 10, Val Loss: 0.280491, Val Accuracy: 90.98%
2026-09-15 09:14:16.839 | INFO     | train:train_epoch:47 - Epoch 11, Step 0, Loss: 0.299589, Accuracy: 84.38%
2026-09-15 09:14:17.197 | INFO     | train:test_epoch:90 - Epoch 11, Val Loss: 0.275127, Val Accuracy: 92.48%
2026-09-15 09:14:17.197 | INFO     | train:linear_probe:190 - New best validation accuracy: 92.48 at epoch 11
2026-09-15 09:14:17.349 | INFO     | train:train_epoch:47 - Epoch 12, Step 0, Loss: 0.401577, Accuracy: 84.38%
2026-09-15 09:14:17.725 | INFO     | train:test_epoch:90 - Epoch 12, Val Loss: 0.273268, Val Accuracy: 92.48%
2026-09-15 09:14:17.865 | INFO     | train:train_epoch:47 - Epoch 13, Step 0, Loss: 0.183908, Accuracy: 93.75%
2026-09-15 09:14:18.218 | INFO     | train:test_epoch:90 - Epoch 13, Val Loss: 0.272863, Val Accuracy: 92.48%
2026-09-15 09:14:18.353 | INFO     | train:train_epoch:47 - Epoch 14, Step 0, Loss: 0.323543, Accuracy: 93.75%
2026-09-15 09:14:18.845 | INFO     | train:test_epoch:90 - Epoch 14, Val Loss: 0.271822, Val Accuracy: 92.48%
2026-09-15 09:14:19.097 | INFO     | train:train_epoch:47 - Epoch 15, Step 0, Loss: 0.241580, Accuracy: 96.88%
2026-09-15 09:14:19.635 | INFO     | train:test_epoch:90 - Epoch 15, Val Loss: 0.270897, Val Accuracy: 92.48%
2026-09-15 09:14:19.872 | INFO     | train:train_epoch:47 - Epoch 16, Step 0, Loss: 0.187843, Accuracy: 100.00%
2026-09-15 09:14:20.442 | INFO     | train:test_epoch:90 - Epoch 16, Val Loss: 0.269788, Val Accuracy: 92.48%
2026-09-15 09:14:20.692 | INFO     | train:train_epoch:47 - Epoch 17, Step 0, Loss: 0.289332, Accuracy: 93.75%
2026-09-15 09:14:21.243 | INFO     | train:test_epoch:90 - Epoch 17, Val Loss: 0.268583, Val Accuracy: 92.48%
2026-09-15 09:14:21.471 | INFO     | train:train_epoch:47 - Epoch 18, Step 0, Loss: 0.212952, Accuracy: 96.88%
2026-09-15 09:14:22.035 | INFO     | train:test_epoch:90 - Epoch 18, Val Loss: 0.267786, Val Accuracy: 91.73%
2026-09-15 09:14:22.206 | INFO     | train:train_epoch:47 - Epoch 19, Step 0, Loss: 0.200557, Accuracy: 96.88%
2026-09-15 09:14:22.558 | INFO     | train:test_epoch:90 - Epoch 19, Val Loss: 0.266324, Val Accuracy: 92.48%
2026-09-15 09:14:22.699 | INFO     | train:train_epoch:47 - Epoch 20, Step 0, Loss: 0.204384, Accuracy: 100.00%
2026-09-15 09:14:23.056 | INFO     | train:test_epoch:90 - Epoch 20, Val Loss: 0.265171, Val Accuracy: 92.48%
2026-09-15 09:14:23.057 | INFO     | __main__:main:134 - Best validation accuracy for beta 0.94: 92.48%
2026-09-15 09:14:23.057 | INFO     | __main__:main:123 - Testing CT with beta: 0.95
2026-09-15 09:14:23.074 | INFO     | __main__:main:129 - Number of trainable parameters: 1539
2026-09-15 09:14:23.075 | INFO     | __main__:main:130 - Starting transfer learning...
2026-09-15 09:14:30.352 | INFO     | train:train_epoch:47 - Epoch 1, Step 0, Loss: 1.414290, Accuracy: 18.75%
2026-09-15 09:14:30.710 | INFO     | train:test_epoch:90 - Epoch 1, Val Loss: 0.837748, Val Accuracy: 64.66%
2026-09-15 09:14:30.711 | INFO     | train:linear_probe:190 - New best validation accuracy: 64.66 at epoch 1
2026-09-15 09:14:30.850 | INFO     | train:train_epoch:47 - Epoch 2, Step 0, Loss: 0.830379, Accuracy: 65.62%
2026-09-15 09:14:31.202 | INFO     | train:test_epoch:90 - Epoch 2, Val Loss: 0.569093, Val Accuracy: 81.20%
2026-09-15 09:14:31.203 | INFO     | train:linear_probe:190 - New best validation accuracy: 81.20 at epoch 2
2026-09-15 09:14:31.337 | INFO     | train:train_epoch:47 - Epoch 3, Step 0, Loss: 0.509246, Accuracy: 84.38%
2026-09-15 09:14:31.710 | INFO     | train:test_epoch:90 - Epoch 3, Val Loss: 0.470833, Val Accuracy: 83.46%
2026-09-15 09:14:31.711 | INFO     | train:linear_probe:190 - New best validation accuracy: 83.46 at epoch 3
2026-09-15 09:14:31.846 | INFO     | train:train_epoch:47 - Epoch 4, Step 0, Loss: 0.324728, Accuracy: 100.00%
2026-09-15 09:14:32.322 | INFO     | train:test_epoch:90 - Epoch 4, Val Loss: 0.427972, Val Accuracy: 84.21%
2026-09-15 09:14:32.323 | INFO     | train:linear_probe:190 - New best validation accuracy: 84.21 at epoch 4
2026-09-15 09:14:32.573 | INFO     | train:train_epoch:47 - Epoch 5, Step 0, Loss: 0.426489, Accuracy: 90.62%
2026-09-15 09:14:33.158 | INFO     | train:test_epoch:90 - Epoch 5, Val Loss: 0.399812, Val Accuracy: 81.95%
2026-09-15 09:14:33.374 | INFO     | train:train_epoch:47 - Epoch 6, Step 0, Loss: 0.356777, Accuracy: 87.50%
2026-09-15 09:14:33.928 | INFO     | train:test_epoch:90 - Epoch 6, Val Loss: 0.353453, Val Accuracy: 87.97%
2026-09-15 09:14:33.929 | INFO     | train:linear_probe:190 - New best validation accuracy: 87.97 at epoch 6
2026-09-15 09:14:34.174 | INFO     | train:train_epoch:47 - Epoch 7, Step 0, Loss: 0.289166, Accuracy: 90.62%
2026-09-15 09:14:34.759 | INFO     | train:test_epoch:90 - Epoch 7, Val Loss: 0.328296, Val Accuracy: 87.97%
2026-09-15 09:14:34.990 | INFO     | train:train_epoch:47 - Epoch 8, Step 0, Loss: 0.276566, Accuracy: 93.75%
2026-09-15 09:14:35.475 | INFO     | train:test_epoch:90 - Epoch 8, Val Loss: 0.321543, Val Accuracy: 85.71%
2026-09-15 09:14:35.606 | INFO     | train:train_epoch:47 - Epoch 9, Step 0, Loss: 0.364671, Accuracy: 84.38%
2026-09-15 09:14:35.956 | INFO     | train:test_epoch:90 - Epoch 9, Val Loss: 0.297834, Val Accuracy: 89.47%
2026-09-15 09:14:35.957 | INFO     | train:linear_probe:190 - New best validation accuracy: 89.47 at epoch 9
2026-09-15 09:14:36.117 | INFO     | train:train_epoch:47 - Epoch 10, Step 0, Loss: 0.229007, Accuracy: 96.88%
2026-09-15 09:14:36.466 | INFO     | train:test_epoch:90 - Epoch 10, Val Loss: 0.283221, Val Accuracy: 88.72%
2026-09-15 09:14:36.620 | INFO     | train:train_epoch:47 - Epoch 11, Step 0, Loss: 0.473728, Accuracy: 78.12%
2026-09-15 09:14:36.985 | INFO     | train:test_epoch:90 - Epoch 11, Val Loss: 0.280599, Val Accuracy: 90.23%
2026-09-15 09:14:36.986 | INFO     | train:linear_probe:190 - New best validation accuracy: 90.23 at epoch 11
2026-09-15 09:14:37.149 | INFO     | train:train_epoch:47 - Epoch 12, Step 0, Loss: 0.225370, Accuracy: 93.75%
2026-09-15 09:14:37.482 | INFO     | train:test_epoch:90 - Epoch 12, Val Loss: 0.280807, Val Accuracy: 90.23%
2026-09-15 09:14:37.623 | INFO     | train:train_epoch:47 - Epoch 13, Step 0, Loss: 0.424587, Accuracy: 81.25%
2026-09-15 09:14:37.974 | INFO     | train:test_epoch:90 - Epoch 13, Val Loss: 0.279632, Val Accuracy: 90.23%
2026-09-15 09:14:38.136 | INFO     | train:train_epoch:47 - Epoch 14, Step 0, Loss: 0.251181, Accuracy: 87.50%
2026-09-15 09:14:38.486 | INFO     | train:test_epoch:90 - Epoch 14, Val Loss: 0.277616, Val Accuracy: 90.98%
2026-09-15 09:14:38.486 | INFO     | train:linear_probe:190 - New best validation accuracy: 90.98 at epoch 14
2026-09-15 09:14:38.625 | INFO     | train:train_epoch:47 - Epoch 15, Step 0, Loss: 0.314811, Accuracy: 87.50%
2026-09-15 09:14:38.977 | INFO     | train:test_epoch:90 - Epoch 15, Val Loss: 0.277485, Val Accuracy: 90.98%
2026-09-15 09:14:39.112 | INFO     | train:train_epoch:47 - Epoch 16, Step 0, Loss: 0.227191, Accuracy: 96.88%
2026-09-15 09:14:39.471 | INFO     | train:test_epoch:90 - Epoch 16, Val Loss: 0.276874, Val Accuracy: 90.23%
2026-09-15 09:14:39.604 | INFO     | train:train_epoch:47 - Epoch 17, Step 0, Loss: 0.245897, Accuracy: 96.88%
2026-09-15 09:14:39.959 | INFO     | train:test_epoch:90 - Epoch 17, Val Loss: 0.274996, Val Accuracy: 90.98%
2026-09-15 09:14:40.090 | INFO     | train:train_epoch:47 - Epoch 18, Step 0, Loss: 0.148358, Accuracy: 96.88%
2026-09-15 09:14:40.443 | INFO     | train:test_epoch:90 - Epoch 18, Val Loss: 0.274298, Val Accuracy: 90.98%
2026-09-15 09:14:40.581 | INFO     | train:train_epoch:47 - Epoch 19, Step 0, Loss: 0.200292, Accuracy: 93.75%
2026-09-15 09:14:40.931 | INFO     | train:test_epoch:90 - Epoch 19, Val Loss: 0.273284, Val Accuracy: 90.23%
2026-09-15 09:14:41.074 | INFO     | train:train_epoch:47 - Epoch 20, Step 0, Loss: 0.192456, Accuracy: 90.62%
2026-09-15 09:14:41.455 | INFO     | train:test_epoch:90 - Epoch 20, Val Loss: 0.271683, Val Accuracy: 90.98%
2026-09-15 09:14:41.456 | INFO     | __main__:main:134 - Best validation accuracy for beta 0.95: 90.98%
2026-09-15 09:14:41.456 | INFO     | __main__:main:123 - Testing CT with beta: 0.96
2026-09-15 09:14:41.473 | INFO     | __main__:main:129 - Number of trainable parameters: 1539
2026-09-15 09:14:41.473 | INFO     | __main__:main:130 - Starting transfer learning...
2026-09-15 09:14:50.141 | INFO     | train:train_epoch:47 - Epoch 1, Step 0, Loss: 1.385134, Accuracy: 21.88%
2026-09-15 09:14:50.486 | INFO     | train:test_epoch:90 - Epoch 1, Val Loss: 0.848855, Val Accuracy: 63.16%
2026-09-15 09:14:50.487 | INFO     | train:linear_probe:190 - New best validation accuracy: 63.16 at epoch 1
2026-09-15 09:14:50.607 | INFO     | train:train_epoch:47 - Epoch 2, Step 0, Loss: 0.816543, Accuracy: 65.62%
2026-09-15 09:14:50.985 | INFO     | train:test_epoch:90 - Epoch 2, Val Loss: 0.546693, Val Accuracy: 81.95%
2026-09-15 09:14:50.986 | INFO     | train:linear_probe:190 - New best validation accuracy: 81.95 at epoch 2
2026-09-15 09:14:51.123 | INFO     | train:train_epoch:47 - Epoch 3, Step 0, Loss: 0.505092, Accuracy: 90.62%
2026-09-15 09:14:51.478 | INFO     | train:test_epoch:90 - Epoch 3, Val Loss: 0.462612, Val Accuracy: 84.21%
2026-09-15 09:14:51.479 | INFO     | train:linear_probe:190 - New best validation accuracy: 84.21 at epoch 3
2026-09-15 09:14:51.610 | INFO     | train:train_epoch:47 - Epoch 4, Step 0, Loss: 0.363694, Accuracy: 93.75%
2026-09-15 09:14:51.979 | INFO     | train:test_epoch:90 - Epoch 4, Val Loss: 0.401959, Val Accuracy: 87.22%
2026-09-15 09:14:51.980 | INFO     | train:linear_probe:190 - New best validation accuracy: 87.22 at epoch 4
2026-09-15 09:14:52.151 | INFO     | train:train_epoch:47 - Epoch 5, Step 0, Loss: 0.293250, Accuracy: 96.88%
2026-09-15 09:14:52.631 | INFO     | train:test_epoch:90 - Epoch 5, Val Loss: 0.373933, Val Accuracy: 87.97%
2026-09-15 09:14:52.632 | INFO     | train:linear_probe:190 - New best validation accuracy: 87.97 at epoch 5
2026-09-15 09:14:52.781 | INFO     | train:train_epoch:47 - Epoch 6, Step 0, Loss: 0.363742, Accuracy: 90.62%
2026-09-15 09:14:53.153 | INFO     | train:test_epoch:90 - Epoch 6, Val Loss: 0.335560, Val Accuracy: 87.97%
2026-09-15 09:14:53.296 | INFO     | train:train_epoch:47 - Epoch 7, Step 0, Loss: 0.331943, Accuracy: 87.50%
2026-09-15 09:14:53.639 | INFO     | train:test_epoch:90 - Epoch 7, Val Loss: 0.314277, Val Accuracy: 88.72%
2026-09-15 09:14:53.640 | INFO     | train:linear_probe:190 - New best validation accuracy: 88.72 at epoch 7
2026-09-15 09:14:53.778 | INFO     | train:train_epoch:47 - Epoch 8, Step 0, Loss: 0.325798, Accuracy: 78.12%
2026-09-15 09:14:54.144 | INFO     | train:test_epoch:90 - Epoch 8, Val Loss: 0.304801, Val Accuracy: 90.98%
2026-09-15 09:14:54.145 | INFO     | train:linear_probe:190 - New best validation accuracy: 90.98 at epoch 8
2026-09-15 09:14:54.278 | INFO     | train:train_epoch:47 - Epoch 9, Step 0, Loss: 0.198657, Accuracy: 93.75%
2026-09-15 09:14:54.625 | INFO     | train:test_epoch:90 - Epoch 9, Val Loss: 0.283124, Val Accuracy: 91.73%
2026-09-15 09:14:54.626 | INFO     | train:linear_probe:190 - New best validation accuracy: 91.73 at epoch 9
2026-09-15 09:14:54.782 | INFO     | train:train_epoch:47 - Epoch 10, Step 0, Loss: 0.183250, Accuracy: 100.00%
2026-09-15 09:14:55.212 | INFO     | train:test_epoch:90 - Epoch 10, Val Loss: 0.275327, Val Accuracy: 90.23%
2026-09-15 09:14:55.355 | INFO     | train:train_epoch:47 - Epoch 11, Step 0, Loss: 0.167617, Accuracy: 96.88%
2026-09-15 09:14:55.701 | INFO     | train:test_epoch:90 - Epoch 11, Val Loss: 0.271258, Val Accuracy: 90.23%
2026-09-15 09:14:55.834 | INFO     | train:train_epoch:47 - Epoch 12, Step 0, Loss: 0.168830, Accuracy: 100.00%
2026-09-15 09:14:56.215 | INFO     | train:test_epoch:90 - Epoch 12, Val Loss: 0.269233, Val Accuracy: 90.98%
2026-09-15 09:14:56.350 | INFO     | train:train_epoch:47 - Epoch 13, Step 0, Loss: 0.293825, Accuracy: 90.62%
2026-09-15 09:14:56.711 | INFO     | train:test_epoch:90 - Epoch 13, Val Loss: 0.269559, Val Accuracy: 90.98%
2026-09-15 09:14:56.844 | INFO     | train:train_epoch:47 - Epoch 14, Step 0, Loss: 0.135672, Accuracy: 100.00%
2026-09-15 09:14:57.224 | INFO     | train:test_epoch:90 - Epoch 14, Val Loss: 0.268395, Val Accuracy: 90.98%
2026-09-15 09:14:57.370 | INFO     | train:train_epoch:47 - Epoch 15, Step 0, Loss: 0.197302, Accuracy: 93.75%
2026-09-15 09:14:57.728 | INFO     | train:test_epoch:90 - Epoch 15, Val Loss: 0.266535, Val Accuracy: 90.98%
2026-09-15 09:14:57.870 | INFO     | train:train_epoch:47 - Epoch 16, Step 0, Loss: 0.203074, Accuracy: 96.88%
2026-09-15 09:14:58.234 | INFO     | train:test_epoch:90 - Epoch 16, Val Loss: 0.267128, Val Accuracy: 92.48%
2026-09-15 09:14:58.236 | INFO     | train:linear_probe:190 - New best validation accuracy: 92.48 at epoch 16
2026-09-15 09:14:58.389 | INFO     | train:train_epoch:47 - Epoch 17, Step 0, Loss: 0.245976, Accuracy: 93.75%
2026-09-15 09:14:58.754 | INFO     | train:test_epoch:90 - Epoch 17, Val Loss: 0.264236, Val Accuracy: 91.73%
2026-09-15 09:14:58.887 | INFO     | train:train_epoch:47 - Epoch 18, Step 0, Loss: 0.154834, Accuracy: 96.88%
2026-09-15 09:14:59.230 | INFO     | train:test_epoch:90 - Epoch 18, Val Loss: 0.263817, Val Accuracy: 91.73%
2026-09-15 09:14:59.478 | INFO     | train:train_epoch:47 - Epoch 19, Step 0, Loss: 0.240981, Accuracy: 100.00%
2026-09-15 09:15:00.014 | INFO     | train:test_epoch:90 - Epoch 19, Val Loss: 0.262839, Val Accuracy: 91.73%
2026-09-15 09:15:00.245 | INFO     | train:train_epoch:47 - Epoch 20, Step 0, Loss: 0.273348, Accuracy: 90.62%
2026-09-15 09:15:00.870 | INFO     | train:test_epoch:90 - Epoch 20, Val Loss: 0.261171, Val Accuracy: 91.73%
2026-09-15 09:15:00.872 | INFO     | __main__:main:134 - Best validation accuracy for beta 0.96: 92.48%
2026-09-15 09:15:00.872 | INFO     | __main__:main:123 - Testing CT with beta: 0.97
2026-09-15 09:15:00.898 | INFO     | __main__:main:129 - Number of trainable parameters: 1539
2026-09-15 09:15:00.898 | INFO     | __main__:main:130 - Starting transfer learning...
2026-09-15 09:15:08.843 | INFO     | train:train_epoch:47 - Epoch 1, Step 0, Loss: 1.144930, Accuracy: 43.75%
2026-09-15 09:15:09.222 | INFO     | train:test_epoch:90 - Epoch 1, Val Loss: 0.846955, Val Accuracy: 65.41%
2026-09-15 09:15:09.223 | INFO     | train:linear_probe:190 - New best validation accuracy: 65.41 at epoch 1
2026-09-15 09:15:09.367 | INFO     | train:train_epoch:47 - Epoch 2, Step 0, Loss: 0.796357, Accuracy: 68.75%
2026-09-15 09:15:09.750 | INFO     | train:test_epoch:90 - Epoch 2, Val Loss: 0.552828, Val Accuracy: 83.46%
2026-09-15 09:15:09.751 | INFO     | train:linear_probe:190 - New best validation accuracy: 83.46 at epoch 2
2026-09-15 09:15:09.886 | INFO     | train:train_epoch:47 - Epoch 3, Step 0, Loss: 0.633216, Accuracy: 75.00%
2026-09-15 09:15:10.244 | INFO     | train:test_epoch:90 - Epoch 3, Val Loss: 0.455882, Val Accuracy: 84.96%
2026-09-15 09:15:10.246 | INFO     | train:linear_probe:190 - New best validation accuracy: 84.96 at epoch 3
2026-09-15 09:15:10.381 | INFO     | train:train_epoch:47 - Epoch 4, Step 0, Loss: 0.474183, Accuracy: 81.25%
2026-09-15 09:15:10.743 | INFO     | train:test_epoch:90 - Epoch 4, Val Loss: 0.411512, Val Accuracy: 84.21%
2026-09-15 09:15:10.883 | INFO     | train:train_epoch:47 - Epoch 5, Step 0, Loss: 0.441048, Accuracy: 87.50%
2026-09-15 09:15:11.251 | INFO     | train:test_epoch:90 - Epoch 5, Val Loss: 0.365574, Val Accuracy: 88.72%
2026-09-15 09:15:11.252 | INFO     | train:linear_probe:190 - New best validation accuracy: 88.72 at epoch 5
2026-09-15 09:15:11.379 | INFO     | train:train_epoch:47 - Epoch 6, Step 0, Loss: 0.331832, Accuracy: 87.50%
2026-09-15 09:15:11.733 | INFO     | train:test_epoch:90 - Epoch 6, Val Loss: 0.339160, Val Accuracy: 88.72%
2026-09-15 09:15:11.876 | INFO     | train:train_epoch:47 - Epoch 7, Step 0, Loss: 0.233177, Accuracy: 96.88%
2026-09-15 09:15:12.237 | INFO     | train:test_epoch:90 - Epoch 7, Val Loss: 0.334994, Val Accuracy: 88.72%
2026-09-15 09:15:12.374 | INFO     | train:train_epoch:47 - Epoch 8, Step 0, Loss: 0.398460, Accuracy: 90.62%
2026-09-15 09:15:12.809 | INFO     | train:test_epoch:90 - Epoch 8, Val Loss: 0.306981, Val Accuracy: 89.47%
2026-09-15 09:15:12.810 | INFO     | train:linear_probe:190 - New best validation accuracy: 89.47 at epoch 8
2026-09-15 09:15:13.031 | INFO     | train:train_epoch:47 - Epoch 9, Step 0, Loss: 0.282538, Accuracy: 84.38%
2026-09-15 09:15:13.611 | INFO     | train:test_epoch:90 - Epoch 9, Val Loss: 0.288860, Val Accuracy: 90.23%
2026-09-15 09:15:13.612 | INFO     | train:linear_probe:190 - New best validation accuracy: 90.23 at epoch 9
2026-09-15 09:15:13.807 | INFO     | train:train_epoch:47 - Epoch 10, Step 0, Loss: 0.266181, Accuracy: 87.50%
2026-09-15 09:15:14.389 | INFO     | train:test_epoch:90 - Epoch 10, Val Loss: 0.284727, Val Accuracy: 90.98%
2026-09-15 09:15:14.391 | INFO     | train:linear_probe:190 - New best validation accuracy: 90.98 at epoch 10
2026-09-15 09:15:14.611 | INFO     | train:train_epoch:47 - Epoch 11, Step 0, Loss: 0.227391, Accuracy: 93.75%
2026-09-15 09:15:15.137 | INFO     | train:test_epoch:90 - Epoch 11, Val Loss: 0.270461, Val Accuracy: 91.73%
2026-09-15 09:15:15.138 | INFO     | train:linear_probe:190 - New best validation accuracy: 91.73 at epoch 11
2026-09-15 09:15:15.365 | INFO     | train:train_epoch:47 - Epoch 12, Step 0, Loss: 0.263865, Accuracy: 93.75%
2026-09-15 09:15:15.876 | INFO     | train:test_epoch:90 - Epoch 12, Val Loss: 0.271013, Val Accuracy: 90.98%
2026-09-15 09:15:16.012 | INFO     | train:train_epoch:47 - Epoch 13, Step 0, Loss: 0.267618, Accuracy: 96.88%
2026-09-15 09:15:16.380 | INFO     | train:test_epoch:90 - Epoch 13, Val Loss: 0.269959, Val Accuracy: 90.98%
2026-09-15 09:15:16.523 | INFO     | train:train_epoch:47 - Epoch 14, Step 0, Loss: 0.264575, Accuracy: 93.75%
2026-09-15 09:15:16.864 | INFO     | train:test_epoch:90 - Epoch 14, Val Loss: 0.268996, Val Accuracy: 90.98%
2026-09-15 09:15:17.006 | INFO     | train:train_epoch:47 - Epoch 15, Step 0, Loss: 0.318075, Accuracy: 90.62%
2026-09-15 09:15:17.337 | INFO     | train:test_epoch:90 - Epoch 15, Val Loss: 0.267517, Val Accuracy: 91.73%
2026-09-15 09:15:17.495 | INFO     | train:train_epoch:47 - Epoch 16, Step 0, Loss: 0.349533, Accuracy: 87.50%
2026-09-15 09:15:17.837 | INFO     | train:test_epoch:90 - Epoch 16, Val Loss: 0.266987, Val Accuracy: 91.73%
2026-09-15 09:15:17.960 | INFO     | train:train_epoch:47 - Epoch 17, Step 0, Loss: 0.232819, Accuracy: 93.75%
2026-09-15 09:15:18.301 | INFO     | train:test_epoch:90 - Epoch 17, Val Loss: 0.266287, Val Accuracy: 90.98%
2026-09-15 09:15:18.464 | INFO     | train:train_epoch:47 - Epoch 18, Step 0, Loss: 0.255430, Accuracy: 90.62%
2026-09-15 09:15:18.818 | INFO     | train:test_epoch:90 - Epoch 18, Val Loss: 0.264458, Val Accuracy: 91.73%
2026-09-15 09:15:18.951 | INFO     | train:train_epoch:47 - Epoch 19, Step 0, Loss: 0.231728, Accuracy: 96.88%
2026-09-15 09:15:19.288 | INFO     | train:test_epoch:90 - Epoch 19, Val Loss: 0.262397, Val Accuracy: 91.73%
2026-09-15 09:15:19.430 | INFO     | train:train_epoch:47 - Epoch 20, Step 0, Loss: 0.202110, Accuracy: 96.88%
2026-09-15 09:15:19.799 | INFO     | train:test_epoch:90 - Epoch 20, Val Loss: 0.261968, Val Accuracy: 91.73%
2026-09-15 09:15:19.799 | INFO     | __main__:main:134 - Best validation accuracy for beta 0.97: 91.73%
2026-09-15 09:15:19.800 | INFO     | __main__:main:123 - Testing CT with beta: 0.98
2026-09-15 09:15:19.815 | INFO     | __main__:main:129 - Number of trainable parameters: 1539
2026-09-15 09:15:19.816 | INFO     | __main__:main:130 - Starting transfer learning...
2026-09-15 09:15:27.591 | INFO     | train:train_epoch:47 - Epoch 1, Step 0, Loss: 1.367932, Accuracy: 46.88%
2026-09-15 09:15:28.146 | INFO     | train:test_epoch:90 - Epoch 1, Val Loss: 0.842011, Val Accuracy: 63.91%
2026-09-15 09:15:28.147 | INFO     | train:linear_probe:190 - New best validation accuracy: 63.91 at epoch 1
2026-09-15 09:15:28.368 | INFO     | train:train_epoch:47 - Epoch 2, Step 0, Loss: 0.872492, Accuracy: 65.62%
2026-09-15 09:15:28.922 | INFO     | train:test_epoch:90 - Epoch 2, Val Loss: 0.575488, Val Accuracy: 81.95%
2026-09-15 09:15:28.923 | INFO     | train:linear_probe:190 - New best validation accuracy: 81.95 at epoch 2
2026-09-15 09:15:29.061 | INFO     | train:train_epoch:47 - Epoch 3, Step 0, Loss: 0.682628, Accuracy: 78.12%
2026-09-15 09:15:29.414 | INFO     | train:test_epoch:90 - Epoch 3, Val Loss: 0.463636, Val Accuracy: 84.21%
2026-09-15 09:15:29.415 | INFO     | train:linear_probe:190 - New best validation accuracy: 84.21 at epoch 3
2026-09-15 09:15:29.545 | INFO     | train:train_epoch:47 - Epoch 4, Step 0, Loss: 0.449169, Accuracy: 87.50%
2026-09-15 09:15:29.900 | INFO     | train:test_epoch:90 - Epoch 4, Val Loss: 0.405169, Val Accuracy: 86.47%
2026-09-15 09:15:29.901 | INFO     | train:linear_probe:190 - New best validation accuracy: 86.47 at epoch 4
2026-09-15 09:15:30.036 | INFO     | train:train_epoch:47 - Epoch 5, Step 0, Loss: 0.446790, Accuracy: 81.25%
2026-09-15 09:15:30.393 | INFO     | train:test_epoch:90 - Epoch 5, Val Loss: 0.370852, Val Accuracy: 88.72%
2026-09-15 09:15:30.394 | INFO     | train:linear_probe:190 - New best validation accuracy: 88.72 at epoch 5
2026-09-15 09:15:30.527 | INFO     | train:train_epoch:47 - Epoch 6, Step 0, Loss: 0.323058, Accuracy: 87.50%
2026-09-15 09:15:30.882 | INFO     | train:test_epoch:90 - Epoch 6, Val Loss: 0.340629, Val Accuracy: 87.22%
2026-09-15 09:15:31.023 | INFO     | train:train_epoch:47 - Epoch 7, Step 0, Loss: 0.412693, Accuracy: 81.25%
2026-09-15 09:15:31.417 | INFO     | train:test_epoch:90 - Epoch 7, Val Loss: 0.320449, Val Accuracy: 90.23%
2026-09-15 09:15:31.418 | INFO     | train:linear_probe:190 - New best validation accuracy: 90.23 at epoch 7
2026-09-15 09:15:31.564 | INFO     | train:train_epoch:47 - Epoch 8, Step 0, Loss: 0.468647, Accuracy: 84.38%
2026-09-15 09:15:31.934 | INFO     | train:test_epoch:90 - Epoch 8, Val Loss: 0.307467, Val Accuracy: 90.23%
2026-09-15 09:15:32.074 | INFO     | train:train_epoch:47 - Epoch 9, Step 0, Loss: 0.265026, Accuracy: 90.62%
2026-09-15 09:15:32.472 | INFO     | train:test_epoch:90 - Epoch 9, Val Loss: 0.286115, Val Accuracy: 91.73%
2026-09-15 09:15:32.473 | INFO     | train:linear_probe:190 - New best validation accuracy: 91.73 at epoch 9
2026-09-15 09:15:32.630 | INFO     | train:train_epoch:47 - Epoch 10, Step 0, Loss: 0.424293, Accuracy: 84.38%
2026-09-15 09:15:32.995 | INFO     | train:test_epoch:90 - Epoch 10, Val Loss: 0.291603, Val Accuracy: 90.23%
2026-09-15 09:15:33.142 | INFO     | train:train_epoch:47 - Epoch 11, Step 0, Loss: 0.244111, Accuracy: 93.75%
2026-09-15 09:15:33.505 | INFO     | train:test_epoch:90 - Epoch 11, Val Loss: 0.269799, Val Accuracy: 93.23%
2026-09-15 09:15:33.506 | INFO     | train:linear_probe:190 - New best validation accuracy: 93.23 at epoch 11
2026-09-15 09:15:33.642 | INFO     | train:train_epoch:47 - Epoch 12, Step 0, Loss: 0.449413, Accuracy: 78.12%
2026-09-15 09:15:33.989 | INFO     | train:test_epoch:90 - Epoch 12, Val Loss: 0.270072, Val Accuracy: 93.23%
2026-09-15 09:15:34.128 | INFO     | train:train_epoch:47 - Epoch 13, Step 0, Loss: 0.230793, Accuracy: 90.62%
2026-09-15 09:15:34.484 | INFO     | train:test_epoch:90 - Epoch 13, Val Loss: 0.268989, Val Accuracy: 94.74%
2026-09-15 09:15:34.485 | INFO     | train:linear_probe:190 - New best validation accuracy: 94.74 at epoch 13
2026-09-15 09:15:34.611 | INFO     | train:train_epoch:47 - Epoch 14, Step 0, Loss: 0.163876, Accuracy: 93.75%
2026-09-15 09:15:34.974 | INFO     | train:test_epoch:90 - Epoch 14, Val Loss: 0.267070, Val Accuracy: 93.23%
2026-09-15 09:15:35.115 | INFO     | train:train_epoch:47 - Epoch 15, Step 0, Loss: 0.238713, Accuracy: 93.75%
2026-09-15 09:15:35.488 | INFO     | train:test_epoch:90 - Epoch 15, Val Loss: 0.268635, Val Accuracy: 93.98%
2026-09-15 09:15:35.630 | INFO     | train:train_epoch:47 - Epoch 16, Step 0, Loss: 0.349108, Accuracy: 90.62%
2026-09-15 09:15:35.976 | INFO     | train:test_epoch:90 - Epoch 16, Val Loss: 0.266144, Val Accuracy: 94.74%
2026-09-15 09:15:36.110 | INFO     | train:train_epoch:47 - Epoch 17, Step 0, Loss: 0.328372, Accuracy: 90.62%
2026-09-15 09:15:36.488 | INFO     | train:test_epoch:90 - Epoch 17, Val Loss: 0.264165, Val Accuracy: 94.74%
2026-09-15 09:15:36.633 | INFO     | train:train_epoch:47 - Epoch 18, Step 0, Loss: 0.316702, Accuracy: 90.62%
2026-09-15 09:15:36.977 | INFO     | train:test_epoch:90 - Epoch 18, Val Loss: 0.262987, Val Accuracy: 94.74%
2026-09-15 09:15:37.105 | INFO     | train:train_epoch:47 - Epoch 19, Step 0, Loss: 0.194539, Accuracy: 90.62%
2026-09-15 09:15:37.465 | INFO     | train:test_epoch:90 - Epoch 19, Val Loss: 0.262006, Val Accuracy: 93.98%
2026-09-15 09:15:37.619 | INFO     | train:train_epoch:47 - Epoch 20, Step 0, Loss: 0.277983, Accuracy: 93.75%
2026-09-15 09:15:37.961 | INFO     | train:test_epoch:90 - Epoch 20, Val Loss: 0.264033, Val Accuracy: 94.74%
2026-09-15 09:15:37.962 | INFO     | __main__:main:134 - Best validation accuracy for beta 0.98: 94.74%
2026-09-15 09:15:37.962 | INFO     | __main__:main:123 - Testing CT with beta: 0.99
2026-09-15 09:15:37.979 | INFO     | __main__:main:129 - Number of trainable parameters: 1539
2026-09-15 09:15:37.979 | INFO     | __main__:main:130 - Starting transfer learning...
2026-09-15 09:15:46.707 | INFO     | train:train_epoch:47 - Epoch 1, Step 0, Loss: 1.451962, Accuracy: 37.50%
2026-09-15 09:15:47.052 | INFO     | train:test_epoch:90 - Epoch 1, Val Loss: 0.924681, Val Accuracy: 57.14%
2026-09-15 09:15:47.053 | INFO     | train:linear_probe:190 - New best validation accuracy: 57.14 at epoch 1
2026-09-15 09:15:47.206 | INFO     | train:train_epoch:47 - Epoch 2, Step 0, Loss: 0.955533, Accuracy: 56.25%
2026-09-15 09:15:47.547 | INFO     | train:test_epoch:90 - Epoch 2, Val Loss: 0.614804, Val Accuracy: 80.45%
2026-09-15 09:15:47.548 | INFO     | train:linear_probe:190 - New best validation accuracy: 80.45 at epoch 2
2026-09-15 09:15:47.680 | INFO     | train:train_epoch:47 - Epoch 3, Step 0, Loss: 0.520540, Accuracy: 84.38%
2026-09-15 09:15:48.033 | INFO     | train:test_epoch:90 - Epoch 3, Val Loss: 0.499625, Val Accuracy: 81.95%
2026-09-15 09:15:48.034 | INFO     | train:linear_probe:190 - New best validation accuracy: 81.95 at epoch 3
2026-09-15 09:15:48.184 | INFO     | train:train_epoch:47 - Epoch 4, Step 0, Loss: 0.520192, Accuracy: 87.50%
2026-09-15 09:15:48.537 | INFO     | train:test_epoch:90 - Epoch 4, Val Loss: 0.444499, Val Accuracy: 81.95%
2026-09-15 09:15:48.666 | INFO     | train:train_epoch:47 - Epoch 5, Step 0, Loss: 0.375227, Accuracy: 90.62%
2026-09-15 09:15:49.018 | INFO     | train:test_epoch:90 - Epoch 5, Val Loss: 0.388926, Val Accuracy: 85.71%
2026-09-15 09:15:49.019 | INFO     | train:linear_probe:190 - New best validation accuracy: 85.71 at epoch 5
2026-09-15 09:15:49.155 | INFO     | train:train_epoch:47 - Epoch 6, Step 0, Loss: 0.414849, Accuracy: 87.50%
2026-09-15 09:15:49.518 | INFO     | train:test_epoch:90 - Epoch 6, Val Loss: 0.380681, Val Accuracy: 85.71%
2026-09-15 09:15:49.653 | INFO     | train:train_epoch:47 - Epoch 7, Step 0, Loss: 0.432185, Accuracy: 78.12%
2026-09-15 09:15:50.011 | INFO     | train:test_epoch:90 - Epoch 7, Val Loss: 0.333860, Val Accuracy: 87.97%
2026-09-15 09:15:50.012 | INFO     | train:linear_probe:190 - New best validation accuracy: 87.97 at epoch 7
2026-09-15 09:15:50.147 | INFO     | train:train_epoch:47 - Epoch 8, Step 0, Loss: 0.283614, Accuracy: 93.75%
2026-09-15 09:15:50.511 | INFO     | train:test_epoch:90 - Epoch 8, Val Loss: 0.315548, Val Accuracy: 87.97%
2026-09-15 09:15:50.654 | INFO     | train:train_epoch:47 - Epoch 9, Step 0, Loss: 0.374325, Accuracy: 93.75%
2026-09-15 09:15:51.011 | INFO     | train:test_epoch:90 - Epoch 9, Val Loss: 0.302979, Val Accuracy: 88.72%
2026-09-15 09:15:51.012 | INFO     | train:linear_probe:190 - New best validation accuracy: 88.72 at epoch 9
2026-09-15 09:15:51.144 | INFO     | train:train_epoch:47 - Epoch 10, Step 0, Loss: 0.311991, Accuracy: 96.88%
2026-09-15 09:15:51.524 | INFO     | train:test_epoch:90 - Epoch 10, Val Loss: 0.292411, Val Accuracy: 90.23%
2026-09-15 09:15:51.525 | INFO     | train:linear_probe:190 - New best validation accuracy: 90.23 at epoch 10
2026-09-15 09:15:51.661 | INFO     | train:train_epoch:47 - Epoch 11, Step 0, Loss: 0.303284, Accuracy: 90.62%
2026-09-15 09:15:52.015 | INFO     | train:test_epoch:90 - Epoch 11, Val Loss: 0.285061, Val Accuracy: 90.23%
2026-09-15 09:15:52.158 | INFO     | train:train_epoch:47 - Epoch 12, Step 0, Loss: 0.320669, Accuracy: 90.62%
2026-09-15 09:15:52.527 | INFO     | train:test_epoch:90 - Epoch 12, Val Loss: 0.285370, Val Accuracy: 89.47%
2026-09-15 09:15:52.646 | INFO     | train:train_epoch:47 - Epoch 13, Step 0, Loss: 0.364873, Accuracy: 84.38%
2026-09-15 09:15:53.141 | INFO     | train:test_epoch:90 - Epoch 13, Val Loss: 0.282643, Val Accuracy: 90.23%
2026-09-15 09:15:53.359 | INFO     | train:train_epoch:47 - Epoch 14, Step 0, Loss: 0.239025, Accuracy: 96.88%
2026-09-15 09:15:53.946 | INFO     | train:test_epoch:90 - Epoch 14, Val Loss: 0.281528, Val Accuracy: 90.23%
2026-09-15 09:15:54.160 | INFO     | train:train_epoch:47 - Epoch 15, Step 0, Loss: 0.264493, Accuracy: 93.75%
2026-09-15 09:15:54.720 | INFO     | train:test_epoch:90 - Epoch 15, Val Loss: 0.280032, Val Accuracy: 90.23%
2026-09-15 09:15:54.985 | INFO     | train:train_epoch:47 - Epoch 16, Step 0, Loss: 0.276256, Accuracy: 96.88%
2026-09-15 09:15:55.546 | INFO     | train:test_epoch:90 - Epoch 16, Val Loss: 0.279891, Val Accuracy: 89.47%
2026-09-15 09:15:55.763 | INFO     | train:train_epoch:47 - Epoch 17, Step 0, Loss: 0.437866, Accuracy: 84.38%
2026-09-15 09:15:56.402 | INFO     | train:test_epoch:90 - Epoch 17, Val Loss: 0.278562, Val Accuracy: 89.47%
2026-09-15 09:15:56.555 | INFO     | train:train_epoch:47 - Epoch 18, Step 0, Loss: 0.206105, Accuracy: 96.88%
2026-09-15 09:15:56.931 | INFO     | train:test_epoch:90 - Epoch 18, Val Loss: 0.276304, Val Accuracy: 90.98%
2026-09-15 09:15:56.932 | INFO     | train:linear_probe:190 - New best validation accuracy: 90.98 at epoch 18
2026-09-15 09:15:57.082 | INFO     | train:train_epoch:47 - Epoch 19, Step 0, Loss: 0.240653, Accuracy: 93.75%
2026-09-15 09:15:57.435 | INFO     | train:test_epoch:90 - Epoch 19, Val Loss: 0.276793, Val Accuracy: 89.47%
2026-09-15 09:15:57.576 | INFO     | train:train_epoch:47 - Epoch 20, Step 0, Loss: 0.250805, Accuracy: 93.75%
2026-09-15 09:15:57.961 | INFO     | train:test_epoch:90 - Epoch 20, Val Loss: 0.273848, Val Accuracy: 90.98%
2026-09-15 09:15:57.962 | INFO     | __main__:main:134 - Best validation accuracy for beta 0.99: 90.98%
2026-09-15 09:15:57.963 | INFO     | __main__:main:123 - Testing CT with beta: 1.00
2026-09-15 09:15:57.979 | INFO     | __main__:main:129 - Number of trainable parameters: 1539
2026-09-15 09:15:57.979 | INFO     | __main__:main:130 - Starting transfer learning...
2026-09-15 09:16:05.230 | INFO     | train:train_epoch:47 - Epoch 1, Step 0, Loss: nan, Accuracy: 25.00%
2026-09-15 09:16:05.588 | INFO     | train:test_epoch:90 - Epoch 1, Val Loss: nan, Val Accuracy: 33.08%
2026-09-15 09:16:05.589 | INFO     | train:linear_probe:190 - New best validation accuracy: 33.08 at epoch 1
2026-09-15 09:16:05.729 | INFO     | train:train_epoch:47 - Epoch 2, Step 0, Loss: nan, Accuracy: 43.75%
2026-09-15 09:16:06.069 | INFO     | train:test_epoch:90 - Epoch 2, Val Loss: nan, Val Accuracy: 33.08%
2026-09-15 09:16:06.209 | INFO     | train:train_epoch:47 - Epoch 3, Step 0, Loss: nan, Accuracy: 25.00%
2026-09-15 09:16:06.740 | INFO     | train:test_epoch:90 - Epoch 3, Val Loss: nan, Val Accuracy: 33.08%
2026-09-15 09:16:06.971 | INFO     | train:train_epoch:47 - Epoch 4, Step 0, Loss: nan, Accuracy: 40.62%
2026-09-15 09:16:07.548 | INFO     | train:test_epoch:90 - Epoch 4, Val Loss: nan, Val Accuracy: 33.08%
2026-09-15 09:16:07.761 | INFO     | train:train_epoch:47 - Epoch 5, Step 0, Loss: nan, Accuracy: 43.75%
2026-09-15 09:16:08.326 | INFO     | train:test_epoch:90 - Epoch 5, Val Loss: nan, Val Accuracy: 33.08%
2026-09-15 09:16:08.556 | INFO     | train:train_epoch:47 - Epoch 6, Step 0, Loss: nan, Accuracy: 37.50%
2026-09-15 09:16:09.106 | INFO     | train:test_epoch:90 - Epoch 6, Val Loss: nan, Val Accuracy: 33.08%
2026-09-15 09:16:09.303 | INFO     | train:train_epoch:47 - Epoch 7, Step 0, Loss: nan, Accuracy: 43.75%
2026-09-15 09:16:09.818 | INFO     | train:test_epoch:90 - Epoch 7, Val Loss: nan, Val Accuracy: 33.08%
2026-09-15 09:16:09.967 | INFO     | train:train_epoch:47 - Epoch 8, Step 0, Loss: nan, Accuracy: 34.38%
2026-09-15 09:16:10.325 | INFO     | train:test_epoch:90 - Epoch 8, Val Loss: nan, Val Accuracy: 33.08%
2026-09-15 09:16:10.464 | INFO     | train:train_epoch:47 - Epoch 9, Step 0, Loss: nan, Accuracy: 43.75%
2026-09-15 09:16:10.834 | INFO     | train:test_epoch:90 - Epoch 9, Val Loss: nan, Val Accuracy: 33.08%
2026-09-15 09:16:10.977 | INFO     | train:train_epoch:47 - Epoch 10, Step 0, Loss: nan, Accuracy: 31.25%
2026-09-15 09:16:11.326 | INFO     | train:test_epoch:90 - Epoch 10, Val Loss: nan, Val Accuracy: 33.08%
2026-09-15 09:16:11.463 | INFO     | train:train_epoch:47 - Epoch 11, Step 0, Loss: nan, Accuracy: 28.12%
2026-09-15 09:16:11.821 | INFO     | train:test_epoch:90 - Epoch 11, Val Loss: nan, Val Accuracy: 33.08%
2026-09-15 09:16:11.963 | INFO     | train:train_epoch:47 - Epoch 12, Step 0, Loss: nan, Accuracy: 37.50%
2026-09-15 09:16:12.318 | INFO     | train:test_epoch:90 - Epoch 12, Val Loss: nan, Val Accuracy: 33.08%
2026-09-15 09:16:12.452 | INFO     | train:train_epoch:47 - Epoch 13, Step 0, Loss: nan, Accuracy: 34.38%
2026-09-15 09:16:12.833 | INFO     | train:test_epoch:90 - Epoch 13, Val Loss: nan, Val Accuracy: 33.08%
2026-09-15 09:16:12.976 | INFO     | train:train_epoch:47 - Epoch 14, Step 0, Loss: nan, Accuracy: 25.00%
2026-09-15 09:16:13.329 | INFO     | train:test_epoch:90 - Epoch 14, Val Loss: nan, Val Accuracy: 33.08%
2026-09-15 09:16:13.464 | INFO     | train:train_epoch:47 - Epoch 15, Step 0, Loss: nan, Accuracy: 21.88%
2026-09-15 09:16:13.839 | INFO     | train:test_epoch:90 - Epoch 15, Val Loss: nan, Val Accuracy: 33.08%
2026-09-15 09:16:13.979 | INFO     | train:train_epoch:47 - Epoch 16, Step 0, Loss: nan, Accuracy: 43.75%
2026-09-15 09:16:14.334 | INFO     | train:test_epoch:90 - Epoch 16, Val Loss: nan, Val Accuracy: 33.08%
2026-09-15 09:16:14.475 | INFO     | train:train_epoch:47 - Epoch 17, Step 0, Loss: nan, Accuracy: 25.00%
2026-09-15 09:16:14.842 | INFO     | train:test_epoch:90 - Epoch 17, Val Loss: nan, Val Accuracy: 33.08%
2026-09-15 09:16:14.986 | INFO     | train:train_epoch:47 - Epoch 18, Step 0, Loss: nan, Accuracy: 37.50%
2026-09-15 09:16:15.352 | INFO     | train:test_epoch:90 - Epoch 18, Val Loss: nan, Val Accuracy: 33.08%
2026-09-15 09:16:15.495 | INFO     | train:train_epoch:47 - Epoch 19, Step 0, Loss: nan, Accuracy: 28.12%
2026-09-15 09:16:15.889 | INFO     | train:test_epoch:90 - Epoch 19, Val Loss: nan, Val Accuracy: 33.08%
2026-09-15 09:16:16.038 | INFO     | train:train_epoch:47 - Epoch 20, Step 0, Loss: nan, Accuracy: 46.88%
2026-09-15 09:16:16.393 | INFO     | train:test_epoch:90 - Epoch 20, Val Loss: nan, Val Accuracy: 33.08%
2026-09-15 09:16:16.394 | INFO     | __main__:main:134 - Best validation accuracy for beta 1.00: 33.08%
2026-09-15 09:16:16.394 | INFO     | __main__:main:143 - Best beta: 0.77, Best validation accuracy: 97.74%
2026-09-15 09:16:16.395 | INFO     | __main__:main:145 - Testing the best model...
2026-09-15 09:16:17.647 | INFO     | train:test_epoch:100 - Loss: 0.282381, Accuracy: 90.62%
2026-09-15 09:16:17.647 | INFO     | __main__:main:147 - Test accuracy: 90.62%
2026-09-15 09:16:17.707 | INFO     | __main__:main:152 - CT model saved to ./ckpts/ct_imagenet_to_beans_resnet18_seed43.pth
2026-09-15 09:16:17.708 | INFO     | __main__:main:157 - Baseline Accuracy: 91.41%
2026-09-15 09:16:17.708 | INFO     | __main__:main:158 - CT Accuracy: 90.62%
2026-09-15 09:16:17.708 | INFO     | __main__:main:159 - Relative accuracy improvement over baseline: -0.85%
2026-09-15 09:16:17.708 | INFO     | __main__:main:160 - CT Best beta: 0.77, Best validation accuracy: 97.74%
2026-09-15 09:16:17.709 | INFO     | __main__:main:171 - Results saved to ./results/
